{
	"name": "ArtFTPArchiveRecent",
	"properties": {
		"linkedServiceName": {
			"referenceName": "ArtFTPArchive",
			"type": "LinkedServiceReference"
		},
		"folder": {
			"name": "MagNET"
		},
		"annotations": [],
		"type": "FileShare",
		"typeProperties": {
			"format": {
				"type": "TextFormat",
				"columnDelimiter": ",",
				"rowDelimiter": "",
				"quoteChar": "\"",
				"nullValue": "\\N",
				"encodingName": null,
				"treatEmptyAsNull": true,
				"skipLineCount": 0,
				"firstRowAsHeader": true
			},
			"compression": {
				"type": "ZipDeflate"
			},
			"fileName": "",
			"folderPath": "",
			"modifiedDatetimeStart": {
				"value": "@adddays(utcnow(), -4)",
				"type": "Expression"
			}
		}
	},
	"type": "Microsoft.DataFactory/factories/datasets"
}