{
	"name": "ArtFTPArchiveFootfallDAILY",
	"properties": {
		"linkedServiceName": {
			"referenceName": "ArtFTPArchive",
			"type": "LinkedServiceReference"
		},
		"folder": {
			"name": "MagNET"
		},
		"annotations": [],
		"type": "FileShare",
		"structure": [
			{
				"name": "CENTRE",
				"type": "String"
			},
			{
				"name": "TYPE",
				"type": "String"
			},
			{
				"name": "DESCR",
				"type": "String"
			},
			{
				"name": "COUNTER",
				"type": "String"
			},
			{
				"name": "COUNTER_ID",
				"type": "String"
			},
			{
				"name": "DATETIME",
				"type": "String"
			},
			{
				"name": "INCOUNT",
				"type": "String"
			},
			{
				"name": "OUTCOUNT",
				"type": "String"
			},
			{
				"name": "FILEXT",
				"type": "String"
			},
			{
				"name": "DATACOL",
				"type": "String"
			}
		],
		"typeProperties": {
			"format": {
				"type": "TextFormat",
				"columnDelimiter": ",",
				"rowDelimiter": "",
				"quoteChar": "\"",
				"nullValue": "\\N",
				"encodingName": null,
				"treatEmptyAsNull": true,
				"skipLineCount": 0,
				"firstRowAsHeader": true
			},
			"compression": {
				"type": "ZipDeflate"
			},
			"fileName": "footfall_151015_002003.zip",
			"folderPath": ""
		}
	},
	"type": "Microsoft.DataFactory/factories/datasets"
}