{
	"name": "ArtFTPArchiveLeases",
	"properties": {
		"linkedServiceName": {
			"referenceName": "ArtFTPArchive",
			"type": "LinkedServiceReference"
		},
		"parameters": {
			"name": {
				"type": "String",
				"defaultValue": "@{item().name} "
			}
		},
		"folder": {
			"name": "MagNET"
		},
		"annotations": [],
		"type": "FileShare",
		"structure": [
			{
				"name": "CENTRE",
				"type": "String"
			},
			{
				"name": "PHASE",
				"type": "String"
			},
			{
				"name": "TENANT",
				"type": "String"
			},
			{
				"name": "TENANTID",
				"type": "String"
			},
			{
				"name": "LEASEID",
				"type": "String"
			},
			{
				"name": "MGLEASEID",
				"type": "String"
			},
			{
				"name": "UNITID",
				"type": "String"
			},
			{
				"name": "UNITREF",
				"type": "String"
			},
			{
				"name": "STARTDATE",
				"type": "String"
			},
			{
				"name": "ENDDATE",
				"type": "String"
			}
		],
		"typeProperties": {
			"format": {
				"type": "TextFormat",
				"columnDelimiter": ",",
				"rowDelimiter": "",
				"quoteChar": "\"",
				"nullValue": "\\N",
				"encodingName": null,
				"treatEmptyAsNull": true,
				"skipLineCount": 0,
				"firstRowAsHeader": true
			},
			"compression": {
				"type": "ZipDeflate"
			},
			"fileName": {
				"value": "@dataset().name",
				"type": "Expression"
			},
			"folderPath": ""
		}
	},
	"type": "Microsoft.DataFactory/factories/datasets"
}