{
	"name": "ArtFTPArchiveRecentFOOTFALL",
	"properties": {
		"linkedServiceName": {
			"referenceName": "ArtFTPArchive",
			"type": "LinkedServiceReference"
		},
		"folder": {
			"name": "MagNET"
		},
		"annotations": [],
		"type": "FileShare",
		"typeProperties": {
			"format": {
				"type": "TextFormat",
				"columnDelimiter": ",",
				"rowDelimiter": "",
				"quoteChar": "\"",
				"nullValue": "\\N",
				"encodingName": null,
				"treatEmptyAsNull": true,
				"skipLineCount": 0,
				"firstRowAsHeader": true
			},
			"compression": {
				"type": "ZipDeflate"
			},
			"fileName": "",
			"folderPath": "Footfall",
			"modifiedDatetimeStart": "2016-10-01T00:01:00Z",
			"modifiedDatetimeEnd": "2017-01-01T00:01:00Z"
		}
	},
	"type": "Microsoft.DataFactory/factories/datasets"
}