{
	"name": "AzureBlob1",
	"properties": {
		"linkedServiceName": {
			"referenceName": "dataplatformstoragearea",
			"type": "LinkedServiceReference"
		},
		"folder": {
			"name": "iAuditor"
		},
		"annotations": [],
		"type": "AzureBlob",
		"structure": [
			{
				"name": "template_id",
				"type": "String"
			},
			{
				"name": "audit_id",
				"type": "String"
			},
			{
				"name": "archived",
				"type": "Boolean"
			},
			{
				"name": "created_at",
				"type": "String"
			},
			{
				"name": "modified_at",
				"type": "String"
			},
			{
				"name": "audit_data.score",
				"type": "Int64"
			},
			{
				"name": "audit_data.total_score",
				"type": "Int64"
			},
			{
				"name": "audit_data.score_percentage",
				"type": "Double"
			},
			{
				"name": "audit_data.name",
				"type": "String"
			},
			{
				"name": "audit_data.duration",
				"type": "Int64"
			},
			{
				"name": "audit_data.date_completed",
				"type": "String"
			},
			{
				"name": "audit_data.date_modified",
				"type": "String"
			},
			{
				"name": "audit_data.date_started",
				"type": "String"
			},
			{
				"name": "audit_data.authorship.device_id",
				"type": "String"
			},
			{
				"name": "audit_data.authorship.owner",
				"type": "String"
			},
			{
				"name": "audit_data.authorship.owner_id",
				"type": "String"
			},
			{
				"name": "audit_data.authorship.author",
				"type": "String"
			},
			{
				"name": "audit_data.authorship.author_id",
				"type": "String"
			},
			{
				"name": "template_data.authorship.device_id",
				"type": "String"
			},
			{
				"name": "template_data.authorship.owner",
				"type": "String"
			},
			{
				"name": "template_data.authorship.owner_id",
				"type": "String"
			},
			{
				"name": "template_data.authorship.author",
				"type": "String"
			},
			{
				"name": "template_data.authorship.author_id",
				"type": "String"
			},
			{
				"name": "template_data.metadata.description",
				"type": "String"
			},
			{
				"name": "template_data.metadata.name",
				"type": "String"
			},
			{
				"name": "item_id",
				"type": "String"
			},
			{
				"name": "label",
				"type": "String"
			},
			{
				"name": "type",
				"type": "String"
			},
			{
				"name": "scoring",
				"type": "String"
			},
			{
				"name": "children",
				"type": "String"
			},
			{
				"name": "parent_id",
				"type": "String"
			},
			{
				"name": "options",
				"type": "String"
			},
			{
				"name": "responses",
				"type": "String"
			},
			{
				"name": "media",
				"type": "String"
			}
		],
		"typeProperties": {
			"format": {
				"type": "JsonFormat",
				"filePattern": "setOfObjects",
				"jsonNodeReference": "$.['items']",
				"jsonPathDefinition": {
					"template_id": "$.['template_id']",
					"audit_id": "$.['audit_id']",
					"archived": "$.['archived']",
					"created_at": "$.['created_at']",
					"modified_at": "$.['modified_at']",
					"audit_data.score": "$.['audit_data']['score']",
					"audit_data.total_score": "$.['audit_data']['total_score']",
					"audit_data.score_percentage": "$.['audit_data']['score_percentage']",
					"audit_data.name": "$.['audit_data']['name']",
					"audit_data.duration": "$.['audit_data']['duration']",
					"audit_data.date_completed": "$.['audit_data']['date_completed']",
					"audit_data.date_modified": "$.['audit_data']['date_modified']",
					"audit_data.date_started": "$.['audit_data']['date_started']",
					"audit_data.authorship.device_id": "$.['audit_data']['authorship']['device_id']",
					"audit_data.authorship.owner": "$.['audit_data']['authorship']['owner']",
					"audit_data.authorship.owner_id": "$.['audit_data']['authorship']['owner_id']",
					"audit_data.authorship.author": "$.['audit_data']['authorship']['author']",
					"audit_data.authorship.author_id": "$.['audit_data']['authorship']['author_id']",
					"template_data.authorship.device_id": "$.['template_data']['authorship']['device_id']",
					"template_data.authorship.owner": "$.['template_data']['authorship']['owner']",
					"template_data.authorship.owner_id": "$.['template_data']['authorship']['owner_id']",
					"template_data.authorship.author": "$.['template_data']['authorship']['author']",
					"template_data.authorship.author_id": "$.['template_data']['authorship']['author_id']",
					"template_data.metadata.description": "$.['template_data']['metadata']['description']",
					"template_data.metadata.name": "$.['template_data']['metadata']['name']",
					"item_id": "['item_id']",
					"label": "['label']",
					"type": "['type']",
					"scoring": "['scoring']",
					"children": "['children']",
					"parent_id": "['parent_id']",
					"options": "['options']",
					"responses": "['responses']",
					"media": "['media']"
				}
			},
			"fileName": "*",
			"folderPath": "iauditor"
		}
	},
	"type": "Microsoft.DataFactory/factories/datasets"
}