{
	"name": "AzureSqlDWTable8",
	"properties": {
		"linkedServiceName": {
			"referenceName": "SQLDataWarehouseDev",
			"type": "LinkedServiceReference"
		},
		"folder": {
			"name": "iAuditor"
		},
		"annotations": [],
		"type": "AzureSqlDWTable",
		"schema": [
			{
				"name": "Template_id",
				"type": "varchar"
			},
			{
				"name": "audit_id",
				"type": "varchar"
			},
			{
				"name": "archived",
				"type": "varchar"
			},
			{
				"name": "created_at",
				"type": "datetime",
				"precision": 23,
				"scale": 3
			},
			{
				"name": "modified_at",
				"type": "datetime",
				"precision": 23,
				"scale": 3
			},
			{
				"name": "audit_data_score",
				"type": "varchar"
			},
			{
				"name": "audit_data_total_score",
				"type": "varchar"
			},
			{
				"name": "audit_data_score_percentage",
				"type": "varchar"
			},
			{
				"name": "audit_data_name",
				"type": "varchar"
			},
			{
				"name": "audit_data_duration",
				"type": "varchar"
			},
			{
				"name": "audit_data.date_completed",
				"type": "datetime",
				"precision": 23,
				"scale": 3
			},
			{
				"name": "audit_data.date_modified",
				"type": "datetime",
				"precision": 23,
				"scale": 3
			},
			{
				"name": "audit_data.date_started",
				"type": "datetime",
				"precision": 23,
				"scale": 3
			},
			{
				"name": "audit_data.authorship.device_id",
				"type": "varchar"
			},
			{
				"name": "audit_data.authorship.owner",
				"type": "varchar"
			},
			{
				"name": "audit_data.authorship.owner_id",
				"type": "varchar"
			},
			{
				"name": "audit_data.authorship.author",
				"type": "varchar"
			},
			{
				"name": "audit_data.authorship.author_id",
				"type": "varchar"
			},
			{
				"name": "template_data.authorship.device_id",
				"type": "varchar"
			},
			{
				"name": "template_data.authorship.owner",
				"type": "varchar"
			},
			{
				"name": "template_data.authorship.owner_id",
				"type": "varchar"
			},
			{
				"name": "template_data.authorship.author",
				"type": "varchar"
			},
			{
				"name": "template_data.authorship.author_id",
				"type": "varchar"
			},
			{
				"name": "template_data.metadata.description",
				"type": "varchar"
			},
			{
				"name": "template_data.metadata.name",
				"type": "varchar"
			},
			{
				"name": "response_set",
				"type": "varchar"
			},
			{
				"name": "header_items.parent_id",
				"type": "varchar"
			},
			{
				"name": "header_items.item_id",
				"type": "varchar"
			},
			{
				"name": "header_items.label",
				"type": "varchar"
			},
			{
				"name": "header_items.type",
				"type": "varchar"
			},
			{
				"name": "header_items.options",
				"type": "varchar"
			},
			{
				"name": "header_items.children",
				"type": "varchar"
			},
			{
				"name": "header_items.responses",
				"type": "varchar"
			},
			{
				"name": "items.parent_id",
				"type": "varchar"
			},
			{
				"name": "items.item_id",
				"type": "varchar"
			},
			{
				"name": "items.label",
				"type": "varchar"
			},
			{
				"name": "items.type",
				"type": "varchar"
			},
			{
				"name": "items.scoring",
				"type": "varchar"
			},
			{
				"name": "items.options",
				"type": "varchar"
			},
			{
				"name": "items.responses",
				"type": "varchar"
			},
			{
				"name": "items.children",
				"type": "varchar"
			}
		],
		"typeProperties": {
			"schema": "dbo",
			"table": "iAuditorTest"
		}
	},
	"type": "Microsoft.DataFactory/factories/datasets"
}