{
	"name": "AzureSqlDWTable9",
	"properties": {
		"linkedServiceName": {
			"referenceName": "SQLDataWarehouseDev",
			"type": "LinkedServiceReference"
		},
		"folder": {
			"name": "iAuditor"
		},
		"annotations": [],
		"type": "AzureSqlDWTable",
		"schema": [
			{
				"name": "item_id",
				"type": "varchar"
			},
			{
				"name": "label",
				"type": "nvarchar"
			},
			{
				"name": "type",
				"type": "nvarchar"
			},
			{
				"name": "scoring",
				"type": "nvarchar"
			},
			{
				"name": "Children",
				"type": "nvarchar"
			},
			{
				"name": "parent_id",
				"type": "nvarchar"
			},
			{
				"name": "options",
				"type": "nvarchar"
			},
			{
				"name": "responses",
				"type": "nvarchar"
			}
		],
		"typeProperties": {
			"schema": "dbo",
			"table": "iAuditorheaders"
		}
	},
	"type": "Microsoft.DataFactory/factories/datasets"
}