{
	"name": "AzureMapsAPIGetRequest",
	"properties": {
		"linkedServiceName": {
			"referenceName": "AzureMapsAPI",
			"type": "LinkedServiceReference"
		},
		"parameters": {
			"relative_url": {
				"type": "String",
				"defaultValue": "@{item().relative_url} "
			}
		},
		"folder": {
			"name": "Timezones"
		},
		"annotations": [],
		"type": "RestResource",
		"typeProperties": {
			"relativeUrl": {
				"value": "@dataset().relative_url",
				"type": "Expression"
			},
			"requestMethod": "GET"
		}
	},
	"type": "Microsoft.DataFactory/factories/datasets"
}