{
	"name": "AzureSqlDWTable3",
	"properties": {
		"linkedServiceName": {
			"referenceName": "SQLDataWarehouseDev",
			"type": "LinkedServiceReference"
		},
		"folder": {
			"name": "Test"
		},
		"annotations": [],
		"type": "AzureSqlDWTable",
		"schema": [
			{
				"name": "Company",
				"type": "varchar"
			},
			{
				"name": "AdditionalCompanyName",
				"type": "nvarchar"
			},
			{
				"name": "TourReference",
				"type": "nvarchar"
			},
			{
				"name": "BOOKERNAME",
				"type": "nvarchar"
			},
			{
				"name": "TOURLEADERNAME",
				"type": "nvarchar"
			},
			{
				"name": "CENTREVISIT",
				"type": "nvarchar"
			},
			{
				"name": "DATEOFVISIT",
				"type": "nvarchar"
			},
			{
				"name": "Month",
				"type": "nvarchar"
			},
			{
				"name": "MonthNum",
				"type": "int",
				"precision": 10
			},
			{
				"name": "Year",
				"type": "int",
				"precision": 10
			},
			{
				"name": "TIMEOFVISIT",
				"type": "nvarchar"
			},
			{
				"name": "WINDOW",
				"type": "nvarchar"
			},
			{
				"name": "PAX",
				"type": "int",
				"precision": 10
			},
			{
				"name": "DATEADDED",
				"type": "nvarchar"
			},
			{
				"name": "COMMENTS",
				"type": "nvarchar"
			},
			{
				"name": "Nationality",
				"type": "nvarchar"
			},
			{
				"name": "fgnMarketID",
				"type": "int",
				"precision": 10
			},
			{
				"name": "Investigating",
				"type": "nvarchar"
			},
			{
				"name": "NoShowCancellation",
				"type": "nvarchar"
			},
			{
				"name": "G2DONOTPAY",
				"type": "nvarchar"
			},
			{
				"name": "LastUpdated",
				"type": "nvarchar"
			},
			{
				"name": "Incentive",
				"type": "nvarchar"
			},
			{
				"name": "JMATracker",
				"type": "nvarchar"
			}
		],
		"typeProperties": {
			"schema": "dbo",
			"table": "test1"
		}
	},
	"type": "Microsoft.DataFactory/factories/datasets"
}