{
	"name": "AzureSqlDWTable7",
	"properties": {
		"linkedServiceName": {
			"referenceName": "SQLDataWarehouseDev",
			"type": "LinkedServiceReference"
		},
		"folder": {
			"name": "Test"
		},
		"annotations": [],
		"type": "AzureSqlDWTable",
		"schema": [
			{
				"name": "audit_id",
				"type": "nvarchar"
			},
			{
				"name": "modified_at",
				"type": "datetime",
				"precision": 23,
				"scale": 3
			}
		],
		"typeProperties": {
			"schema": "dbo",
			"table": "test3"
		}
	},
	"type": "Microsoft.DataFactory/factories/datasets"
}