{
	"name": "AzureSqlDWTable12",
	"properties": {
		"linkedServiceName": {
			"referenceName": "SQLDataWarehouse",
			"type": "LinkedServiceReference"
		},
		"folder": {
			"name": "iAuditor"
		},
		"annotations": [],
		"type": "AzureSqlDWTable",
		"schema": [
			{
				"name": "Template_id",
				"type": "varchar"
			},
			{
				"name": "audit_id",
				"type": "varchar"
			},
			{
				"name": "archived",
				"type": "varchar"
			},
			{
				"name": "created_at",
				"type": "datetime",
				"precision": 23,
				"scale": 3
			},
			{
				"name": "modified_at",
				"type": "datetime",
				"precision": 23,
				"scale": 3
			},
			{
				"name": "audit_data_score",
				"type": "varchar"
			},
			{
				"name": "audit_data_total_score",
				"type": "varchar"
			},
			{
				"name": "audit_data_score_percentage",
				"type": "varchar"
			},
			{
				"name": "audit_data_name",
				"type": "varchar"
			},
			{
				"name": "audit_data_duration",
				"type": "varchar"
			},
			{
				"name": "audit_data.date_completed",
				"type": "datetime",
				"precision": 23,
				"scale": 3
			},
			{
				"name": "audit_data.date_modified",
				"type": "datetime",
				"precision": 23,
				"scale": 3
			},
			{
				"name": "audit_data.date_started",
				"type": "datetime",
				"precision": 23,
				"scale": 3
			},
			{
				"name": "audit_data.authorship.device_id",
				"type": "varchar"
			},
			{
				"name": "audit_data.authorship.owner",
				"type": "varchar"
			},
			{
				"name": "audit_data.authorship.owner_id",
				"type": "varchar"
			},
			{
				"name": "audit_data.authorship.author",
				"type": "varchar"
			},
			{
				"name": "audit_data.authorship.author_id",
				"type": "varchar"
			},
			{
				"name": "template_data.authorship.device_id",
				"type": "varchar"
			},
			{
				"name": "template_data.authorship.owner",
				"type": "varchar"
			},
			{
				"name": "template_data.authorship.owner_id",
				"type": "varchar"
			},
			{
				"name": "template_data.authorship.author",
				"type": "varchar"
			},
			{
				"name": "template_data.authorship.author_id",
				"type": "varchar"
			},
			{
				"name": "template_data.metadata.description",
				"type": "varchar"
			},
			{
				"name": "template_data.metadata.name",
				"type": "varchar"
			},
			{
				"name": "item_id",
				"type": "nvarchar"
			},
			{
				"name": "label",
				"type": "nvarchar"
			},
			{
				"name": "type",
				"type": "nvarchar"
			},
			{
				"name": "scoring",
				"type": "nvarchar"
			},
			{
				"name": "parent_id",
				"type": "nvarchar"
			},
			{
				"name": "options",
				"type": "nvarchar"
			},
			{
				"name": "responses",
				"type": "nvarchar"
			}
		],
		"typeProperties": {
			"schema": "dbo",
			"table": "iAuditor_items"
		}
	},
	"type": "Microsoft.DataFactory/factories/datasets"
}