{
	"name": "AzureSqlDWTable2",
	"properties": {
		"linkedServiceName": {
			"referenceName": "SQLDataWarehouseDev",
			"type": "LinkedServiceReference"
		},
		"folder": {
			"name": "Test"
		},
		"annotations": [],
		"type": "AzureSqlDWTable",
		"schema": [
			{
				"name": "name",
				"type": "varchar"
			},
			{
				"name": "m1",
				"type": "varchar"
			},
			{
				"name": "m2",
				"type": "varchar"
			},
			{
				"name": "m3",
				"type": "varchar"
			},
			{
				"name": "m4",
				"type": "varchar"
			},
			{
				"name": "m5",
				"type": "varchar"
			},
			{
				"name": "m6",
				"type": "varchar"
			},
			{
				"name": "m7",
				"type": "varchar"
			},
			{
				"name": "m8",
				"type": "varchar"
			},
			{
				"name": "m9",
				"type": "varchar"
			},
			{
				"name": "m10",
				"type": "varchar"
			}
		],
		"typeProperties": {
			"schema": "dbo",
			"table": "test"
		}
	},
	"type": "Microsoft.DataFactory/factories/datasets"
}