{
	"name": "BlobStorageConiqOffers",
	"properties": {
		"linkedServiceName": {
			"referenceName": "dataplatformstoragearea",
			"type": "LinkedServiceReference"
		},
		"parameters": {
			"request_name": {
				"type": "String",
				"defaultValue": "@{dataset().request_name}"
			}
		},
		"folder": {
			"name": "Blob Storage"
		},
		"annotations": [],
		"type": "AzureBlob",
		"structure": [
			{
				"name": "id",
				"type": "Int64"
			},
			{
				"name": "title",
				"type": "String"
			},
			{
				"name": "offer_type",
				"type": "String"
			},
			{
				"name": "description",
				"type": "String"
			},
			{
				"name": "image_url",
				"type": "String"
			},
			{
				"name": "logo_url",
				"type": "String"
			},
			{
				"name": "website",
				"type": "String"
			},
			{
				"name": "start_date",
				"type": "String"
			},
			{
				"name": "expiry_date",
				"type": "String"
			},
			{
				"name": "valid_start_time",
				"type": "String"
			},
			{
				"name": "valid_end_time",
				"type": "String"
			},
			{
				"name": "staff_message",
				"type": "String"
			},
			{
				"name": "external_id",
				"type": "String"
			},
			{
				"name": "created_datetime_utc",
				"type": "String"
			},
			{
				"name": "modified_datetime_utc",
				"type": "String"
			}
		],
		"typeProperties": {
			"format": {
				"type": "JsonFormat",
				"filePattern": "setOfObjects",
				"jsonPathDefinition": {
					"id": "$.['id']",
					"title": "$.['title']",
					"offer_type": "$.['offer_type']",
					"description": "$.['description']",
					"image_url": "$.['image_url']",
					"logo_url": "$.['logo_url']",
					"website": "$.['website']",
					"start_date": "$.['start_date']",
					"expiry_date": "$.['expiry_date']",
					"valid_start_time": "$.['valid_start_time']",
					"valid_end_time": "$.['valid_end_time']",
					"staff_message": "$.['staff_message']",
					"external_id": "$.['external_id']",
					"created_datetime_utc": "$.['created_datetime_utc']",
					"modified_datetime_utc": "$.['modified_datetime_utc']"
				}
			},
			"compression": {
				"type": "BZip2",
				"level": "Optimal"
			},
			"fileName": "offers.bz2",
			"folderPath": "coniq"
		}
	},
	"type": "Microsoft.DataFactory/factories/datasets"
}