{
	"name": "BlobStorageUploadsMastercardSummOut",
	"properties": {
		"linkedServiceName": {
			"referenceName": "dataplatformstoragearea",
			"type": "LinkedServiceReference"
		},
		"folder": {
			"name": "Blob Storage"
		},
		"annotations": [],
		"type": "AzureBlob",
		"structure": [
			{
				"name": "key",
				"type": "String"
			},
			{
				"name": "location",
				"type": "String"
			},
			{
				"name": "set",
				"type": "String"
			},
			{
				"name": "period",
				"type": "String"
			},
			{
				"name": "spend",
				"type": "Decimal"
			},
			{
				"name": "growth_spend",
				"type": "Decimal"
			},
			{
				"name": "share_spend",
				"type": "Decimal"
			},
			{
				"name": "trx",
				"type": "Int32"
			},
			{
				"name": "growth_trx",
				"type": "Decimal"
			},
			{
				"name": "share_trx",
				"type": "Decimal"
			},
			{
				"name": "customers",
				"type": "Int32"
			},
			{
				"name": "growth_customers",
				"type": "Decimal"
			},
			{
				"name": "share_customers",
				"type": "Decimal"
			},
			{
				"name": "avg_custspend",
				"type": "Decimal"
			},
			{
				"name": "avg_trxfreq",
				"type": "Decimal"
			},
			{
				"name": "avg_ticket",
				"type": "Decimal"
			},
			{
				"name": "avg_visitfreq",
				"type": "Decimal"
			}
		],
		"typeProperties": {
			"format": {
				"type": "TextFormat",
				"columnDelimiter": ",",
				"quoteChar": "\"",
				"nullValue": "\\N",
				"encodingName": null,
				"treatEmptyAsNull": true,
				"skipLineCount": 0,
				"firstRowAsHeader": true
			},
			"fileName": "mastercard_summ_out.csv",
			"folderPath": "uploads"
		}
	},
	"type": "Microsoft.DataFactory/factories/datasets"
}