{
	"name": "BlobStorageConiqCustomers",
	"properties": {
		"linkedServiceName": {
			"referenceName": "dataplatformstoragearea",
			"type": "LinkedServiceReference"
		},
		"parameters": {
			"request_name": {
				"type": "String",
				"defaultValue": "@{dataset().request_name}"
			}
		},
		"folder": {
			"name": "Blob Storage"
		},
		"annotations": [],
		"type": "AzureBlob",
		"structure": [
			{
				"name": "id",
				"type": "Int64"
			},
			{
				"name": "title",
				"type": "String"
			},
			{
				"name": "first_name",
				"type": "String"
			},
			{
				"name": "last_name",
				"type": "String"
			},
			{
				"name": "email",
				"type": "String"
			},
			{
				"name": "phone_country_code",
				"type": "String"
			},
			{
				"name": "phone_number",
				"type": "String"
			},
			{
				"name": "address1",
				"type": "String"
			},
			{
				"name": "address2",
				"type": "String"
			},
			{
				"name": "city",
				"type": "String"
			},
			{
				"name": "county",
				"type": "String"
			},
			{
				"name": "postcode",
				"type": "String"
			},
			{
				"name": "company",
				"type": "String"
			},
			{
				"name": "country",
				"type": "String"
			},
			{
				"name": "date_of_birth",
				"type": "String"
			},
			{
				"name": "gender",
				"type": "String"
			},
			{
				"name": "external_id",
				"type": "String"
			},
			{
				"name": "allow_email",
				"type": "Boolean"
			},
			{
				"name": "allow_phone",
				"type": "Boolean"
			},
			{
				"name": "allow_post",
				"type": "Boolean"
			},
			{
				"name": "created_datetime_utc",
				"type": "String"
			},
			{
				"name": "modified_datetime_utc",
				"type": "String"
			},
			{
				"name": "preferred_language",
				"type": "String"
			}
		],
		"typeProperties": {
			"format": {
				"type": "JsonFormat",
				"filePattern": "setOfObjects",
				"jsonPathDefinition": {
					"id": "$.['id']",
					"title": "$.['title']",
					"first_name": "$.['first_name']",
					"last_name": "$.['last_name']",
					"email": "$.['email']",
					"phone_country_code": "$.['phone']['country_code']",
					"phone_number": "$.['phone']['number']",
					"address1": "$.['address1']",
					"address2": "$.['address2']",
					"city": "$.['city']",
					"county": "$.['county']",
					"postcode": "$.['postcode']",
					"company": "$.['company']",
					"country": "$.['country']",
					"date_of_birth": "$.['date_of_birth']",
					"gender": "$.['gender']",
					"external_id": "$.['external_id']",
					"allow_email": "$.['allow_email']",
					"allow_phone": "$.['allow_phone']",
					"allow_post": "$.['allow_post']",
					"created_datetime_utc": "$.['created_datetime_utc']",
					"modified_datetime_utc": "$.['modified_datetime_utc']",
					"preferred_language": "$.['preferred_language']"
				}
			},
			"compression": {
				"type": "BZip2",
				"level": "Optimal"
			},
			"fileName": "*",
			"folderPath": "coniq-customer"
		}
	},
	"type": "Microsoft.DataFactory/factories/datasets"
}