{
	"name": "BlobStorageSkyfiiProfiles",
	"properties": {
		"linkedServiceName": {
			"referenceName": "dataplatformstoragearea",
			"type": "LinkedServiceReference"
		},
		"folder": {
			"name": "Blob Storage"
		},
		"annotations": [],
		"type": "AzureBlob",
		"structure": [
			{
				"name": "address",
				"type": "String"
			},
			{
				"name": "country",
				"type": "String"
			},
			{
				"name": "created",
				"type": "Int64"
			},
			{
				"name": "creationApMac",
				"type": "String"
			},
			{
				"name": "creationApName",
				"type": "String"
			},
			{
				"name": "district",
				"type": "String"
			},
			{
				"name": "dobMax",
				"type": "String"
			},
			{
				"name": "dobMin",
				"type": "String"
			},
			{
				"name": "email",
				"type": "String"
			},
			{
				"name": "facebookId",
				"type": "String"
			},
			{
				"name": "firstName",
				"type": "String"
			},
			{
				"name": "gender",
				"type": "String"
			},
			{
				"name": "googleId",
				"type": "String"
			},
			{
				"name": "lastName",
				"type": "String"
			},
			{
				"name": "linkedinId",
				"type": "String"
			},
			{
				"name": "marketingOptIn",
				"type": "Boolean"
			},
			{
				"name": "modified",
				"type": "Int64"
			},
			{
				"name": "name",
				"type": "String"
			},
			{
				"name": "nationalId",
				"type": "String"
			},
			{
				"name": "networkId",
				"type": "Int64"
			},
			{
				"name": "phone",
				"type": "String"
			},
			{
				"name": "postcode",
				"type": "String"
			},
			{
				"name": "qqId",
				"type": "String"
			},
			{
				"name": "registrationStatus",
				"type": "String"
			},
			{
				"name": "relationship",
				"type": "String"
			},
			{
				"name": "skyfiiId",
				"type": "Int64"
			},
			{
				"name": "state",
				"type": "String"
			},
			{
				"name": "suburb",
				"type": "String"
			},
			{
				"name": "termsAcceptanceDate",
				"type": "Int64"
			},
			{
				"name": "termsAcceptanceVersion",
				"type": "Int32"
			},
			{
				"name": "twitterId",
				"type": "String"
			},
			{
				"name": "venueId",
				"type": "Int64"
			},
			{
				"name": "weiboId",
				"type": "String"
			}
		],
		"typeProperties": {
			"format": {
				"type": "JsonFormat",
				"filePattern": "setOfObjects",
				"jsonPathDefinition": {
					"address": "$.['address']",
					"country": "$.['country']",
					"created": "$.['created']",
					"creationApMac": "$.['creationApMac']",
					"creationApName": "$.['creationApName']",
					"district": "$.['district']",
					"dobMax": "$.['dobMax']",
					"dobMin": "$.['dobMin']",
					"email": "$.['email']",
					"facebookId": "$.['facebookId']",
					"firstName": "$.['firstName']",
					"gender": "$.['gender']",
					"googleId": "$.['googleId']",
					"lastName": "$.['lastName']",
					"linkedinId": "$.['linkedinId']",
					"marketingOptIn": "$.['marketingOptIn']",
					"modified": "$.['modified']",
					"name": "$.['name']",
					"nationalId": "$.['nationalId']",
					"networkId": "$.['networkId']",
					"phone": "$.['phone']",
					"postcode": "$.['postcode']",
					"qqId": "$.['qqId']",
					"registrationStatus": "$.['registrationStatus']",
					"relationship": "$.['relationship']",
					"skyfiiId": "$.['skyfiiId']",
					"state": "$.['state']",
					"suburb": "$.['suburb']",
					"termsAcceptanceDate": "$.['termsAcceptanceDate']",
					"termsAcceptanceVersion": "$.['termsAcceptanceVersion']",
					"twitterId": "$.['twitterId']",
					"venueId": "$.['venueId']",
					"weiboId": "$.['weiboId']"
				}
			},
			"compression": {
				"type": "BZip2",
				"level": "Optimal"
			},
			"fileName": "*",
			"folderPath": "skyfii-profile",
			"modifiedDatetimeStart": {
				"value": "@adddays(utcnow(), -7)",
				"type": "Expression"
			}
		}
	},
	"type": "Microsoft.DataFactory/factories/datasets"
}