{
	"name": "BlobStorageSkyfiiProfilesCustomAttributes",
	"properties": {
		"linkedServiceName": {
			"referenceName": "dataplatformstoragearea",
			"type": "LinkedServiceReference"
		},
		"folder": {
			"name": "Blob Storage"
		},
		"annotations": [],
		"type": "AzureBlob",
		"structure": [
			{
				"name": "skyfiiId",
				"type": "Int64"
			},
			{
				"name": "attribute_name",
				"type": "String"
			},
			{
				"name": "attribute_value",
				"type": "String"
			},
			{
				"name": "modified",
				"type": "Int64"
			}
		],
		"typeProperties": {
			"format": {
				"type": "JsonFormat",
				"filePattern": "setOfObjects",
				"jsonNodeReference": "$.['custom']",
				"jsonPathDefinition": {
					"skyfiiId": "$.['skyfiiId']",
					"attribute_name": "['key']",
					"attribute_value": "['value']",
					"modified": "$.['modified']"
				}
			},
			"compression": {
				"type": "BZip2",
				"level": "Optimal"
			},
			"fileName": "*",
			"folderPath": "skyfii-profile",
			"modifiedDatetimeStart": {
				"value": "@adddays(utcnow(), -7)",
				"type": "Expression"
			}
		}
	},
	"type": "Microsoft.DataFactory/factories/datasets"
}