{
	"name": "BlobStorageDarkSkyDaily2018",
	"properties": {
		"linkedServiceName": {
			"referenceName": "dataplatformstoragearea",
			"type": "LinkedServiceReference"
		},
		"folder": {
			"name": "Blob Storage"
		},
		"annotations": [],
		"type": "AzureBlob",
		"structure": [
			{
				"name": "apparentTemperatureHigh",
				"type": "String"
			},
			{
				"name": "apparentTemperatureHighTime",
				"type": "String"
			},
			{
				"name": "apparentTemperatureLow",
				"type": "String"
			},
			{
				"name": "apparentTemperatureLowTime",
				"type": "String"
			},
			{
				"name": "apparentTemperatureMax",
				"type": "String"
			},
			{
				"name": "apparentTemperatureMaxTime",
				"type": "String"
			},
			{
				"name": "apparentTemperatureMin",
				"type": "String"
			},
			{
				"name": "apparentTemperatureMinTime",
				"type": "String"
			},
			{
				"name": "cloudCover",
				"type": "String"
			},
			{
				"name": "dewPoint",
				"type": "String"
			},
			{
				"name": "humidity",
				"type": "String"
			},
			{
				"name": "latitude",
				"type": "String"
			},
			{
				"name": "longitude",
				"type": "String"
			},
			{
				"name": "moonPhase",
				"type": "String"
			},
			{
				"name": "offset",
				"type": "String"
			},
			{
				"name": "ozone",
				"type": "String"
			},
			{
				"name": "precipIntensity",
				"type": "String"
			},
			{
				"name": "precipIntensityMax",
				"type": "String"
			},
			{
				"name": "precipIntensityMaxTime",
				"type": "String"
			},
			{
				"name": "precipProbability",
				"type": "String"
			},
			{
				"name": "precipType",
				"type": "String"
			},
			{
				"name": "pressure",
				"type": "String"
			},
			{
				"name": "summary",
				"type": "String"
			},
			{
				"name": "sunriseTime",
				"type": "String"
			},
			{
				"name": "sunsetTime",
				"type": "String"
			},
			{
				"name": "temperatureHigh",
				"type": "String"
			},
			{
				"name": "temperatureHighTime",
				"type": "String"
			},
			{
				"name": "temperatureLow",
				"type": "String"
			},
			{
				"name": "temperatureLowTime",
				"type": "String"
			},
			{
				"name": "temperatureMax",
				"type": "String"
			},
			{
				"name": "temperatureMaxTime",
				"type": "String"
			},
			{
				"name": "temperatureMin",
				"type": "String"
			},
			{
				"name": "temperatureMinTime",
				"type": "String"
			},
			{
				"name": "time",
				"type": "String"
			},
			{
				"name": "uvIndex",
				"type": "String"
			},
			{
				"name": "uvIndexTime",
				"type": "String"
			},
			{
				"name": "visibility",
				"type": "String"
			},
			{
				"name": "windBearing",
				"type": "String"
			},
			{
				"name": "windGust",
				"type": "String"
			},
			{
				"name": "windGustTime",
				"type": "String"
			},
			{
				"name": "windSpeed",
				"type": "String"
			}
		],
		"typeProperties": {
			"format": {
				"type": "JsonFormat",
				"filePattern": "setOfObjects",
				"jsonNodeReference": "$.['daily']['data']",
				"jsonPathDefinition": {
					"apparentTemperatureHigh": "['apparentTemperatureHigh']",
					"apparentTemperatureHighTime": "['apparentTemperatureHighTime']",
					"apparentTemperatureLow": "['apparentTemperatureLow']",
					"apparentTemperatureLowTime": "['apparentTemperatureLowTime']",
					"apparentTemperatureMax": "['apparentTemperatureMax']",
					"apparentTemperatureMaxTime": "['apparentTemperatureMaxTime']",
					"apparentTemperatureMin": "['apparentTemperatureMin']",
					"apparentTemperatureMinTime": "['apparentTemperatureMinTime']",
					"cloudCover": "['cloudCover']",
					"dewPoint": "['dewPoint']",
					"humidity": "['humidity']",
					"latitude": "$.['latitude']",
					"longitude": "$.['longitude']",
					"moonPhase": "['moonPhase']",
					"offset": "$.['offset']",
					"ozone": "['ozone']",
					"precipIntensity": "['precipIntensity']",
					"precipIntensityMax": "['precipIntensityMax']",
					"precipIntensityMaxTime": "['precipIntensityMaxTime']",
					"precipProbability": "['precipProbability']",
					"precipType": "['precipType']",
					"pressure": "['pressure']",
					"summary": "['summary']",
					"sunriseTime": "['sunriseTime']",
					"sunsetTime": "['sunsetTime']",
					"temperatureHigh": "['temperatureHigh']",
					"temperatureHighTime": "['temperatureHighTime']",
					"temperatureLow": "['temperatureLow']",
					"temperatureLowTime": "['temperatureLowTime']",
					"temperatureMax": "['temperatureMax']",
					"temperatureMaxTime": "['temperatureMaxTime']",
					"temperatureMin": "['temperatureMin']",
					"temperatureMinTime": "['temperatureMinTime']",
					"time": "['time']",
					"uvIndex": "['uvIndex']",
					"uvIndexTime": "['uvIndexTime']",
					"visibility": "['visibility']",
					"windBearing": "['windBearing']",
					"windGust": "['windGust']",
					"windGustTime": "['windGustTime']",
					"windSpeed": "['windSpeed']"
				}
			},
			"compression": {
				"type": "BZip2",
				"level": "Optimal"
			},
			"fileName": "*",
			"folderPath": "dark-sky/201801**"
		}
	},
	"type": "Microsoft.DataFactory/factories/datasets"
}