{
	"name": "BlobStorageUploadsJMAsRawData",
	"properties": {
		"linkedServiceName": {
			"referenceName": "dataplatformstoragearea",
			"type": "LinkedServiceReference"
		},
		"folder": {
			"name": "Blob Storage"
		},
		"annotations": [],
		"type": "AzureBlob",
		"structure": [
			{
				"name": "Company",
				"type": "String"
			},
			{
				"name": "Additional Company Name",
				"type": "String"
			},
			{
				"name": "Tour Reference",
				"type": "String"
			},
			{
				"name": "BOOKER NAME",
				"type": "String"
			},
			{
				"name": "TOUR LEADER NAME",
				"type": "String"
			},
			{
				"name": "CENTRE VISIT",
				"type": "String"
			},
			{
				"name": "DATE OF VISIT",
				"type": "String"
			},
			{
				"name": "Month",
				"type": "String"
			},
			{
				"name": "Month Num",
				"type": "Int32"
			},
			{
				"name": "Year",
				"type": "Int32"
			},
			{
				"name": "TIME OF VISIT",
				"type": "String"
			},
			{
				"name": "WINDOW",
				"type": "String"
			},
			{
				"name": "PAX",
				"type": "Int32"
			},
			{
				"name": "DATE ADDED",
				"type": "String"
			},
			{
				"name": "COMMENTS",
				"type": "String"
			},
			{
				"name": "Nationality",
				"type": "String"
			},
			{
				"name": "fgnMarketID",
				"type": "Int32"
			},
			{
				"name": "Investigating",
				"type": "Boolean"
			},
			{
				"name": "No Show/Cancellation",
				"type": "Boolean"
			},
			{
				"name": "G2 DO NOT PAY",
				"type": "Boolean"
			},
			{
				"name": "LastUpdated",
				"type": "String"
			},
			{
				"name": "Incentive",
				"type": "Boolean"
			},
			{
				"name": "JMA Tracker",
				"type": "Boolean"
			}
		],
		"typeProperties": {
			"format": {
				"type": "TextFormat",
				"columnDelimiter": ",",
				"quoteChar": "\"",
				"nullValue": "\\N",
				"encodingName": null,
				"treatEmptyAsNull": true,
				"skipLineCount": 0,
				"firstRowAsHeader": true
			},
			"fileName": "JMAs Raw Data.csv",
			"folderPath": "uploads"
		}
	},
	"type": "Microsoft.DataFactory/factories/datasets"
}