{
	"name": "BlobStorageConiqLocationGroups",
	"properties": {
		"linkedServiceName": {
			"referenceName": "dataplatformstoragearea",
			"type": "LinkedServiceReference"
		},
		"parameters": {
			"request_name": {
				"type": "String",
				"defaultValue": "@{dataset().request_name}"
			}
		},
		"folder": {
			"name": "Blob Storage"
		},
		"annotations": [],
		"type": "AzureBlob",
		"structure": [
			{
				"name": "id",
				"type": "Int32"
			},
			{
				"name": "name",
				"type": "String"
			},
			{
				"name": "type",
				"type": "String"
			},
			{
				"name": "key",
				"type": "String"
			}
		],
		"typeProperties": {
			"format": {
				"type": "JsonFormat",
				"filePattern": "setOfObjects",
				"jsonPathDefinition": {
					"id": "$.['id']",
					"name": "$.['name']",
					"type": "$.['type']",
					"key": "$.['key']"
				}
			},
			"compression": {
				"type": "BZip2",
				"level": "Optimal"
			},
			"fileName": "locationgroups.bz2",
			"folderPath": "coniq"
		}
	},
	"type": "Microsoft.DataFactory/factories/datasets"
}