{
	"name": "BlobStorage_Investment_Projects_Key_Indicators",
	"properties": {
		"linkedServiceName": {
			"referenceName": "dataplatformstoragearea",
			"type": "LinkedServiceReference"
		},
		"folder": {
			"name": "uploads"
		},
		"annotations": [],
		"type": "AzureBlob",
		"structure": [
			{
				"name": "Property name",
				"type": "String"
			},
			{
				"name": "Year end",
				"type": "String"
			},
			{
				"name": "Area (sqm)",
				"type": "Int32"
			},
			{
				"name": "Budgeted footfall",
				"type": "Int32"
			},
			{
				"name": "Budgeted sales",
				"type": "Int32"
			},
			{
				"name": "Density (�psm)",
				"type": "Int16"
			},
			{
				"name": "Annualised rent",
				"type": "Int32"
			},
			{
				"name": "Rent (�psm)",
				"type": "Int16"
			},
			{
				"name": "Average Occupancy Cost\n(% of Sales)",
				"type": "Decimal"
			},
			{
				"name": "Budgeted Net Operating Profit ",
				"type": "Int32"
			}
		],
		"typeProperties": {
			"format": {
				"type": "TextFormat",
				"columnDelimiter": ",",
				"quoteChar": "\"",
				"nullValue": "\\N",
				"encodingName": null,
				"treatEmptyAsNull": true,
				"skipLineCount": 0,
				"firstRowAsHeader": true
			},
			"fileName": "Investment Projects Key Indicators.csv",
			"folderPath": "uploads"
		}
	},
	"type": "Microsoft.DataFactory/factories/datasets"
}