{
	"name": "BlobStorageDarkSkyOutput",
	"properties": {
		"linkedServiceName": {
			"referenceName": "dataplatformstoragearea",
			"type": "LinkedServiceReference"
		},
		"parameters": {
			"location_id": {
				"type": "String",
				"defaultValue": "@{item().location_id}"
			},
			"yyyymmdd": {
				"type": "String",
				"defaultValue": "@{item().yyyymmdd}"
			}
		},
		"folder": {
			"name": "Blob Storage"
		},
		"annotations": [],
		"type": "AzureBlob",
		"typeProperties": {
			"format": {
				"type": "JsonFormat",
				"filePattern": "setOfObjects"
			},
			"compression": {
				"type": "BZip2",
				"level": "Optimal"
			},
			"fileName": {
				"value": "@concat(dataset().yyyymmdd,'_',dataset().location_id,'.bz2')",
				"type": "Expression"
			},
			"folderPath": {
				"value": "dark-sky/@{dataset().yyyymmdd}",
				"type": "Expression"
			}
		}
	},
	"type": "Microsoft.DataFactory/factories/datasets"
}