{
	"name": "BlobStorageConiqCustomersByDateOutput",
	"properties": {
		"linkedServiceName": {
			"referenceName": "dataplatformstoragearea",
			"type": "LinkedServiceReference"
		},
		"parameters": {
			"request_name": {
				"type": "String",
				"defaultValue": "@{dataset().request_name}"
			},
			"storage_name": {
				"type": "String",
				"defaultValue": "@{dataset().request_name}"
			}
		},
		"folder": {
			"name": "Blob Storage"
		},
		"annotations": [],
		"type": "AzureBlob",
		"typeProperties": {
			"format": {
				"type": "JsonFormat",
				"filePattern": "setOfObjects"
			},
			"compression": {
				"type": "BZip2",
				"level": "Optimal"
			},
			"fileName": {
				"value": "@concat(dataset().storage_name,'.bz2')",
				"type": "Expression"
			},
			"folderPath": "coniq-customer-by-date"
		}
	},
	"type": "Microsoft.DataFactory/factories/datasets"
}