{
	"name": "BlobStorageMRILEASOutput",
	"properties": {
		"linkedServiceName": {
			"referenceName": "dataplatformstoragearea",
			"type": "LinkedServiceReference"
		},
		"folder": {
			"name": "Blob Storage"
		},
		"annotations": [],
		"type": "AzureBlob",
		"typeProperties": {
			"format": {
				"type": "TextFormat",
				"columnDelimiter": "|",
				"rowDelimiter": "",
				"quoteChar": "\"",
				"nullValue": "\\N",
				"treatEmptyAsNull": true,
				"skipLineCount": 0,
				"firstRowAsHeader": true
			},
			"compression": {
				"type": "BZip2",
				"level": "Optimal"
			},
			"fileName": "LEAS.bz2",
			"folderPath": "mri"
		}
	},
	"type": "Microsoft.DataFactory/factories/datasets"
}