{
	"name": "BlobStorageConiqCustomerSources",
	"properties": {
		"linkedServiceName": {
			"referenceName": "dataplatformstoragearea",
			"type": "LinkedServiceReference"
		},
		"parameters": {
			"request_name": {
				"type": "String",
				"defaultValue": "@{dataset().request_name}"
			}
		},
		"folder": {
			"name": "Blob Storage"
		},
		"annotations": [],
		"type": "AzureBlob",
		"structure": [
			{
				"name": "coniq_customer_id",
				"type": "Int32"
			},
			{
				"name": "signup",
				"type": "String"
			},
			{
				"name": "source_date",
				"type": "String"
			},
			{
				"name": "reference",
				"type": "String"
			},
			{
				"name": "channel",
				"type": "String"
			}
		],
		"typeProperties": {
			"format": {
				"type": "JsonFormat",
				"filePattern": "setOfObjects",
				"jsonNodeReference": "$.['sources']",
				"jsonPathDefinition": {
					"coniq_customer_id": "$.['id']",
					"signup": "['signup']",
					"source_date": "['source_date']",
					"reference": "['reference']",
					"channel": "['channel']"
				}
			},
			"compression": {
				"type": "BZip2",
				"level": "Optimal"
			},
			"fileName": "*",
			"folderPath": "coniq-customer"
		}
	},
	"type": "Microsoft.DataFactory/factories/datasets"
}