{
	"name": "BlobStorageMRILEAS",
	"properties": {
		"linkedServiceName": {
			"referenceName": "dataplatformstoragearea",
			"type": "LinkedServiceReference"
		},
		"folder": {
			"name": "Blob Storage"
		},
		"annotations": [],
		"type": "AzureBlob",
		"structure": [
			{
				"name": "BLDGID",
				"type": "String"
			},
			{
				"name": "LEASID",
				"type": "String"
			},
			{
				"name": "SUITID",
				"type": "String"
			},
			{
				"name": "OCCPNAME",
				"type": "String"
			},
			{
				"name": "DBA",
				"type": "String"
			},
			{
				"name": "CONTNAME",
				"type": "String"
			},
			{
				"name": "PHONENO1",
				"type": "String"
			},
			{
				"name": "PHONENO2",
				"type": "String"
			},
			{
				"name": "NAME",
				"type": "String"
			},
			{
				"name": "ADDRESS",
				"type": "String"
			},
			{
				"name": "ADDRESS2",
				"type": "String"
			},
			{
				"name": "CITY",
				"type": "String"
			},
			{
				"name": "STATE",
				"type": "String"
			},
			{
				"name": "ZIPCODE",
				"type": "String"
			},
			{
				"name": "ATTENT",
				"type": "String"
			},
			{
				"name": "TENTID",
				"type": "String"
			},
			{
				"name": "TTYPID",
				"type": "String"
			},
			{
				"name": "OCCPSTAT",
				"type": "String"
			},
			{
				"name": "EXECDATE",
				"type": "String"
			},
			{
				"name": "RENTSTRT",
				"type": "String"
			},
			{
				"name": "OCCUPNCY",
				"type": "String"
			},
			{
				"name": "BEGINDATE",
				"type": "String"
			},
			{
				"name": "EXPIR",
				"type": "String"
			},
			{
				"name": "VACATE",
				"type": "String"
			},
			{
				"name": "CANCDATE",
				"type": "String"
			},
			{
				"name": "PRTSTAT",
				"type": "String"
			},
			{
				"name": "PERMITCR",
				"type": "String"
			},
			{
				"name": "LEASSTOP",
				"type": "String"
			},
			{
				"name": "DAYDUE",
				"type": "String"
			},
			{
				"name": "LATECALC",
				"type": "String"
			},
			{
				"name": "LATEFLAT",
				"type": "String"
			},
			{
				"name": "LATERATE",
				"type": "String"
			},
			{
				"name": "INTRATE",
				"type": "String"
			},
			{
				"name": "MAXLATE",
				"type": "String"
			},
			{
				"name": "NUMLATE",
				"type": "String"
			},
			{
				"name": "NCDEP",
				"type": "String"
			},
			{
				"name": "MGMTRATE",
				"type": "String"
			},
			{
				"name": "DELQOPT",
				"type": "String"
			},
			{
				"name": "DELQDAY",
				"type": "String"
			},
			{
				"name": "INTSTART",
				"type": "String"
			},
			{
				"name": "LASTINT",
				"type": "String"
			},
			{
				"name": "LASTDATE",
				"type": "String"
			},
			{
				"name": "USERID",
				"type": "String"
			},
			{
				"name": "ADDRID",
				"type": "String"
			},
			{
				"name": "EXCL5YR",
				"type": "String"
			},
			{
				"name": "BANKID",
				"type": "String"
			},
			{
				"name": "VENDID",
				"type": "String"
			},
			{
				"name": "ALLOWAMT",
				"type": "String"
			},
			{
				"name": "PROFILE",
				"type": "String"
			},
			{
				"name": "COUNTY",
				"type": "String"
			},
			{
				"name": "STORECAT",
				"type": "String"
			},
			{
				"name": "TENTCAT",
				"type": "String"
			},
			{
				"name": "STYPID",
				"type": "String"
			},
			{
				"name": "YEAREND",
				"type": "String"
			},
			{
				"name": "PRVYREND",
				"type": "String"
			},
			{
				"name": "PRVY2END",
				"type": "String"
			},
			{
				"name": "SALESTRT",
				"type": "String"
			},
			{
				"name": "SALEEND",
				"type": "String"
			},
			{
				"name": "REPFREQ",
				"type": "String"
			},
			{
				"name": "REQRPTY",
				"type": "String"
			},
			{
				"name": "REQADJ",
				"type": "String"
			},
			{
				"name": "PCTGBASE",
				"type": "String"
			},
			{
				"name": "ESTLEVEL",
				"type": "String"
			},
			{
				"name": "ESTMETH",
				"type": "String"
			},
			{
				"name": "LASTEST",
				"type": "String"
			},
			{
				"name": "NATURAL",
				"type": "String"
			},
			{
				"name": "NINCCAT1",
				"type": "String"
			},
			{
				"name": "NINCCAT2",
				"type": "String"
			},
			{
				"name": "NINCCAT3",
				"type": "String"
			},
			{
				"name": "RPTYPRI1",
				"type": "String"
			},
			{
				"name": "RPTYPRI2",
				"type": "String"
			},
			{
				"name": "RPTYPRI3",
				"type": "String"
			},
			{
				"name": "RPTYPRI4",
				"type": "String"
			},
			{
				"name": "RPTYPRI5",
				"type": "String"
			},
			{
				"name": "NUMCOPY",
				"type": "String"
			},
			{
				"name": "SICCODE",
				"type": "String"
			},
			{
				"name": "CHAINID",
				"type": "String"
			},
			{
				"name": "MOCCPID",
				"type": "String"
			},
			{
				"name": "GENERATION",
				"type": "String"
			},
			{
				"name": "GENCODE",
				"type": "String"
			},
			{
				"name": "ADDLSPACE",
				"type": "String"
			},
			{
				"name": "STOPBILLDATE",
				"type": "String"
			},
			{
				"name": "LITIGATION",
				"type": "String"
			},
			{
				"name": "RENEWAL",
				"type": "String"
			},
			{
				"name": "PRIMARYCHGS",
				"type": "String"
			},
			{
				"name": "INSEXP",
				"type": "String"
			},
			{
				"name": "TICOST",
				"type": "String"
			},
			{
				"name": "COMMCOST",
				"type": "String"
			},
			{
				"name": "DRAWER",
				"type": "String"
			},
			{
				"name": "FININST",
				"type": "String"
			},
			{
				"name": "BRANCH",
				"type": "String"
			},
			{
				"name": "HEADLEAS",
				"type": "String"
			},
			{
				"name": "PRORATE",
				"type": "String"
			},
			{
				"name": "CURRCODE",
				"type": "String"
			},
			{
				"name": "CROSSCURYN",
				"type": "String"
			},
			{
				"name": "BALDUEME",
				"type": "String"
			},
			{
				"name": "LEGALNM2",
				"type": "String"
			},
			{
				"name": "LEASETRM",
				"type": "String"
			},
			{
				"name": "LEASDAYS",
				"type": "String"
			},
			{
				"name": "RENTREVW",
				"type": "String"
			},
			{
				"name": "INITRENT",
				"type": "String"
			},
			{
				"name": "CURRRENT",
				"type": "String"
			},
			{
				"name": "STRTDATE",
				"type": "String"
			},
			{
				"name": "ESTRENTV",
				"type": "String"
			},
			{
				"name": "ERVDATE",
				"type": "String"
			},
			{
				"name": "PAYTYPE",
				"type": "String"
			},
			{
				"name": "VALNAMNT",
				"type": "String"
			},
			{
				"name": "VALNDATE",
				"type": "String"
			},
			{
				"name": "M_OPTIONS",
				"type": "String"
			},
			{
				"name": "DEEDSDOC",
				"type": "String"
			},
			{
				"name": "SECDEPOP",
				"type": "String"
			},
			{
				"name": "ASSIGNMT",
				"type": "String"
			},
			{
				"name": "GUARANTR",
				"type": "String"
			},
			{
				"name": "DAYSLEAS",
				"type": "String"
			},
			{
				"name": "BREACH",
				"type": "String"
			},
			{
				"name": "UPRDONLY",
				"type": "String"
			},
			{
				"name": "MINNOTCE",
				"type": "String"
			},
			{
				"name": "MAXNOTCE",
				"type": "String"
			},
			{
				"name": "COUNTNTC",
				"type": "String"
			},
			{
				"name": "INTONRVW",
				"type": "String"
			},
			{
				"name": "INTRVWRT",
				"type": "String"
			},
			{
				"name": "INTBASIS",
				"type": "String"
			},
			{
				"name": "TIMEESS",
				"type": "String"
			},
			{
				"name": "THIRDPTY",
				"type": "String"
			},
			{
				"name": "REVSECDP",
				"type": "String"
			},
			{
				"name": "REVBASIS",
				"type": "String"
			},
			{
				"name": "REVWDATE",
				"type": "String"
			},
			{
				"name": "INTREDEC",
				"type": "String"
			},
			{
				"name": "EXTREDEC",
				"type": "String"
			},
			{
				"name": "INTYRBY",
				"type": "String"
			},
			{
				"name": "EXTYRBY",
				"type": "String"
			},
			{
				"name": "INTFINYR",
				"type": "String"
			},
			{
				"name": "EXTFINYR",
				"type": "String"
			},
			{
				"name": "INTLAST",
				"type": "String"
			},
			{
				"name": "EXTLAST",
				"type": "String"
			},
			{
				"name": "LEASTYPE",
				"type": "String"
			},
			{
				"name": "TNTRATNG",
				"type": "String"
			},
			{
				"name": "LATERAT2",
				"type": "String"
			},
			{
				"name": "LATEMIN",
				"type": "String"
			},
			{
				"name": "LATEMULT",
				"type": "String"
			},
			{
				"name": "LLRDTCON",
				"type": "String"
			},
			{
				"name": "LEASCVNT",
				"type": "String"
			},
			{
				"name": "RENTAPP",
				"type": "String"
			},
			{
				"name": "GUARNAME",
				"type": "String"
			},
			{
				"name": "BMGCLASS",
				"type": "String"
			},
			{
				"name": "LEASAGRE",
				"type": "String"
			},
			{
				"name": "UNITOPEN",
				"type": "String"
			},
			{
				"name": "COVNTSTR",
				"type": "String"
			},
			{
				"name": "PERCVAT",
				"type": "String"
			},
			{
				"name": "APPLYCUM",
				"type": "String"
			},
			{
				"name": "BMGUPLIFT1",
				"type": "String"
			},
			{
				"name": "BMGUPLIFT2",
				"type": "String"
			},
			{
				"name": "BMGUPLIFT3",
				"type": "String"
			},
			{
				"name": "BMGUPLIFT4",
				"type": "String"
			},
			{
				"name": "BMGUDATE1",
				"type": "String"
			},
			{
				"name": "BMGUDATE2",
				"type": "String"
			},
			{
				"name": "BMGUDATE3",
				"type": "String"
			},
			{
				"name": "BMGUDATE4",
				"type": "String"
			},
			{
				"name": "BMGSTF",
				"type": "String"
			},
			{
				"name": "BMGBILLPERIOD",
				"type": "String"
			},
			{
				"name": "BMGUPBREAKS",
				"type": "String"
			},
			{
				"name": "BMGDTSAVE",
				"type": "String"
			},
			{
				"name": "BMGANNICHECK",
				"type": "String"
			},
			{
				"name": "BMGCURRCHECK",
				"type": "String"
			},
			{
				"name": "BMGYEAREND",
				"type": "String"
			},
			{
				"name": "BMGMANUAL",
				"type": "String"
			},
			{
				"name": "BALBFWD",
				"type": "String"
			},
			{
				"name": "DATEBFWD",
				"type": "String"
			},
			{
				"name": "BMGADDPD",
				"type": "String"
			},
			{
				"name": "BMGALLOWUP",
				"type": "String"
			},
			{
				"name": "LTFEEDAYS",
				"type": "String"
			},
			{
				"name": "LTFCAMT",
				"type": "String"
			},
			{
				"name": "CAPCONT",
				"type": "String"
			},
			{
				"name": "BMGSPECPSF",
				"type": "String"
			},
			{
				"name": "EXPSTOP",
				"type": "String"
			},
			{
				"name": "DEPARTMENT",
				"type": "String"
			},
			{
				"name": "SHOPFIT",
				"type": "String"
			},
			{
				"name": "ACCOUNTID",
				"type": "String"
			},
			{
				"name": "BILL445",
				"type": "String"
			},
			{
				"name": "MGUPSPEC",
				"type": "String"
			},
			{
				"name": "NAICSCODE",
				"type": "String"
			},
			{
				"name": "RECALC",
				"type": "String"
			},
			{
				"name": "CLOSESTAT",
				"type": "String"
			},
			{
				"name": "BANKACCTNAME",
				"type": "String"
			},
			{
				"name": "EMAILBILL",
				"type": "String"
			},
			{
				"name": "PREPAYTAXTERM",
				"type": "String"
			},
			{
				"name": "ATTACHID",
				"type": "String"
			},
			{
				"name": "UNITSTAT",
				"type": "String"
			},
			{
				"name": "H_TCAT",
				"type": "String"
			},
			{
				"name": "BILLADDR1",
				"type": "String"
			},
			{
				"name": "BILLADDR2",
				"type": "String"
			},
			{
				"name": "BILLADDR3",
				"type": "String"
			},
			{
				"name": "BILLCOUNTY",
				"type": "String"
			},
			{
				"name": "BILLCOUNTRY",
				"type": "String"
			},
			{
				"name": "BILLZIPCODE",
				"type": "String"
			},
			{
				"name": "BILLCONT",
				"type": "String"
			},
			{
				"name": "TENTAX",
				"type": "String"
			},
			{
				"name": "ADDRESS3",
				"type": "String"
			},
			{
				"name": "COUNTRY",
				"type": "String"
			},
			{
				"name": "BILLCITY",
				"type": "String"
			},
			{
				"name": "DUEDATE",
				"type": "String"
			},
			{
				"name": "TAXEXEMPT",
				"type": "String"
			},
			{
				"name": "AUTOEXCEPTION",
				"type": "String"
			},
			{
				"name": "FASBEXCEPTION",
				"type": "String"
			},
			{
				"name": "FASBSTART",
				"type": "String"
			},
			{
				"name": "FASBSTOP",
				"type": "String"
			},
			{
				"name": "PERCENTRENT",
				"type": "String"
			},
			{
				"name": "ORIGEXPIR",
				"type": "String"
			},
			{
				"name": "AFTERFACT",
				"type": "String"
			},
			{
				"name": "CNTYCODE",
				"type": "String"
			},
			{
				"name": "REGION",
				"type": "String"
			},
			{
				"name": "SUBREGION",
				"type": "String"
			},
			{
				"name": "VATREG",
				"type": "String"
			},
			{
				"name": "CODAFISC",
				"type": "String"
			},
			{
				"name": "ADMINRCHG",
				"type": "String"
			},
			{
				"name": "BRANDID",
				"type": "String"
			},
			{
				"name": "BMGUPLIFTBYRPI",
				"type": "String"
			},
			{
				"name": "STRPIBASE",
				"type": "String"
			},
			{
				"name": "STRPITO",
				"type": "String"
			},
			{
				"name": "ISTATPER",
				"type": "String"
			},
			{
				"name": "BMGRATCHETPLUSRPI",
				"type": "String"
			},
			{
				"name": "BMGISTATPER",
				"type": "String"
			},
			{
				"name": "CLIENTDESC",
				"type": "String"
			},
			{
				"name": "CLIENTTAX",
				"type": "String"
			},
			{
				"name": "KPO",
				"type": "String"
			},
			{
				"name": "IIT_DD",
				"type": "String"
			},
			{
				"name": "TENTBANKCODE",
				"type": "String"
			},
			{
				"name": "SWIFT",
				"type": "String"
			},
			{
				"name": "INCCAT_RYE",
				"type": "String"
			},
			{
				"name": "INCCAT2",
				"type": "String"
			},
			{
				"name": "BANKADDR1",
				"type": "String"
			},
			{
				"name": "BANKADDR2",
				"type": "String"
			},
			{
				"name": "BANKCITY",
				"type": "String"
			},
			{
				"name": "BANKZIP",
				"type": "String"
			},
			{
				"name": "INCCATL",
				"type": "String"
			},
			{
				"name": "RRESTRIC",
				"type": "String"
			},
			{
				"name": "MDISC",
				"type": "String"
			},
			{
				"name": "Dep",
				"type": "String"
			},
			{
				"name": "IBAN",
				"type": "String"
			},
			{
				"name": "MANDATE_NO",
				"type": "String"
			},
			{
				"name": "MANDATE_DATE",
				"type": "String"
			},
			{
				"name": "ADVANCEBILL",
				"type": "String"
			},
			{
				"name": "BANKNAME",
				"type": "String"
			},
			{
				"name": "B2BTenant",
				"type": "String"
			},
			{
				"name": "DDSEQTP",
				"type": "String"
			},
			{
				"name": "VOIDTENTANALYSIS",
				"type": "String"
			},
			{
				"name": "EMAILBILL2",
				"type": "String"
			},
			{
				"name": "DONOTSENDEC",
				"type": "String"
			},
			{
				"name": "DONOTSENDREMINDER",
				"type": "String"
			},
			{
				"name": "MGAU_PLEDG",
				"type": "String"
			},
			{
				"name": "ABATRAN",
				"type": "String"
			},
			{
				"name": "ABABANK",
				"type": "String"
			},
			{
				"name": "PSTARSCUSTOMER",
				"type": "String"
			},
			{
				"name": "GNTEE1",
				"type": "String"
			},
			{
				"name": "GNTEE2",
				"type": "String"
			},
			{
				"name": "GNTEE3",
				"type": "String"
			},
			{
				"name": "GNTEE4",
				"type": "String"
			},
			{
				"name": "CALENDARTYPE",
				"type": "String"
			},
			{
				"name": "BILLCALCTYPE",
				"type": "String"
			},
			{
				"name": "TRUEUPFREQ",
				"type": "String"
			},
			{
				"name": "RERUNWCALC",
				"type": "String"
			},
			{
				"name": "RERUNWCALCYE",
				"type": "String"
			},
			{
				"name": "APPORTION",
				"type": "String"
			},
			{
				"name": "INTERESTPER",
				"type": "String"
			},
			{
				"name": "INTERESTDEL",
				"type": "String"
			},
			{
				"name": "INTERESTCALC",
				"type": "String"
			},
			{
				"name": "INTERESTFROM",
				"type": "String"
			},
			{
				"name": "GNEXPIRE",
				"type": "String"
			},
			{
				"name": "GNREVOLVE",
				"type": "String"
			},
			{
				"name": "CODICEDEST",
				"type": "String"
			},
			{
				"name": "PECDEST",
				"type": "String"
			},
			{
				"name": "BILLADDNUM",
				"type": "String"
			},
			{
				"name": "BILLCITYCODE",
				"type": "String"
			},
			{
				"name": "CITYCODE",
				"type": "String"
			}
		],
		"typeProperties": {
			"format": {
				"type": "TextFormat",
				"columnDelimiter": "|",
				"rowDelimiter": "",
				"quoteChar": "\"",
				"nullValue": "\\N",
				"encodingName": null,
				"treatEmptyAsNull": true,
				"skipLineCount": 0,
				"firstRowAsHeader": true
			},
			"compression": {
				"type": "BZip2",
				"level": "Optimal"
			},
			"fileName": "LEAS.bz2",
			"folderPath": "mri"
		}
	},
	"type": "Microsoft.DataFactory/factories/datasets"
}