{
	"name": "BlobStorageAzureMapsDaily",
	"properties": {
		"linkedServiceName": {
			"referenceName": "dataplatformstoragearea",
			"type": "LinkedServiceReference"
		},
		"folder": {
			"name": "Blob Storage"
		},
		"annotations": [],
		"type": "AzureBlob",
		"structure": [
			{
				"name": "UtcStart",
				"type": "String"
			}
		],
		"typeProperties": {
			"format": {
				"type": "JsonFormat",
				"filePattern": "setOfObjects",
				"jsonNodeReference": "$.['TimeZones']",
				"jsonPathDefinition": {
					"Version": "$.['Version']",
					"ReferenceUtcTimestamp": "$.['ReferenceUtcTimestamp']",
					"TimeZones": "$.['TimeZones']",
					"Id": "['Id']",
					"Countries": "['Countries']",
					"ISO6391LanguageCode": "['Names']['ISO6391LanguageCode']",
					"Generic": "['Names']['Generic']",
					"Standard": "['Names']['Standard']",
					"Daylight": "['Names']['Daylight']",
					"Tag": "['ReferenceTime']['Tag']",
					"StandardOffset": "['ReferenceTime']['StandardOffset']",
					"DaylightSavings": "['ReferenceTime']['DaylightSavings']",
					"WallTime": "['ReferenceTime']['WallTime']",
					"PosixTzValidYear": "['ReferenceTime']['PosixTzValidYear']",
					"PosixTz": "['ReferenceTime']['PosixTz']",
					"Sunrise": "['ReferenceTime']['Sunrise']",
					"Sunset": "['ReferenceTime']['Sunset']",
					"Latitude": "['RepresentativePoint']['Latitude']",
					"Longitude": "['RepresentativePoint']['Longitude']",
					"TimeTransitions": "['TimeTransitions']"
				}
			},
			"compression": {
				"type": "BZip2",
				"level": "Optimal"
			},
			"fileName": "20160101_1.bz2",
			"folderPath": "azure-maps"
		}
	},
	"type": "Microsoft.DataFactory/factories/datasets"
}