{
	"name": "BlobStorage445Calendar",
	"properties": {
		"linkedServiceName": {
			"referenceName": "dataplatformstoragearea",
			"type": "LinkedServiceReference"
		},
		"folder": {
			"name": "Blob Storage"
		},
		"annotations": [],
		"type": "AzureBlob",
		"structure": [
			{
				"name": "_date",
				"type": "String"
			},
			{
				"name": "445_DYE_DaysInMonth",
				"type": "String"
			},
			{
				"name": "445_DYE_DaysInQuarter",
				"type": "String"
			},
			{
				"name": "445_DYE_DaysInYear",
				"type": "String"
			},
			{
				"name": "445_DYE_Year",
				"type": "String"
			},
			{
				"name": "445_DYE_Week_Nr",
				"type": "String"
			},
			{
				"name": "445_DYE_Week_Desc",
				"type": "String"
			},
			{
				"name": "445_DYE_Quarter_Nr",
				"type": "String"
			},
			{
				"name": "445_DYE_Quarter_Desc",
				"type": "String"
			},
			{
				"name": "445_Month_Nr",
				"type": "String"
			},
			{
				"name": "445_Month_Desc",
				"type": "String"
			},
			{
				"name": "445_MYE_DaysInMonth",
				"type": "String"
			},
			{
				"name": "445_MYE_DaysInQuarter",
				"type": "String"
			},
			{
				"name": "445_MYE_DaysInYear",
				"type": "String"
			},
			{
				"name": "445_MYE_Year",
				"type": "String"
			},
			{
				"name": "445_MYE_Week_Nr",
				"type": "String"
			},
			{
				"name": "445_MYE_Week_Desc",
				"type": "String"
			},
			{
				"name": "445_MYE_Quarter_Nr",
				"type": "String"
			},
			{
				"name": "445_MYE_Quarter_Desc",
				"type": "String"
			}
		],
		"typeProperties": {
			"format": {
				"type": "TextFormat",
				"columnDelimiter": ",",
				"quoteChar": "\"",
				"nullValue": "\\N",
				"encodingName": null,
				"treatEmptyAsNull": true,
				"skipLineCount": 0,
				"firstRowAsHeader": true
			},
			"fileName": "445Calendar_20191127.csv",
			"folderPath": "uploads"
		}
	},
	"type": "Microsoft.DataFactory/factories/datasets"
}