{
	"name": "BlobStorageSkyFiiSpaceUnit",
	"properties": {
		"linkedServiceName": {
			"referenceName": "dataplatformstoragearea",
			"type": "LinkedServiceReference"
		},
		"folder": {
			"name": "Blob Storage"
		},
		"annotations": [],
		"type": "AzureBlob",
		"structure": [
			{
				"name": "skyfii_space_id",
				"type": "String"
			},
			{
				"name": "magnet_unit_id",
				"type": "String"
			}
		],
		"typeProperties": {
			"format": {
				"type": "TextFormat",
				"columnDelimiter": "\t",
				"quoteChar": "\"",
				"nullValue": "\\N",
				"encodingName": null,
				"treatEmptyAsNull": true,
				"skipLineCount": 0,
				"firstRowAsHeader": true
			},
			"fileName": "wifi_skyfii_space_unit.txt",
			"folderPath": "skyfii-space-unit"
		}
	},
	"type": "Microsoft.DataFactory/factories/datasets"
}