{
	"name": "BlobStorageConiqLocationOpeningPeriods",
	"properties": {
		"linkedServiceName": {
			"referenceName": "dataplatformstoragearea",
			"type": "LinkedServiceReference"
		},
		"parameters": {
			"request_name": {
				"type": "String",
				"defaultValue": "@{dataset().request_name}"
			}
		},
		"folder": {
			"name": "Blob Storage"
		},
		"annotations": [],
		"type": "AzureBlob",
		"structure": [
			{
				"name": "location_id",
				"type": "Int32"
			},
			{
				"name": "day_index",
				"type": "Int16"
			},
			{
				"name": "opens",
				"type": "String"
			},
			{
				"name": "closes",
				"type": "String"
			}
		],
		"typeProperties": {
			"format": {
				"type": "JsonFormat",
				"filePattern": "setOfObjects",
				"jsonNodeReference": "$.['opening_periods']",
				"jsonPathDefinition": {
					"location_id": "$.['id']",
					"day_index": "['day_index']",
					"opens": "['open']",
					"closes": "['close']"
				}
			},
			"compression": {
				"type": "BZip2",
				"level": "Optimal"
			},
			"fileName": "locations.bz2",
			"folderPath": "coniq"
		}
	},
	"type": "Microsoft.DataFactory/factories/datasets"
}