{
	"name": "BlobStorageConiqBarcodes",
	"properties": {
		"linkedServiceName": {
			"referenceName": "dataplatformstoragearea",
			"type": "LinkedServiceReference"
		},
		"parameters": {
			"request_name": {
				"type": "String",
				"defaultValue": "@{dataset().request_name}"
			}
		},
		"folder": {
			"name": "Blob Storage"
		},
		"annotations": [],
		"type": "AzureBlob",
		"structure": [
			{
				"name": "barcode_number",
				"type": "String"
			},
			{
				"name": "offer_id",
				"type": "Int32"
			},
			{
				"name": "customer_id",
				"type": "Int32"
			},
			{
				"name": "channel",
				"type": "String"
			},
			{
				"name": "tracking_code",
				"type": "String"
			},
			{
				"name": "image_url",
				"type": "String"
			},
			{
				"name": "active",
				"type": "Boolean"
			},
			{
				"name": "expiry_date",
				"type": "String"
			},
			{
				"name": "created_datetime_utc",
				"type": "String"
			}
		],
		"typeProperties": {
			"format": {
				"type": "JsonFormat",
				"filePattern": "setOfObjects",
				"jsonPathDefinition": {
					"barcode_number": "$.['barcode_number']",
					"offer_id": "$.['offer_id']",
					"customer_id": "$.['customer_id']",
					"channel": "$.['channel']",
					"tracking_code": "$.['tracking_code']",
					"image_url": "$.['image_url']",
					"active": "$.['active']",
					"expiry_date": "$.['expiry_date']",
					"created_datetime_utc": "$.['created_datetime_utc']"
				}
			},
			"compression": {
				"type": "BZip2",
				"level": "Optimal"
			},
			"fileName": "*",
			"folderPath": "coniq-barcode"
		}
	},
	"type": "Microsoft.DataFactory/factories/datasets"
}