{
	"name": "BlobStorageGoogleAnalyticsDailySummary",
	"properties": {
		"linkedServiceName": {
			"referenceName": "dataplatformstoragearea",
			"type": "LinkedServiceReference"
		},
		"folder": {
			"name": "Blob Storage"
		},
		"annotations": [],
		"type": "AzureBlob",
		"structure": [
			{
				"name": "Prop_0",
				"type": "String"
			},
			{
				"name": "Prop_1",
				"type": "String"
			},
			{
				"name": "Prop_2",
				"type": "String"
			},
			{
				"name": "Prop_3",
				"type": "String"
			},
			{
				"name": "Prop_4",
				"type": "String"
			},
			{
				"name": "Prop_5",
				"type": "String"
			},
			{
				"name": "Prop_6",
				"type": "String"
			},
			{
				"name": "Prop_7",
				"type": "String"
			}
		],
		"typeProperties": {
			"format": {
				"type": "TextFormat",
				"columnDelimiter": ",",
				"nullValue": "\\N",
				"encodingName": null,
				"treatEmptyAsNull": true,
				"skipLineCount": 0,
				"firstRowAsHeader": false
			},
			"fileName": "*_daily_summary.csv",
			"folderPath": "google-analytics"
		}
	},
	"type": "Microsoft.DataFactory/factories/datasets"
}