{
	"name": "BlobStorageSkyfiiProfilesHistory",
	"properties": {
		"linkedServiceName": {
			"referenceName": "dataplatformstoragearea",
			"type": "LinkedServiceReference"
		},
		"folder": {
			"name": "Blob Storage"
		},
		"annotations": [],
		"type": "AzureBlob",
		"structure": [
			{
				"name": "networkId",
				"type": "String"
			},
			{
				"name": "termsAcceptanceDate",
				"type": "String"
			},
			{
				"name": "email",
				"type": "String"
			},
			{
				"name": "skyfiiId",
				"type": "String"
			},
			{
				"name": "locale",
				"type": "String"
			},
			{
				"name": "modified",
				"type": "String"
			},
			{
				"name": "lastName",
				"type": "String"
			},
			{
				"name": "firstName",
				"type": "String"
			},
			{
				"name": "operation",
				"type": "String"
			},
			{
				"name": "venueId",
				"type": "String"
			},
			{
				"name": "termsAcceptanceVersion",
				"type": "String"
			},
			{
				"name": "status",
				"type": "String"
			},
			{
				"name": "venueName",
				"type": "String"
			},
			{
				"name": "marketingOptIn",
				"type": "String"
			},
			{
				"name": "model",
				"type": "String"
			},
			{
				"name": "os",
				"type": "String"
			},
			{
				"name": "userAgent",
				"type": "String"
			},
			{
				"name": "brand",
				"type": "String"
			},
			{
				"name": "type",
				"type": "String"
			},
			{
				"name": "deviceId",
				"type": "String"
			},
			{
				"name": "clientMacAddress",
				"type": "String"
			},
			{
				"name": "created",
				"type": "String"
			},
			{
				"name": "gender",
				"type": "String"
			},
			{
				"name": "MAG_Acquisition",
				"type": "String"
			},
			{
				"name": "MAG_City",
				"type": "String"
			},
			{
				"name": "MAG_Country",
				"type": "String"
			},
			{
				"name": "MAG_Lagnuage",
				"type": "String"
			},
			{
				"name": "MAG_LatestCustomSource",
				"type": "String"
			},
			{
				"name": "MAG_Source",
				"type": "String"
			},
			{
				"name": "SC_ContactID",
				"type": "String"
			},
			{
				"name": "SC_EmailOptOut",
				"type": "String"
			},
			{
				"name": "Jitterbit",
				"type": "String"
			},
			{
				"name": "LoadResult",
				"type": "String"
			}
		],
		"typeProperties": {
			"format": {
				"type": "TextFormat",
				"columnDelimiter": ",",
				"quoteChar": "\"",
				"nullValue": "\\N",
				"encodingName": null,
				"treatEmptyAsNull": true,
				"skipLineCount": 0,
				"firstRowAsHeader": true
			},
			"compression": {
				"type": "BZip2",
				"level": "Optimal"
			},
			"fileName": "*",
			"folderPath": "skyfii-profile-history"
		}
	},
	"type": "Microsoft.DataFactory/factories/datasets"
}