{
	"name": "BlobStorageDarkSkyHourly",
	"properties": {
		"linkedServiceName": {
			"referenceName": "dataplatformstoragearea",
			"type": "LinkedServiceReference"
		},
		"folder": {
			"name": "Blob Storage"
		},
		"annotations": [],
		"type": "AzureBlob",
		"structure": [
			{
				"name": "apparentTemperature",
				"type": "Decimal"
			},
			{
				"name": "cloudCover",
				"type": "Decimal"
			},
			{
				"name": "dewPoint",
				"type": "Decimal"
			},
			{
				"name": "humidity",
				"type": "Decimal"
			},
			{
				"name": "latitude",
				"type": "Decimal"
			},
			{
				"name": "longitude",
				"type": "Decimal"
			},
			{
				"name": "offset",
				"type": "Int16"
			},
			{
				"name": "ozone",
				"type": "Decimal"
			},
			{
				"name": "precipIntensity",
				"type": "Decimal"
			},
			{
				"name": "precipProbability",
				"type": "Decimal"
			},
			{
				"name": "precipType",
				"type": "String"
			},
			{
				"name": "pressure",
				"type": "Decimal"
			},
			{
				"name": "summary",
				"type": "String"
			},
			{
				"name": "temperature",
				"type": "Decimal"
			},
			{
				"name": "time",
				"type": "Int64"
			},
			{
				"name": "uvIndex",
				"type": "Int64"
			},
			{
				"name": "visibility",
				"type": "Decimal"
			},
			{
				"name": "windBearing",
				"type": "Int64"
			},
			{
				"name": "windGust",
				"type": "Decimal"
			},
			{
				"name": "windSpeed",
				"type": "Decimal"
			}
		],
		"typeProperties": {
			"format": {
				"type": "JsonFormat",
				"filePattern": "setOfObjects",
				"jsonNodeReference": "$.['hourly']['data']",
				"jsonPathDefinition": {
					"apparentTemperature": "['apparentTemperature']",
					"cloudCover": "['cloudCover']",
					"dewPoint": "['dewPoint']",
					"humidity": "['humidity']",
					"latitude": "$.['latitude']",
					"longitude": "$.['longitude']",
					"offset": "$.['offset']",
					"ozone": "['ozone']",
					"precipIntensity": "['precipIntensity']",
					"precipProbability": "['precipProbability']",
					"precipType": "['precipType']",
					"pressure": "['pressure']",
					"summary": "['summary']",
					"temperature": "['temperature']",
					"time": "['time']",
					"uvIndex": "['uvIndex']",
					"visibility": "['visibility']",
					"windBearing": "['windBearing']",
					"windGust": "['windGust']",
					"windSpeed": "['windSpeed']"
				}
			},
			"compression": {
				"type": "BZip2",
				"level": "Optimal"
			},
			"fileName": "*",
			"folderPath": "dark-sky",
			"modifiedDatetimeStart": {
				"value": "@adddays(utcnow(), -7)",
				"type": "Expression"
			}
		}
	},
	"type": "Microsoft.DataFactory/factories/datasets"
}