{
	"name": "BlobStorageConiqTransactions",
	"properties": {
		"linkedServiceName": {
			"referenceName": "dataplatformstoragearea",
			"type": "LinkedServiceReference"
		},
		"parameters": {
			"request_name": {
				"type": "String",
				"defaultValue": "@{dataset().request_name}"
			}
		},
		"folder": {
			"name": "Blob Storage"
		},
		"annotations": [],
		"type": "AzureBlob",
		"structure": [
			{
				"name": "id",
				"type": "Int32"
			},
			{
				"name": "offer_id",
				"type": "Int32"
			},
			{
				"name": "offer_name",
				"type": "String"
			},
			{
				"name": "customer_id",
				"type": "Int32"
			},
			{
				"name": "customer_name",
				"type": "String"
			},
			{
				"name": "customer_external_id",
				"type": "String"
			},
			{
				"name": "location_id",
				"type": "Int32"
			},
			{
				"name": "location_name",
				"type": "String"
			},
			{
				"name": "location_external_id",
				"type": "String"
			},
			{
				"name": "amount",
				"type": "Decimal"
			},
			{
				"name": "date_recorded_utc",
				"type": "String"
			},
			{
				"name": "date_redeemed_utc",
				"type": "String"
			},
			{
				"name": "barcode_number",
				"type": "String"
			},
			{
				"name": "channel",
				"type": "String"
			}
		],
		"typeProperties": {
			"format": {
				"type": "JsonFormat",
				"filePattern": "setOfObjects",
				"jsonNodeReference": "$.['valid_days']",
				"jsonPathDefinition": {
					"id": "$.['id']",
					"offer_id": "$.['offer_id']",
					"offer_name": "$.['offer_name']",
					"customer_id": "$.['customer_id']",
					"customer_name": "$.['customer_name']",
					"customer_external_id": "$.['customer_external_id']",
					"location_id": "$.['location_id']",
					"location_name": "$.['location_name']",
					"location_external_id": "$.['location_external_id']",
					"amount": "$.['amount']",
					"date_recorded_utc": "$.['date_recorded_utc']",
					"date_redeemed_utc": "$.['date_redeemed_utc']",
					"barcode_number": "$.['barcode_number']",
					"channel": "$.['channel']"
				}
			},
			"compression": {
				"type": "BZip2",
				"level": "Optimal"
			},
			"fileName": "*",
			"folderPath": "coniq-transaction",
			"modifiedDatetimeStart": {
				"value": "@adddays(utcnow(), -7)",
				"type": "Expression"
			}
		}
	},
	"type": "Microsoft.DataFactory/factories/datasets"
}