{
	"name": "BlobStorageConiqLocations",
	"properties": {
		"linkedServiceName": {
			"referenceName": "dataplatformstoragearea",
			"type": "LinkedServiceReference"
		},
		"parameters": {
			"request_name": {
				"type": "String",
				"defaultValue": "@{dataset().request_name}"
			}
		},
		"folder": {
			"name": "Blob Storage"
		},
		"annotations": [],
		"type": "AzureBlob",
		"structure": [
			{
				"name": "id",
				"type": "Int32"
			},
			{
				"name": "name",
				"type": "String"
			},
			{
				"name": "address1",
				"type": "String"
			},
			{
				"name": "address2",
				"type": "String"
			},
			{
				"name": "city",
				"type": "String"
			},
			{
				"name": "postcode",
				"type": "String"
			},
			{
				"name": "country",
				"type": "String"
			},
			{
				"name": "latitude",
				"type": "String"
			},
			{
				"name": "longitude",
				"type": "String"
			},
			{
				"name": "phone",
				"type": "String"
			},
			{
				"name": "website",
				"type": "String"
			},
			{
				"name": "description",
				"type": "String"
			},
			{
				"name": "logo_url",
				"type": "String"
			},
			{
				"name": "photo_url",
				"type": "String"
			},
			{
				"name": "external_id",
				"type": "String"
			},
			{
				"name": "contact_name",
				"type": "String"
			},
			{
				"name": "contact_email",
				"type": "String"
			},
			{
				"name": "contact_phone",
				"type": "String"
			},
			{
				"name": "created_datetime_utc",
				"type": "String"
			},
			{
				"name": "modified_datetime_utc",
				"type": "String"
			}
		],
		"typeProperties": {
			"format": {
				"type": "JsonFormat",
				"filePattern": "setOfObjects",
				"jsonPathDefinition": {
					"id": "$.['id']",
					"name": "$.['name']",
					"address1": "$.['address1']",
					"address2": "$.['address2']",
					"city": "$.['city']",
					"postcode": "$.['postcode']",
					"country": "$.['country']",
					"latitude": "$.['coordinates']['lat']",
					"longitude": "$.['coordinates']['lng']",
					"phone": "$.['phone']",
					"website": "$.['website']",
					"description": "$.['description']",
					"logo_url": "$.['logo_url']",
					"photo_url": "$.['photo_url']",
					"external_id": "$.['external_id']",
					"contact_name": "$.['contact_name']",
					"contact_email": "$.['contact_email']",
					"contact_phone": "$.['contact_phone']",
					"location_group_ids": "$.['location_group_ids']",
					"created_datetime_utc": "$.['created_datetime_utc']",
					"modified_datetime_utc": "$.['modified_datetime_utc']"
				}
			},
			"compression": {
				"type": "BZip2",
				"level": "Optimal"
			},
			"fileName": "locations.bz2",
			"folderPath": "coniq"
		}
	},
	"type": "Microsoft.DataFactory/factories/datasets"
}