{
	"name": "BlobStorageSkyFiiVisitZones",
	"properties": {
		"linkedServiceName": {
			"referenceName": "dataplatformstoragearea",
			"type": "LinkedServiceReference"
		},
		"parameters": {
			"ProcessLastNDays": {
				"type": "Int",
				"defaultValue": -7
			}
		},
		"folder": {
			"name": "Blob Storage"
		},
		"annotations": [],
		"type": "AzureBlob",
		"structure": [
			{
				"name": "visit_device_id",
				"type": "Int64"
			},
			{
				"name": "visit_duration",
				"type": "Int64"
			},
			{
				"name": "visit_skyfii_id",
				"type": "Int64"
			},
			{
				"name": "visit_timestamp",
				"type": "Int64"
			},
			{
				"name": "visit_venue_id",
				"type": "Int64"
			},
			{
				"name": "visit_venue_name",
				"type": "String"
			},
			{
				"name": "zone_duration",
				"type": "Int64"
			},
			{
				"name": "zone_id",
				"type": "Int64"
			},
			{
				"name": "zone_name",
				"type": "String"
			},
			{
				"name": "zone_timestamp",
				"type": "Int64"
			}
		],
		"typeProperties": {
			"format": {
				"type": "JsonFormat",
				"filePattern": "arrayOfObjects",
				"jsonNodeReference": "$.['zones']",
				"jsonPathDefinition": {
					"visit_device_id": "$.['deviceId']",
					"visit_duration": "$.['duration']",
					"visit_skyfii_id": "$.['skyfiiId']",
					"visit_timestamp": "$.['timestamp']",
					"visit_venue_id": "$.['venueId']",
					"visit_venue_name": "$.['venueName']",
					"zone_duration": "['duration']",
					"zone_id": "['zoneId']",
					"zone_name": "['zoneName']",
					"zone_timestamp": "['timestamp']"
				}
			},
			"compression": {
				"type": "BZip2",
				"level": "Optimal"
			},
			"fileName": "*",
			"folderPath": "skyfii-visit",
			"modifiedDatetimeStart": {
				"value": "@adddays(utcnow(),dataset().ProcessLastNDays)",
				"type": "Expression"
			}
		}
	},
	"type": "Microsoft.DataFactory/factories/datasets"
}