{
	"name": "BlobStorageSkyFiiVisitZipped",
	"properties": {
		"linkedServiceName": {
			"referenceName": "dataplatformstoragearea",
			"type": "LinkedServiceReference"
		},
		"folder": {
			"name": "Blob Storage"
		},
		"annotations": [],
		"type": "AzureBlob",
		"typeProperties": {
			"format": {
				"type": "JsonFormat",
				"filePattern": "arrayOfObjects"
			},
			"compression": {
				"type": "BZip2",
				"level": "Optimal"
			},
			"fileName": "",
			"folderPath": "skyfii-visit"
		}
	},
	"type": "Microsoft.DataFactory/factories/datasets"
}