{
	"name": "BlobStorageSkyFiiProfileOutput",
	"properties": {
		"linkedServiceName": {
			"referenceName": "dataplatformstoragearea",
			"type": "LinkedServiceReference"
		},
		"parameters": {
			"skyfii_id": {
				"type": "String",
				"defaultValue": "@{item().skyfii_id}"
			}
		},
		"folder": {
			"name": "Blob Storage"
		},
		"annotations": [],
		"type": "AzureBlob",
		"typeProperties": {
			"format": {
				"type": "JsonFormat",
				"filePattern": "setOfObjects"
			},
			"compression": {
				"type": "BZip2",
				"level": "Optimal"
			},
			"fileName": {
				"value": "@concat(dataset().skyfii_id,'.bz2')",
				"type": "Expression"
			},
			"folderPath": "skyfii-profile"
		}
	},
	"type": "Microsoft.DataFactory/factories/datasets"
}