{
	"name": "BlobStorageSalesforceMarketingCloudSFTP_maxdate",
	"properties": {
		"linkedServiceName": {
			"referenceName": "dataplatformstoragearea",
			"type": "LinkedServiceReference"
		},
		"folder": {
			"name": "Blob Storage"
		},
		"annotations": [],
		"type": "AzureBlob",
		"typeProperties": {
			"format": {
				"type": "TextFormat",
				"columnDelimiter": ",",
				"rowDelimiter": "",
				"treatEmptyAsNull": true,
				"skipLineCount": 0,
				"firstRowAsHeader": true
			},
			"fileName": "maxdate.csv",
			"folderPath": "salesforce-marketing-cloud-sftp-upload"
		}
	},
	"type": "Microsoft.DataFactory/factories/datasets"
}