{
	"name": "BlobStorageConiqOfferLocations",
	"properties": {
		"linkedServiceName": {
			"referenceName": "dataplatformstoragearea",
			"type": "LinkedServiceReference"
		},
		"parameters": {
			"request_name": {
				"type": "String",
				"defaultValue": "@{dataset().request_name}"
			}
		},
		"folder": {
			"name": "Blob Storage"
		},
		"annotations": [],
		"type": "AzureBlob",
		"structure": [
			{
				"name": "offer_id",
				"type": "Int32"
			},
			{
				"name": "location_id",
				"type": "Int32"
			}
		],
		"typeProperties": {
			"format": {
				"type": "JsonFormat",
				"filePattern": "setOfObjects",
				"jsonNodeReference": "$.['location_ids']",
				"jsonPathDefinition": {
					"offer_id": "$.['id']",
					"location_id": ""
				}
			},
			"compression": {
				"type": "BZip2",
				"level": "Optimal"
			},
			"fileName": "offers.bz2",
			"folderPath": "coniq"
		}
	},
	"type": "Microsoft.DataFactory/factories/datasets"
}