{
	"name": "BlobStorageMagNETFullHistoricalDailySalesExtracts",
	"properties": {
		"linkedServiceName": {
			"referenceName": "dataplatformstoragearea",
			"type": "LinkedServiceReference"
		},
		"folder": {
			"name": "Blob Storage"
		},
		"annotations": [],
		"type": "AzureBlob",
		"structure": [
			{
				"name": "DATE",
				"type": "String"
			},
			{
				"name": "CENTREID",
				"type": "String"
			},
			{
				"name": "LEASEID",
				"type": "String"
			},
			{
				"name": "TENANTID",
				"type": "String"
			},
			{
				"name": "UNITID",
				"type": "String"
			},
			{
				"name": "SALESGROSS",
				"type": "String"
			},
			{
				"name": "SALESNET",
				"type": "String"
			},
			{
				"name": "TRANSACTIONS",
				"type": "String"
			},
			{
				"name": "ITEMS",
				"type": "String"
			},
			{
				"name": "FOOTFALL",
				"type": "String"
			},
			{
				"name": "L4L",
				"type": "String"
			},
			{
				"name": "DAYSTRADED",
				"type": "String"
			},
			{
				"name": "CREATED_AT",
				"type": "String"
			},
			{
				"name": "LAST_UPDATED_AT",
				"type": "String"
			}
		],
		"typeProperties": {
			"format": {
				"type": "TextFormat",
				"columnDelimiter": ",",
				"quoteChar": "\"",
				"nullValue": "\\N",
				"encodingName": null,
				"treatEmptyAsNull": true,
				"skipLineCount": 0,
				"firstRowAsHeader": true
			},
			"fileName": "NEW_daily_sales_20*",
			"folderPath": "magnet-full-historical-extracts"
		}
	},
	"type": "Microsoft.DataFactory/factories/datasets"
}