{
	"name": "BlobStorageAisleLabsApiSubmission",
	"properties": {
		"linkedServiceName": {
			"referenceName": "dataplatformstoragearea",
			"type": "LinkedServiceReference"
		},
		"folder": {
			"name": "MCDB"
		},
		"annotations": [],
		"type": "AzureBlob",
		"typeProperties": {
			"format": {
				"type": "TextFormat",
				"columnDelimiter": ",",
				"rowDelimiter": "",
				"nullValue": "\\N",
				"treatEmptyAsNull": true,
				"skipLineCount": 0,
				"firstRowAsHeader": false
			},
			"compression": {
				"type": "BZip2",
				"level": "Optimal"
			},
			"fileName": "AisleLabsApiSubmission",
			"folderPath": "mcdb"
		}
	},
	"type": "Microsoft.DataFactory/factories/datasets"
}