{
	"name": "BlobStorageConiqCustomersOutput",
	"properties": {
		"linkedServiceName": {
			"referenceName": "dataplatformstoragearea",
			"type": "LinkedServiceReference"
		},
		"parameters": {
			"customer_id": {
				"type": "String",
				"defaultValue": "@{item().customer_id}"
			}
		},
		"folder": {
			"name": "Blob Storage"
		},
		"annotations": [],
		"type": "AzureBlob",
		"typeProperties": {
			"format": {
				"type": "JsonFormat",
				"filePattern": "setOfObjects"
			},
			"compression": {
				"type": "BZip2",
				"level": "Optimal"
			},
			"fileName": {
				"value": "@concat(dataset().customer_id,'.bz2')",
				"type": "Expression"
			},
			"folderPath": {
				"value": "coniq-customer",
				"type": "Expression"
			}
		}
	},
	"type": "Microsoft.DataFactory/factories/datasets"
}