{
	"name": "BlobStorageMagNETPropertyUnit",
	"properties": {
		"linkedServiceName": {
			"referenceName": "dataplatformstoragearea",
			"type": "LinkedServiceReference"
		},
		"folder": {
			"name": "Blob Storage"
		},
		"annotations": [],
		"type": "AzureBlob",
		"structure": [
			{
				"name": "property_id",
				"type": "String"
			},
			{
				"name": "unit_name",
				"type": "String"
			},
			{
				"name": "unit_id",
				"type": "String"
			},
			{
				"name": "lease_id",
				"type": "String"
			},
			{
				"name": "lease_status",
				"type": "String"
			},
			{
				"name": "phase",
				"type": "String"
			},
			{
				"name": "area_sqft",
				"type": "Int32"
			},
			{
				"name": "area_sqm",
				"type": "Int32"
			},
			{
				"name": "magnet_store_id",
				"type": "String"
			},
			{
				"name": "brand",
				"type": "String"
			},
			{
				"name": "sales_start_date",
				"type": "DateTime"
			},
			{
				"name": "sales_end_date",
				"type": "DateTime"
			},
			{
				"name": "brand_opening_date",
				"type": "DateTime"
			}
		],
		"typeProperties": {
			"format": {
				"type": "TextFormat",
				"columnDelimiter": ",",
				"rowDelimiter": "",
				"quoteChar": "\"",
				"nullValue": "\\N",
				"encodingName": null,
				"treatEmptyAsNull": true,
				"skipLineCount": 0,
				"firstRowAsHeader": true
			},
			"fileName": "magnet_property_unit.csv",
			"folderPath": "uploads"
		}
	},
	"type": "Microsoft.DataFactory/factories/datasets"
}