{
	"name": "ConiqBarcodesAPIGetRequest",
	"properties": {
		"linkedServiceName": {
			"referenceName": "ConiqAPI",
			"type": "LinkedServiceReference"
		},
		"parameters": {
			"coniq_api_key": {
				"type": "String",
				"defaultValue": "@{dataset().coniq_api_key} "
			},
			"relative_url": {
				"type": "String",
				"defaultValue": "@{item().relative_url} "
			}
		},
		"folder": {
			"name": "Coniq"
		},
		"annotations": [],
		"type": "RestResource",
		"typeProperties": {
			"relativeUrl": {
				"value": "@dataset().relative_url",
				"type": "Expression"
			},
			"requestMethod": "GET",
			"additionalHeaders": {
				"x-api-version": "2.0",
				"Authorization": {
					"value": "@{dataset().coniq_api_key}",
					"type": "Expression"
				},
				"Content-Type": "application/json"
			}
		}
	},
	"type": "Microsoft.DataFactory/factories/datasets"
}