{
	"name": "DelimitedText3",
	"properties": {
		"linkedServiceName": {
			"referenceName": "dataplatformstoragearea",
			"type": "LinkedServiceReference"
		},
		"folder": {
			"name": "Test"
		},
		"annotations": [],
		"type": "DelimitedText",
		"typeProperties": {
			"location": {
				"type": "AzureBlobStorageLocation",
				"fileName": "JMAs Raw Data (2).csv",
				"container": "test"
			},
			"columnDelimiter": ",",
			"escapeChar": "\\",
			"firstRowAsHeader": true,
			"quoteChar": "\""
		},
		"schema": [
			{
				"name": "Company",
				"type": "String"
			},
			{
				"name": "AdditionalCompanyName",
				"type": "String"
			},
			{
				"name": "TourReference",
				"type": "String"
			},
			{
				"name": "BOOKERNAME",
				"type": "String"
			},
			{
				"name": "TOURLEADERNAME",
				"type": "String"
			},
			{
				"name": "CENTREVISIT",
				"type": "String"
			},
			{
				"name": "DATEOFVISIT",
				"type": "String"
			},
			{
				"name": "Month",
				"type": "String"
			},
			{
				"name": "MonthNum",
				"type": "String"
			},
			{
				"name": "Year",
				"type": "String"
			},
			{
				"name": "TIMEOFVISIT",
				"type": "String"
			},
			{
				"name": "WINDOW",
				"type": "String"
			},
			{
				"name": "PAX",
				"type": "String"
			},
			{
				"name": "DATEADDED",
				"type": "String"
			},
			{
				"name": "COMMENTS",
				"type": "String"
			},
			{
				"name": "Nationality",
				"type": "String"
			},
			{
				"name": "fgnMarketID",
				"type": "String"
			},
			{
				"name": "Investigating",
				"type": "String"
			},
			{
				"name": "NoShowCancellation",
				"type": "String"
			},
			{
				"name": "G2DONOTPAY",
				"type": "String"
			},
			{
				"name": "LastUpdated",
				"type": "String"
			},
			{
				"name": "Incentive",
				"type": "String"
			},
			{
				"name": "JMATracker",
				"type": "String"
			}
		]
	},
	"type": "Microsoft.DataFactory/factories/datasets"
}