{
	"name": "DelimitedText1",
	"properties": {
		"linkedServiceName": {
			"referenceName": "dataplatformstoragearea",
			"type": "LinkedServiceReference"
		},
		"folder": {
			"name": "Test"
		},
		"annotations": [],
		"type": "DelimitedText",
		"typeProperties": {
			"location": {
				"type": "AzureBlobStorageLocation",
				"fileName": "test.csv",
				"container": "test"
			},
			"columnDelimiter": ",",
			"escapeChar": "\\",
			"firstRowAsHeader": true,
			"quoteChar": "\""
		},
		"schema": [
			{
				"name": "Name",
				"type": "String"
			},
			{
				"name": "M1",
				"type": "String"
			},
			{
				"name": "M2",
				"type": "String"
			},
			{
				"name": "M3",
				"type": "String"
			},
			{
				"name": "M4",
				"type": "String"
			},
			{
				"name": "M5",
				"type": "String"
			},
			{
				"name": "M6",
				"type": "String"
			},
			{
				"name": "M7",
				"type": "String"
			},
			{
				"name": "M8",
				"type": "String"
			},
			{
				"name": "M9",
				"type": "String"
			},
			{
				"name": "M10",
				"type": "String"
			}
		]
	},
	"type": "Microsoft.DataFactory/factories/datasets"
}