{
	"name": "DestinationDataset_ybr",
	"properties": {
		"linkedServiceName": {
			"referenceName": "SQLDataWarehouseDev",
			"type": "LinkedServiceReference"
		},
		"folder": {
			"name": "iAuditor"
		},
		"annotations": [],
		"type": "AzureSqlDWTable",
		"schema": [
			{
				"name": "Template_id",
				"type": "varchar"
			},
			{
				"name": "Audit_id",
				"type": "varchar"
			},
			{
				"name": "Archived",
				"type": "varchar"
			},
			{
				"name": "created_at",
				"type": "varchar"
			},
			{
				"name": "modified_at",
				"type": "varchar"
			},
			{
				"name": "audit_data_score",
				"type": "varchar"
			},
			{
				"name": "audit_data_total_score",
				"type": "varchar"
			},
			{
				"name": "audit_data_score_percentage",
				"type": "varchar"
			},
			{
				"name": "audit_data_name",
				"type": "varchar"
			},
			{
				"name": "audit_data_duration",
				"type": "varchar"
			},
			{
				"name": "authorship_device_id",
				"type": "varchar"
			},
			{
				"name": "authorship_owner",
				"type": "varchar"
			},
			{
				"name": "authorship_owner_id",
				"type": "varchar"
			},
			{
				"name": "authorship_author",
				"type": "varchar"
			},
			{
				"name": "authorship_author_id",
				"type": "varchar"
			},
			{
				"name": "date_completed",
				"type": "varchar"
			},
			{
				"name": "date_modified",
				"type": "varchar"
			},
			{
				"name": "date_started",
				"type": "varchar"
			},
			{
				"name": "template_data_authorship_device_id",
				"type": "varchar"
			},
			{
				"name": "template_data_authorship_owner",
				"type": "varchar"
			},
			{
				"name": "template_data_authorship_owner_id",
				"type": "varchar"
			},
			{
				"name": "template_data_authorship_author",
				"type": "varchar"
			},
			{
				"name": "template_data_authorship_autor_id",
				"type": "varchar"
			},
			{
				"name": "metadata_description",
				"type": "varchar"
			},
			{
				"name": "metadata_name",
				"type": "varchar"
			},
			{
				"name": "metadata_image",
				"type": "varchar"
			},
			{
				"name": "header_items_parent_id",
				"type": "varchar"
			},
			{
				"name": "header_items_item_id",
				"type": "varchar"
			},
			{
				"name": "header_items_label",
				"type": "varchar"
			},
			{
				"name": "header_items_type",
				"type": "varchar"
			},
			{
				"name": "header_items_evaluation",
				"type": "varchar"
			},
			{
				"name": "header_items_inactive",
				"type": "varchar"
			},
			{
				"name": "header_items_option",
				"type": "varchar"
			},
			{
				"name": "header_items_responses",
				"type": "varchar"
			},
			{
				"name": "header_items_children",
				"type": "varchar"
			},
			{
				"name": "items_parent_id",
				"type": "varchar"
			},
			{
				"name": "items_item_id",
				"type": "varchar"
			},
			{
				"name": "items_label",
				"type": "varchar"
			},
			{
				"name": "items_type",
				"type": "varchar"
			},
			{
				"name": "items_scoring",
				"type": "varchar"
			},
			{
				"name": "items_option",
				"type": "varchar"
			},
			{
				"name": "items_responses",
				"type": "varchar"
			},
			{
				"name": "items_children",
				"type": "varchar"
			}
		],
		"typeProperties": {
			"schema": "dbo",
			"table": "iAuditor"
		}
	},
	"type": "Microsoft.DataFactory/factories/datasets"
}