{
	"name": "DestinationDataset_b2s",
	"properties": {
		"linkedServiceName": {
			"referenceName": "SQLDataWarehouse",
			"type": "LinkedServiceReference"
		},
		"folder": {
			"name": "iAuditor"
		},
		"annotations": [],
		"type": "AzureSqlDWTable",
		"schema": [
			{
				"name": "Template_id",
				"type": "varchar",
				"precision": 255,
				"scale": 255
			},
			{
				"name": "audit_id",
				"type": "varchar",
				"precision": 255,
				"scale": 255
			},
			{
				"name": "archived",
				"type": "varchar",
				"precision": 255,
				"scale": 255
			},
			{
				"name": "created_at",
				"type": "datetime",
				"precision": 23,
				"scale": 3
			},
			{
				"name": "modified_at",
				"type": "datetime",
				"precision": 23,
				"scale": 3
			},
			{
				"name": "audit_data_score",
				"type": "varchar",
				"precision": 255,
				"scale": 255
			},
			{
				"name": "audit_data_total_score",
				"type": "varchar",
				"precision": 255,
				"scale": 255
			},
			{
				"name": "audit_data_score_percentage",
				"type": "varchar",
				"precision": 255,
				"scale": 255
			},
			{
				"name": "audit_data_name",
				"type": "varchar",
				"precision": 255,
				"scale": 255
			},
			{
				"name": "audit_data_duration",
				"type": "varchar",
				"precision": 255,
				"scale": 255
			},
			{
				"name": "audit_data.date_completed",
				"type": "datetime",
				"precision": 23,
				"scale": 3
			},
			{
				"name": "audit_data.date_modified",
				"type": "datetime",
				"precision": 23,
				"scale": 3
			},
			{
				"name": "audit_data.date_started",
				"type": "datetime",
				"precision": 23,
				"scale": 3
			},
			{
				"name": "audit_data.authorship.device_id",
				"type": "varchar",
				"precision": 255,
				"scale": 255
			},
			{
				"name": "audit_data.authorship.owner",
				"type": "varchar",
				"precision": 255,
				"scale": 255
			},
			{
				"name": "audit_data.authorship.owner_id",
				"type": "varchar",
				"precision": 255,
				"scale": 255
			},
			{
				"name": "audit_data.authorship.author",
				"type": "varchar",
				"precision": 255,
				"scale": 255
			},
			{
				"name": "audit_data.authorship.author_id",
				"type": "varchar",
				"precision": 255,
				"scale": 255
			},
			{
				"name": "template_data.authorship.device_id",
				"type": "varchar",
				"precision": 255,
				"scale": 255
			},
			{
				"name": "template_data.authorship.owner",
				"type": "varchar",
				"precision": 255,
				"scale": 255
			},
			{
				"name": "template_data.authorship.owner_id",
				"type": "varchar",
				"precision": 255,
				"scale": 255
			},
			{
				"name": "template_data.authorship.author",
				"type": "varchar",
				"precision": 255,
				"scale": 255
			},
			{
				"name": "template_data.authorship.author_id",
				"type": "varchar",
				"precision": 255,
				"scale": 255
			},
			{
				"name": "template_data.metadata.description",
				"type": "varchar",
				"precision": 255,
				"scale": 255
			},
			{
				"name": "template_data.metadata.name",
				"type": "varchar",
				"precision": 255,
				"scale": 255
			},
			{
				"name": "header_parent_id",
				"type": "nvarchar",
				"precision": 255,
				"scale": 255
			},
			{
				"name": "header_item_id",
				"type": "varchar",
				"precision": 255,
				"scale": 255
			},
			{
				"name": "header_label",
				"type": "nvarchar",
				"precision": 255,
				"scale": 255
			},
			{
				"name": "header_type",
				"type": "nvarchar",
				"precision": 255,
				"scale": 255
			},
			{
				"name": "header_scoring",
				"type": "nvarchar",
				"precision": 255,
				"scale": 255
			},
			{
				"name": "header_options",
				"type": "nvarchar",
				"precision": 255,
				"scale": 255
			},
			{
				"name": "header_children",
				"type": "nvarchar",
				"precision": 255,
				"scale": 255
			},
			{
				"name": "header_responses",
				"type": "nvarchar",
				"precision": 255,
				"scale": 255
			},
			{
				"name": "header_media",
				"type": "nvarchar",
				"precision": 255,
				"scale": 255
			}
		],
		"typeProperties": {
			"schema": "dbo",
			"table": "iAuditor_headers_items"
		}
	},
	"type": "Microsoft.DataFactory/factories/datasets"
}