{
	"name": "iAuditor_files",
	"properties": {
		"linkedServiceName": {
			"referenceName": "dataplatformstoragearea",
			"type": "LinkedServiceReference"
		},
		"folder": {
			"name": "iAuditor"
		},
		"annotations": [],
		"type": "Json",
		"typeProperties": {
			"location": {
				"type": "AzureBlobStorageLocation",
				"fileName": "audit_00006F5D7A114CE59AD572E3E878E726.json",
				"folderPath": "all",
				"container": "iauditor"
			}
		}
	},
	"type": "Microsoft.DataFactory/factories/datasets"
}