{
	"name": "Json2",
	"properties": {
		"linkedServiceName": {
			"referenceName": "dataplatformstoragearea",
			"type": "LinkedServiceReference"
		},
		"folder": {
			"name": "iAuditor"
		},
		"annotations": [],
		"type": "Json",
		"typeProperties": {
			"location": {
				"type": "AzureBlobStorageLocation",
				"fileName": "audit_00006F5D7A114CE59AD572E3E878E726.json",
				"container": "iauditortest"
			}
		},
		"schema": {
			"type": "object",
			"properties": {
				"item_id": {
					"type": "string"
				},
				"label": {
					"type": "string"
				},
				"type": {
					"type": "string"
				},
				"children": {
					"type": "string"
				},
				"parent_id": {
					"type": "string"
				},
				"options": {
					"type": "string"
				},
				"responses": {
					"type": "string"
				}
			}
		}
	},
	"type": "Microsoft.DataFactory/factories/datasets"
}