{
	"name": "MCDBSkyFii_UserCustomField",
	"properties": {
		"linkedServiceName": {
			"referenceName": "MCDB",
			"type": "LinkedServiceReference"
		},
		"folder": {
			"name": "MCDB"
		},
		"annotations": [],
		"type": "AzureSqlTable",
		"structure": [
			{
				"name": "Id",
				"type": "Int32"
			},
			{
				"name": "parentId",
				"type": "Int32"
			},
			{
				"name": "key",
				"type": "String"
			},
			{
				"name": "type",
				"type": "String"
			}
		],
		"typeProperties": {
			"tableName": "[dbo].[SkyFii_UserCustomField]"
		}
	},
	"type": "Microsoft.DataFactory/factories/datasets"
}