{
	"name": "MCDBAisleLabsApiSubmission",
	"properties": {
		"linkedServiceName": {
			"referenceName": "MCDB",
			"type": "LinkedServiceReference"
		},
		"folder": {
			"name": "MCDB"
		},
		"annotations": [],
		"type": "AzureSqlTable",
		"structure": [
			{
				"name": "AisleLabsApi_Id",
				"type": "Int32"
			},
			{
				"name": "AisleLabsApi_ApiRequest",
				"type": "String"
			},
			{
				"name": "AisleLabsApi_DateCreated",
				"type": "DateTime"
			}
		],
		"typeProperties": {
			"tableName": "[dbo].[AisleLabsApiSubmission]"
		}
	},
	"type": "Microsoft.DataFactory/factories/datasets"
}