{
	"name": "MCDBSkyFii_UserDevice",
	"properties": {
		"linkedServiceName": {
			"referenceName": "MCDB",
			"type": "LinkedServiceReference"
		},
		"folder": {
			"name": "MCDB"
		},
		"annotations": [],
		"type": "AzureSqlTable",
		"structure": [
			{
				"name": "Id",
				"type": "Int32"
			},
			{
				"name": "parentId",
				"type": "Int32"
			},
			{
				"name": "deviceId",
				"type": "Int64"
			},
			{
				"name": "clientMacAddress",
				"type": "String"
			},
			{
				"name": "brand",
				"type": "String"
			},
			{
				"name": "model",
				"type": "String"
			},
			{
				"name": "type",
				"type": "String"
			},
			{
				"name": "os",
				"type": "String"
			},
			{
				"name": "userAgent",
				"type": "String"
			}
		],
		"typeProperties": {
			"tableName": "[dbo].[SkyFii_UserDevice]"
		}
	},
	"type": "Microsoft.DataFactory/factories/datasets"
}