{
	"name": "MCDBAisleLabsSocialContact",
	"properties": {
		"linkedServiceName": {
			"referenceName": "MCDB",
			"type": "LinkedServiceReference"
		},
		"folder": {
			"name": "MCDB"
		},
		"annotations": [],
		"type": "AzureSqlTable",
		"structure": [
			{
				"name": "AisleLabsSoc_Id",
				"type": "Int32"
			},
			{
				"name": "AisleLabsSoc_Swid",
				"type": "String"
			},
			{
				"name": "AisleLabsSoc_SocialUrl",
				"type": "String"
			},
			{
				"name": "AisleLabsSoc_PhoneNumber",
				"type": "String"
			},
			{
				"name": "AisleLabsSoc_LastLogin",
				"type": "String"
			},
			{
				"name": "AisleLabsSoc_PostCode",
				"type": "String"
			},
			{
				"name": "AisleLabsSoc_NameSort",
				"type": "String"
			},
			{
				"name": "AisleLabsSoc_SocialSiteProfileLink",
				"type": "String"
			},
			{
				"name": "AisleLabsSoc_PhoneLogoClass",
				"type": "String"
			},
			{
				"name": "AisleLabsSoc_PhoneMacDisplayString",
				"type": "String"
			},
			{
				"name": "AisleLabsSoc_ImageUrl",
				"type": "String"
			},
			{
				"name": "AisleLabsSoc_Name",
				"type": "String"
			},
			{
				"name": "AisleLabsSoc_Email",
				"type": "String"
			},
			{
				"name": "AisleLabsSoc_AgeString",
				"type": "String"
			},
			{
				"name": "AisleLabsSoc_AgeRangeString",
				"type": "String"
			},
			{
				"name": "AisleLabsSoc_Gender",
				"type": "String"
			},
			{
				"name": "AisleLabsSoc_SocialSiteUsed",
				"type": "String"
			},
			{
				"name": "AisleLabsSoc_FbUserLocation",
				"type": "String"
			},
			{
				"name": "AisleLabsSoc_FbUserHometown",
				"type": "String"
			},
			{
				"name": "AisleLabsSoc_TopInterestStr",
				"type": "String"
			},
			{
				"name": "AisleLabsSoc_TopInterestSubStr",
				"type": "String"
			},
			{
				"name": "AisleLabsSoc_LastTimeContainerSortValue",
				"type": "String"
			},
			{
				"name": "AisleLabsSoc_LastTimeDateValue",
				"type": "String"
			},
			{
				"name": "AisleLabsSoc_SocialSiteUsedCssClass",
				"type": "String"
			},
			{
				"name": "AisleLabsSoc_MostRecentTimeDisplay",
				"type": "String"
			},
			{
				"name": "AisleLabsSoc_LastDurationReportStr",
				"type": "String"
			},
			{
				"name": "AisleLabsSoc_MostRecentHourDisplay",
				"type": "String"
			},
			{
				"name": "AisleLabsSoc_NumConnectionSessions",
				"type": "String"
			},
			{
				"name": "AisleLabsSoc_AverageSessionMinutes",
				"type": "String"
			},
			{
				"name": "AisleLabsSoc_TotalSessionBytes",
				"type": "String"
			},
			{
				"name": "AisleLabsSoc_CountryFromEmailLogin",
				"type": "String"
			},
			{
				"name": "AisleLabsSoc_MobileFromEmailLogin",
				"type": "String"
			},
			{
				"name": "AisleLabsSoc_NationalityFromEmailLogin",
				"type": "String"
			},
			{
				"name": "AisleLabsSoc_DateOfBirth",
				"type": "String"
			},
			{
				"name": "AisleLabsSoc_DateCreated",
				"type": "DateTime"
			},
			{
				"name": "AisleLabsSoc_PleaseSendPromo",
				"type": "String"
			},
			{
				"name": "AisleLabsSoc_UserLanguage",
				"type": "String"
			},
			{
				"name": "AisleLabsSoc_NewRecord",
				"type": "Boolean"
			},
			{
				"name": "AisleLabsSoc_ShopperType",
				"type": "Int32"
			}
		],
		"typeProperties": {
			"tableName": "[dbo].[AisleLabsSocialContact]"
		}
	},
	"type": "Microsoft.DataFactory/factories/datasets"
}