{
	"name": "MCDBSkyFii_UserDetail",
	"properties": {
		"linkedServiceName": {
			"referenceName": "MCDB",
			"type": "LinkedServiceReference"
		},
		"folder": {
			"name": "MCDB"
		},
		"annotations": [],
		"type": "AzureSqlTable",
		"structure": [
			{
				"name": "Id",
				"type": "Int32"
			},
			{
				"name": "skyfiiId",
				"type": "String"
			},
			{
				"name": "modified",
				"type": "Int64"
			},
			{
				"name": "created",
				"type": "Int64"
			},
			{
				"name": "name",
				"type": "String"
			},
			{
				"name": "firstName",
				"type": "String"
			},
			{
				"name": "lastName",
				"type": "String"
			},
			{
				"name": "gender",
				"type": "String"
			},
			{
				"name": "relationship",
				"type": "String"
			},
			{
				"name": "email",
				"type": "String"
			},
			{
				"name": "phone",
				"type": "String"
			},
			{
				"name": "facebookId",
				"type": "String"
			},
			{
				"name": "googleId",
				"type": "String"
			},
			{
				"name": "linkedinId",
				"type": "String"
			},
			{
				"name": "twitterId",
				"type": "String"
			},
			{
				"name": "dobMin",
				"type": "String"
			},
			{
				"name": "dobMax",
				"type": "String"
			},
			{
				"name": "suburb",
				"type": "String"
			},
			{
				"name": "district",
				"type": "String"
			},
			{
				"name": "state",
				"type": "String"
			},
			{
				"name": "postcode",
				"type": "String"
			},
			{
				"name": "country",
				"type": "String"
			},
			{
				"name": "venueId",
				"type": "Int64"
			},
			{
				"name": "networkId",
				"type": "String"
			},
			{
				"name": "nationalId",
				"type": "String"
			},
			{
				"name": "marketingOptIn",
				"type": "Boolean"
			},
			{
				"name": "termsAcceptanceVersion",
				"type": "Int32"
			},
			{
				"name": "termsAcceptanceDate",
				"type": "Int64"
			},
			{
				"name": "operation",
				"type": "String"
			},
			{
				"name": "locale",
				"type": "String"
			},
			{
				"name": "facebookLink",
				"type": "String"
			},
			{
				"name": "venueName",
				"type": "String"
			},
			{
				"name": "status",
				"type": "String"
			},
			{
				"name": "dateCreated",
				"type": "DateTime"
			}
		],
		"typeProperties": {
			"tableName": "[dbo].[SkyFii_UserDetail]"
		}
	},
	"type": "Microsoft.DataFactory/factories/datasets"
}