{
	"name": "MRIProductionENTITY",
	"properties": {
		"linkedServiceName": {
			"referenceName": "MRIProduction",
			"type": "LinkedServiceReference"
		},
		"folder": {
			"name": "MRI"
		},
		"annotations": [],
		"type": "SqlServerTable",
		"structure": [
			{
				"name": "ENTITYID",
				"type": "String"
			},
			{
				"name": "NAME",
				"type": "String"
			},
			{
				"name": "ADDR1",
				"type": "String"
			},
			{
				"name": "ADDR2",
				"type": "String"
			},
			{
				"name": "ADDR3",
				"type": "String"
			},
			{
				"name": "STATE",
				"type": "String"
			},
			{
				"name": "CITY",
				"type": "String"
			},
			{
				"name": "ZIPCODE",
				"type": "String"
			},
			{
				"name": "PHONE",
				"type": "String"
			},
			{
				"name": "FEET",
				"type": "Decimal"
			},
			{
				"name": "UNITS",
				"type": "Int32"
			},
			{
				"name": "LASTDATE",
				"type": "DateTime"
			},
			{
				"name": "USERID",
				"type": "String"
			},
			{
				"name": "LEDGCODE",
				"type": "String"
			},
			{
				"name": "CLOSEDAY",
				"type": "String"
			},
			{
				"name": "YEAREND",
				"type": "String"
			},
			{
				"name": "CURPED",
				"type": "String"
			},
			{
				"name": "MAXOPEN",
				"type": "Int16"
			},
			{
				"name": "BASIS",
				"type": "String"
			},
			{
				"name": "PROJID",
				"type": "String"
			},
			{
				"name": "INTRACCT",
				"type": "String"
			},
			{
				"name": "GLPURGE",
				"type": "String"
			},
			{
				"name": "APACCTNO",
				"type": "String"
			},
			{
				"name": "OPENBAL",
				"type": "Decimal"
			},
			{
				"name": "INVCSTAT",
				"type": "String"
			},
			{
				"name": "SUMDET",
				"type": "String"
			},
			{
				"name": "SUMCASH",
				"type": "String"
			},
			{
				"name": "CASHTYPE",
				"type": "String"
			},
			{
				"name": "APPURGE",
				"type": "String"
			},
			{
				"name": "M_1099DATE",
				"type": "DateTime"
			},
			{
				"name": "VATREG",
				"type": "String"
			},
			{
				"name": "ATAXACCT",
				"type": "String"
			},
			{
				"name": "ATAXCASH",
				"type": "String"
			},
			{
				"name": "VENDPPED",
				"type": "String"
			},
			{
				"name": "PAYENTRY",
				"type": "String"
			},
			{
				"name": "TAXEXEMP",
				"type": "String"
			},
			{
				"name": "SHIPADR1",
				"type": "String"
			},
			{
				"name": "SHIPADR2",
				"type": "String"
			},
			{
				"name": "SHIPADR3",
				"type": "String"
			},
			{
				"name": "SHIPCITY",
				"type": "String"
			},
			{
				"name": "SHIPST",
				"type": "String"
			},
			{
				"name": "SHIPZIP",
				"type": "String"
			},
			{
				"name": "BILLADR1",
				"type": "String"
			},
			{
				"name": "BILLADR2",
				"type": "String"
			},
			{
				"name": "BILLADR3",
				"type": "String"
			},
			{
				"name": "BILLCITY",
				"type": "String"
			},
			{
				"name": "BILLST",
				"type": "String"
			},
			{
				"name": "BILLZIP",
				"type": "String"
			},
			{
				"name": "ACCTNUM",
				"type": "String"
			},
			{
				"name": "APPLIMIT",
				"type": "Decimal"
			},
			{
				"name": "STATEID",
				"type": "String"
			},
			{
				"name": "PROPTYPE",
				"type": "String"
			},
			{
				"name": "PROPSUBTYPE",
				"type": "String"
			},
			{
				"name": "ACQUIRED",
				"type": "DateTime"
			},
			{
				"name": "DISPOSED",
				"type": "DateTime"
			},
			{
				"name": "INVESTFLAG",
				"type": "String"
			},
			{
				"name": "CLASSID",
				"type": "String"
			},
			{
				"name": "INVTYPE",
				"type": "String"
			},
			{
				"name": "LIFECODE",
				"type": "String"
			},
			{
				"name": "LOCAID",
				"type": "String"
			},
			{
				"name": "GROSSVALUE",
				"type": "Decimal"
			},
			{
				"name": "NETVALUE",
				"type": "Decimal"
			},
			{
				"name": "INCRET",
				"type": "Decimal"
			},
			{
				"name": "CAPRET",
				"type": "Decimal"
			},
			{
				"name": "TOTRET",
				"type": "Decimal"
			},
			{
				"name": "JEDESCID",
				"type": "String"
			},
			{
				"name": "OPTED",
				"type": "String"
			},
			{
				"name": "CURRCODE",
				"type": "String"
			},
			{
				"name": "APREALEXCHG",
				"type": "String"
			},
			{
				"name": "APUNREEXCHG",
				"type": "String"
			},
			{
				"name": "CROSSCURYN",
				"type": "String"
			},
			{
				"name": "CMREALACCT",
				"type": "String"
			},
			{
				"name": "CMUNREACCT",
				"type": "String"
			},
			{
				"name": "CMDEPGLACCT",
				"type": "String"
			},
			{
				"name": "RMTACCTNO",
				"type": "String"
			},
			{
				"name": "RMTCASHTYPE",
				"type": "String"
			},
			{
				"name": "RMTOTHRFEE",
				"type": "Decimal"
			},
			{
				"name": "TOGFEES",
				"type": "Decimal"
			},
			{
				"name": "MINBAL",
				"type": "Decimal"
			},
			{
				"name": "HELDFUNDS",
				"type": "Decimal"
			},
			{
				"name": "BADTAXACCT",
				"type": "String"
			},
			{
				"name": "BADTAXCSHTYPE",
				"type": "String"
			},
			{
				"name": "FIDTAXACCT",
				"type": "String"
			},
			{
				"name": "FIDTAXCSHTYPE",
				"type": "String"
			},
			{
				"name": "TOGACCTNUM",
				"type": "String"
			},
			{
				"name": "TOGCASHTYPE",
				"type": "String"
			},
			{
				"name": "TOGVENDID",
				"type": "String"
			},
			{
				"name": "OTRACCTNUM",
				"type": "String"
			},
			{
				"name": "OTRCASHTYPE",
				"type": "String"
			},
			{
				"name": "OTRVENDID",
				"type": "String"
			},
			{
				"name": "ENTTYPE",
				"type": "String"
			},
			{
				"name": "PERIODCNT",
				"type": "Int16"
			},
			{
				"name": "RECLAIMPCT",
				"type": "Double"
			},
			{
				"name": "ALTTAXID",
				"type": "String"
			},
			{
				"name": "TAXSUSPENSE",
				"type": "String"
			},
			{
				"name": "CMNBANKING",
				"type": "String"
			},
			{
				"name": "ARREALACCT",
				"type": "String"
			},
			{
				"name": "ARUNREACCT",
				"type": "String"
			},
			{
				"name": "RETAINACCT",
				"type": "String"
			},
			{
				"name": "PHONENO",
				"type": "String"
			},
			{
				"name": "CONTCODE",
				"type": "String"
			},
			{
				"name": "CNTYCODE",
				"type": "String"
			},
			{
				"name": "PRACCODE",
				"type": "String"
			},
			{
				"name": "DVMNCODE",
				"type": "String"
			},
			{
				"name": "JVENCODE",
				"type": "String"
			},
			{
				"name": "CMCOMPID",
				"type": "String"
			},
			{
				"name": "APCOMPID",
				"type": "String"
			},
			{
				"name": "ATAXCODE",
				"type": "String"
			},
			{
				"name": "APDEVID",
				"type": "String"
			},
			{
				"name": "BILLFEES",
				"type": "String"
			},
			{
				"name": "FUNDBALACCT",
				"type": "String"
			},
			{
				"name": "TAXRPTFREQ",
				"type": "String"
			},
			{
				"name": "OWNERID",
				"type": "String"
			},
			{
				"name": "COUNTRY",
				"type": "String"
			},
			{
				"name": "APTAXSUSPENSEACCOUNTNUMBER",
				"type": "String"
			},
			{
				"name": "STLINEBASIS",
				"type": "String"
			},
			{
				"name": "FYEMONTH",
				"type": "String"
			},
			{
				"name": "RESETFYE",
				"type": "String"
			},
			{
				"name": "LATEFYE",
				"type": "String"
			},
			{
				"name": "NUMUSE",
				"type": "String"
			},
			{
				"name": "COMNUM",
				"type": "String"
			},
			{
				"name": "REG1",
				"type": "String"
			},
			{
				"name": "REG2",
				"type": "String"
			},
			{
				"name": "REG3",
				"type": "String"
			},
			{
				"name": "REG4",
				"type": "String"
			},
			{
				"name": "REG5",
				"type": "String"
			},
			{
				"name": "PHASEID",
				"type": "String"
			},
			{
				"name": "MATRIXID",
				"type": "Double"
			},
			{
				"name": "ENTMATRIXOPTION",
				"type": "String"
			},
			{
				"name": "NCREIFACQUIREDFIRSTDAYQTR",
				"type": "String"
			},
			{
				"name": "NCREIFDISPOSEDLASTDAYQTR",
				"type": "String"
			},
			{
				"name": "CHECKLOCATIONID",
				"type": "String"
			},
			{
				"name": "MAXAPOPEN",
				"type": "Int16"
			},
			{
				"name": "APREALLOSS",
				"type": "String"
			},
			{
				"name": "APUNREALLOSS",
				"type": "String"
			},
			{
				"name": "ARREALLOSS",
				"type": "String"
			},
			{
				"name": "ARUNREALLOSS",
				"type": "String"
			},
			{
				"name": "CMREALLOSS",
				"type": "String"
			},
			{
				"name": "CMUNREALLOSS",
				"type": "String"
			},
			{
				"name": "CMDEPLOSS",
				"type": "String"
			},
			{
				"name": "VENDORWITHHOLDINGACCT",
				"type": "String"
			},
			{
				"name": "REG6",
				"type": "String"
			},
			{
				"name": "ADRCHGINCCAT",
				"type": "String"
			},
			{
				"name": "ADRCHGRTAXGRPID",
				"type": "String"
			},
			{
				"name": "ADRCHGZEROGRPID",
				"type": "String"
			},
			{
				"name": "MG_AP_RECHARGE",
				"type": "String"
			},
			{
				"name": "SRVCDEBT",
				"type": "String"
			},
			{
				"name": "SRVCCRED",
				"type": "String"
			},
			{
				"name": "RMSRVCDEBT",
				"type": "String"
			},
			{
				"name": "RMSRVCCRED",
				"type": "String"
			},
			{
				"name": "ENTALIAS",
				"type": "String"
			},
			{
				"name": "IAENTTYPE",
				"type": "String"
			},
			{
				"name": "ACTIVE",
				"type": "String"
			},
			{
				"name": "TEL",
				"type": "String"
			},
			{
				"name": "EMAIL",
				"type": "String"
			},
			{
				"name": "OFFICE",
				"type": "String"
			},
			{
				"name": "NUMEROREA",
				"type": "String"
			},
			{
				"name": "EINVVENDID",
				"type": "String"
			},
			{
				"name": "IAVENDORID",
				"type": "String"
			},
			{
				"name": "IACORPORATEACCOUNTID",
				"type": "String"
			},
			{
				"name": "CONNECTCURRCODE",
				"type": "String"
			}
		],
		"typeProperties": {
			"tableName": "[dbo].[ENTITY]"
		}
	},
	"type": "Microsoft.DataFactory/factories/datasets"
}