{
	"name": "MRIReplicaGJOB",
	"properties": {
		"linkedServiceName": {
			"referenceName": "MRIReplica",
			"type": "LinkedServiceReference"
		},
		"folder": {
			"name": "MRI"
		},
		"annotations": [],
		"type": "SqlServerTable",
		"structure": [
			{
				"name": "JOBCODE",
				"type": "String"
			},
			{
				"name": "DESCRPTN",
				"type": "String"
			},
			{
				"name": "JOBTYPE",
				"type": "String"
			},
			{
				"name": "JOBBUDGT",
				"type": "Decimal"
			},
			{
				"name": "JOBSRTDT",
				"type": "DateTime"
			},
			{
				"name": "JIMPCDT",
				"type": "DateTime"
			},
			{
				"name": "JINACTDT",
				"type": "DateTime"
			},
			{
				"name": "JACTIVE",
				"type": "String"
			},
			{
				"name": "LASTDATE",
				"type": "DateTime"
			},
			{
				"name": "USERID",
				"type": "String"
			},
			{
				"name": "SQFEET",
				"type": "Int32"
			},
			{
				"name": "BLDGID",
				"type": "String"
			},
			{
				"name": "LEASID",
				"type": "String"
			},
			{
				"name": "REVENH",
				"type": "String"
			},
			{
				"name": "CAPRECUR",
				"type": "String"
			},
			{
				"name": "PROJAMT",
				"type": "Decimal"
			},
			{
				"name": "CHNGAMT",
				"type": "Decimal"
			},
			{
				"name": "ESCYRS",
				"type": "Int16"
			},
			{
				"name": "ACCTNUM",
				"type": "String"
			},
			{
				"name": "INSVCDT",
				"type": "DateTime"
			},
			{
				"name": "ASSETID",
				"type": "String"
			},
			{
				"name": "LIFE",
				"type": "Int16"
			},
			{
				"name": "MANAGER",
				"type": "String"
			},
			{
				"name": "JOBCOST",
				"type": "String"
			},
			{
				"name": "JC_COSTLIST",
				"type": "String"
			},
			{
				"name": "PCTGCOMP",
				"type": "Int16"
			},
			{
				"name": "RMPROPID",
				"type": "String"
			},
			{
				"name": "RMBLDGID",
				"type": "String"
			},
			{
				"name": "RMUNIT",
				"type": "String"
			},
			{
				"name": "RMSQFEET",
				"type": "Int32"
			},
			{
				"name": "SUITID",
				"type": "String"
			},
			{
				"name": "COMMENT",
				"type": "String"
			},
			{
				"name": "DEP_APP",
				"type": "String"
			}
		],
		"typeProperties": {
			"tableName": "[dbo].[GJOB]"
		}
	},
	"type": "Microsoft.DataFactory/factories/datasets"
}