{
	"name": "MRIReplicaSHIS",
	"properties": {
		"linkedServiceName": {
			"referenceName": "MRIReplica",
			"type": "LinkedServiceReference"
		},
		"folder": {
			"name": "MRI"
		},
		"annotations": [],
		"type": "SqlServerTable",
		"structure": [
			{
				"name": "BLDGID",
				"type": "String"
			},
			{
				"name": "LEASID",
				"type": "String"
			},
			{
				"name": "STYPID",
				"type": "String"
			},
			{
				"name": "RPTYID",
				"type": "String"
			},
			{
				"name": "PERIOD",
				"type": "String"
			},
			{
				"name": "RPTDATE",
				"type": "DateTime"
			},
			{
				"name": "AMOUNT",
				"type": "Decimal"
			},
			{
				"name": "LASTDATE",
				"type": "DateTime"
			},
			{
				"name": "USERID",
				"type": "String"
			},
			{
				"name": "CURRCODE",
				"type": "String"
			},
			{
				"name": "PORTALUSERID",
				"type": "String"
			},
			{
				"name": "BMGSALES",
				"type": "Decimal"
			},
			{
				"name": "BMGSECOND",
				"type": "Decimal"
			},
			{
				"name": "WBMGCALC",
				"type": "String"
			},
			{
				"name": "TURNOVER",
				"type": "Decimal"
			},
			{
				"name": "STARTDT",
				"type": "DateTime"
			},
			{
				"name": "MGCALCMODE",
				"type": "String"
			}
		],
		"typeProperties": {
			"tableName": "[dbo].[SHIS]"
		}
	},
	"type": "Microsoft.DataFactory/factories/datasets"
}