{
	"name": "MRIReplicaINCH",
	"properties": {
		"linkedServiceName": {
			"referenceName": "MRIReplica",
			"type": "LinkedServiceReference"
		},
		"folder": {
			"name": "MRI"
		},
		"annotations": [],
		"type": "SqlServerTable",
		"structure": [
			{
				"name": "INCCAT",
				"type": "String"
			},
			{
				"name": "DESCRPTN",
				"type": "String"
			},
			{
				"name": "PRIORITY",
				"type": "Int16"
			},
			{
				"name": "CATGUSAGE",
				"type": "String"
			},
			{
				"name": "BILLFREQ",
				"type": "String"
			},
			{
				"name": "BEGMONTH",
				"type": "String"
			},
			{
				"name": "LASTDATE",
				"type": "DateTime"
			},
			{
				"name": "USERID",
				"type": "String"
			},
			{
				"name": "LATEFEE",
				"type": "String"
			},
			{
				"name": "RPTTYPE",
				"type": "String"
			},
			{
				"name": "FASB13",
				"type": "String"
			},
			{
				"name": "BUDGUSAGE",
				"type": "String"
			},
			{
				"name": "RTAXGRPID",
				"type": "String"
			},
			{
				"name": "OWNERTAX",
				"type": "String"
			},
			{
				"name": "WTAXID",
				"type": "String"
			},
			{
				"name": "SUSPENSE",
				"type": "String"
			},
			{
				"name": "SUSINCCAT",
				"type": "String"
			},
			{
				"name": "MCASHTYPE",
				"type": "String"
			},
			{
				"name": "JC_COSTLIST",
				"type": "String"
			},
			{
				"name": "JC_COSTCODE",
				"type": "String"
			},
			{
				"name": "CATEGORY",
				"type": "String"
			},
			{
				"name": "FTAXEXCLUDE",
				"type": "String"
			},
			{
				"name": "CNTYCODE",
				"type": "String"
			},
			{
				"name": "MGUKCODE",
				"type": "String"
			},
			{
				"name": "AUT_DESCRPN",
				"type": "String"
			},
			{
				"name": "AUTOEXCEPTION",
				"type": "String"
			},
			{
				"name": "ADMINRECHARGE",
				"type": "String"
			},
			{
				"name": "MGRPT",
				"type": "String"
			},
			{
				"name": "SITEID",
				"type": "String"
			}
		],
		"typeProperties": {
			"tableName": "[dbo].[INCH]"
		}
	},
	"type": "Microsoft.DataFactory/factories/datasets"
}