{
	"name": "MRIReplicaTB_CM_LEDGTOJRNL",
	"properties": {
		"linkedServiceName": {
			"referenceName": "MRIReplica",
			"type": "LinkedServiceReference"
		},
		"folder": {
			"name": "MRI"
		},
		"annotations": [],
		"type": "SqlServerTable",
		"structure": [
			{
				"name": "TRANID",
				"type": "String"
			},
			{
				"name": "PERIOD",
				"type": "String"
			},
			{
				"name": "REF",
				"type": "String"
			},
			{
				"name": "SOURCE",
				"type": "String"
			},
			{
				"name": "SITEID",
				"type": "String"
			},
			{
				"name": "ITEM",
				"type": "Int16"
			}
		],
		"typeProperties": {
			"tableName": "[dbo].[TB_CM_LEDGTOJRNL]"
		}
	},
	"type": "Microsoft.DataFactory/factories/datasets"
}