{
	"name": "MRIReplicaPODT",
	"properties": {
		"linkedServiceName": {
			"referenceName": "MRIReplica",
			"type": "LinkedServiceReference"
		},
		"folder": {
			"name": "MRI"
		},
		"annotations": [],
		"type": "SqlServerTable",
		"structure": [
			{
				"name": "POPREFX",
				"type": "String"
			},
			{
				"name": "PONUM",
				"type": "String"
			},
			{
				"name": "LINENMBR",
				"type": "Int16"
			},
			{
				"name": "ITEM",
				"type": "String"
			},
			{
				"name": "ITEMDESC",
				"type": "String"
			},
			{
				"name": "USERID",
				"type": "String"
			},
			{
				"name": "QTY",
				"type": "Decimal"
			},
			{
				"name": "UNITMSR",
				"type": "String"
			},
			{
				"name": "UNITCOST",
				"type": "Decimal"
			},
			{
				"name": "NETCOST",
				"type": "Decimal"
			},
			{
				"name": "ORDSTAT",
				"type": "String"
			},
			{
				"name": "ALTITEM",
				"type": "String"
			},
			{
				"name": "ITEMTYPE",
				"type": "String"
			},
			{
				"name": "ACCTNUM",
				"type": "String"
			},
			{
				"name": "DEPARTMENT",
				"type": "String"
			},
			{
				"name": "JOBCODE",
				"type": "String"
			},
			{
				"name": "ENTITYID",
				"type": "String"
			},
			{
				"name": "RECVQTY",
				"type": "DateTime"
			},
			{
				"name": "RECEIVED",
				"type": "Decimal"
			},
			{
				"name": "INVOICED",
				"type": "Decimal"
			},
			{
				"name": "REQNUM",
				"type": "String"
			},
			{
				"name": "WRKOID",
				"type": "String"
			},
			{
				"name": "ATAXGRPID",
				"type": "String"
			},
			{
				"name": "TAXCOST",
				"type": "Decimal"
			},
			{
				"name": "TOTCOST",
				"type": "Decimal"
			},
			{
				"name": "QTYPE",
				"type": "String"
			},
			{
				"name": "AMTRECVD",
				"type": "Decimal"
			},
			{
				"name": "AMTINVCD",
				"type": "Decimal"
			},
			{
				"name": "CURRCODE",
				"type": "String"
			},
			{
				"name": "JC_PHASECODE",
				"type": "String"
			},
			{
				"name": "JC_COSTLIST",
				"type": "String"
			},
			{
				"name": "JC_COSTCODE",
				"type": "String"
			},
			{
				"name": "CATEGORY",
				"type": "String"
			},
			{
				"name": "LASTDATE",
				"type": "DateTime"
			},
			{
				"name": "CROSSSITE",
				"type": "String"
			},
			{
				"name": "ADDLDESC",
				"type": "String"
			},
			{
				"name": "MG_APPORTIONCOMPLETE",
				"type": "Int32"
			},
			{
				"name": "MG_PO_APPTID",
				"type": "String"
			},
			{
				"name": "ACTPED",
				"type": "String"
			}
		],
		"typeProperties": {
			"tableName": "[dbo].[PODT]"
		}
	},
	"type": "Microsoft.DataFactory/factories/datasets"
}