{
	"name": "MRIReplicaCMRECC",
	"properties": {
		"linkedServiceName": {
			"referenceName": "MRIReplica",
			"type": "LinkedServiceReference"
		},
		"folder": {
			"name": "MRI"
		},
		"annotations": [],
		"type": "SqlServerTable",
		"structure": [
			{
				"name": "BLDGID",
				"type": "String"
			},
			{
				"name": "LEASID",
				"type": "String"
			},
			{
				"name": "INCCAT",
				"type": "String"
			},
			{
				"name": "EFFDATE",
				"type": "DateTime"
			},
			{
				"name": "AMOUNT",
				"type": "Decimal"
			},
			{
				"name": "FRQUENCY",
				"type": "String"
			},
			{
				"name": "MFEXEMPT",
				"type": "String"
			},
			{
				"name": "BEGMONTH",
				"type": "String"
			},
			{
				"name": "CATUSAGE",
				"type": "String"
			},
			{
				"name": "CHARGEDAY",
				"type": "String"
			},
			{
				"name": "ADVANCE",
				"type": "String"
			},
			{
				"name": "LASTBILL",
				"type": "DateTime"
			},
			{
				"name": "ADDRID",
				"type": "String"
			},
			{
				"name": "BYSQFT",
				"type": "Decimal"
			},
			{
				"name": "SQFTTYPE",
				"type": "String"
			},
			{
				"name": "LASTDATE",
				"type": "DateTime"
			},
			{
				"name": "USERID",
				"type": "String"
			},
			{
				"name": "ENDDATE",
				"type": "DateTime"
			},
			{
				"name": "INEFFECT",
				"type": "String"
			},
			{
				"name": "PROPOSED",
				"type": "String"
			},
			{
				"name": "MEMOICAT",
				"type": "String"
			},
			{
				"name": "RTAXGRPID",
				"type": "String"
			},
			{
				"name": "AUTOJE",
				"type": "String"
			},
			{
				"name": "CURRCODE",
				"type": "String"
			},
			{
				"name": "DEPARTMENT",
				"type": "String"
			},
			{
				"name": "ACHFLAG",
				"type": "String"
			},
			{
				"name": "AUTOEXCEPTION",
				"type": "String"
			},
			{
				"name": "INCREASE",
				"type": "String"
			},
			{
				"name": "MG_CM_DEINVR",
				"type": "String"
			}
		],
		"typeProperties": {
			"tableName": "[dbo].[CMRECC]"
		}
	},
	"type": "Microsoft.DataFactory/factories/datasets"
}