{
	"name": "MRIReplicaPERIOD",
	"properties": {
		"linkedServiceName": {
			"referenceName": "MRIReplica",
			"type": "LinkedServiceReference"
		},
		"folder": {
			"name": "MRI"
		},
		"annotations": [],
		"type": "SqlServerTable",
		"structure": [
			{
				"name": "ENTITYID",
				"type": "String"
			},
			{
				"name": "PERIOD",
				"type": "String"
			},
			{
				"name": "DATECLSD",
				"type": "DateTime"
			},
			{
				"name": "BALFOR",
				"type": "String"
			},
			{
				"name": "APCLOSED",
				"type": "String"
			},
			{
				"name": "OWNCJEFLAG",
				"type": "String"
			},
			{
				"name": "ARCLOSED",
				"type": "String"
			}
		],
		"typeProperties": {
			"tableName": "[dbo].[PERIOD]"
		}
	},
	"type": "Microsoft.DataFactory/factories/datasets"
}