{
	"name": "MRIReplicaBUDGETS",
	"properties": {
		"linkedServiceName": {
			"referenceName": "MRIReplica",
			"type": "LinkedServiceReference"
		},
		"folder": {
			"name": "MRI"
		},
		"annotations": [],
		"type": "SqlServerTable",
		"structure": [
			{
				"name": "PERIOD",
				"type": "String"
			},
			{
				"name": "ENTITYID",
				"type": "String"
			},
			{
				"name": "DEPARTMENT",
				"type": "String"
			},
			{
				"name": "ACCTNUM",
				"type": "String"
			},
			{
				"name": "BASIS",
				"type": "String"
			},
			{
				"name": "BUDTYPE",
				"type": "String"
			},
			{
				"name": "ACTIVITY",
				"type": "Decimal"
			},
			{
				"name": "LASTDATE",
				"type": "DateTime"
			},
			{
				"name": "USERID",
				"type": "String"
			},
			{
				"name": "LOCKED",
				"type": "String"
			}
		],
		"typeProperties": {
			"tableName": "[dbo].[BUDGETS]"
		}
	},
	"type": "Microsoft.DataFactory/factories/datasets"
}