{
	"name": "SalesforceMarketingCloudFTP_recent_journeys",
	"properties": {
		"linkedServiceName": {
			"referenceName": "SalesforceMarketingCloudFTPEnterprise2",
			"type": "LinkedServiceReference"
		},
		"folder": {
			"name": "Salesforce Marketing Cloud"
		},
		"annotations": [],
		"type": "FileShare",
		"structure": [
			{
				"name": "VersionID",
				"type": "String"
			},
			{
				"name": "JourneyID",
				"type": "String"
			},
			{
				"name": "JourneyName",
				"type": "String"
			},
			{
				"name": "VersionNumber",
				"type": "String"
			},
			{
				"name": "CreatedDate",
				"type": "String"
			},
			{
				"name": "LastPublishedDate",
				"type": "String"
			},
			{
				"name": "ModifiedDate",
				"type": "String"
			},
			{
				"name": "JourneyStatus",
				"type": "String"
			}
		],
		"typeProperties": {
			"format": {
				"type": "TextFormat",
				"columnDelimiter": "|",
				"rowDelimiter": "",
				"quoteChar": "\"",
				"nullValue": "\\N",
				"encodingName": null,
				"treatEmptyAsNull": true,
				"skipLineCount": 0,
				"firstRowAsHeader": true
			},
			"fileName": "recent_journeys.txt",
			"folderPath": "/Export"
		}
	},
	"type": "Microsoft.DataFactory/factories/datasets"
}