{
	"name": "SalesforceServiceCloudCentresOutput",
	"properties": {
		"linkedServiceName": {
			"referenceName": "dataplatformstoragearea",
			"type": "LinkedServiceReference"
		},
		"folder": {
			"name": "Salesforce Service Cloud"
		},
		"annotations": [],
		"type": "AzureBlob",
		"typeProperties": {
			"format": {
				"type": "TextFormat",
				"columnDelimiter": ",",
				"rowDelimiter": "",
				"nullValue": "\\N",
				"treatEmptyAsNull": true,
				"skipLineCount": 0,
				"firstRowAsHeader": false
			},
			"fileName": "centres.csv",
			"folderPath": "salesforce-service-cloud"
		}
	},
	"type": "Microsoft.DataFactory/factories/datasets"
}