{
	"name": "SalesforceServiceCloudReferAFriend",
	"properties": {
		"linkedServiceName": {
			"referenceName": "SalesforceServiceCloud",
			"type": "LinkedServiceReference"
		},
		"folder": {
			"name": "Salesforce Service Cloud"
		},
		"annotations": [],
		"type": "SalesforceObject",
		"structure": [
			{
				"name": "Id",
				"type": "String"
			},
			{
				"name": "OwnerId",
				"type": "String"
			},
			{
				"name": "IsDeleted",
				"type": "Boolean"
			},
			{
				"name": "Name",
				"type": "String"
			},
			{
				"name": "CreatedDate",
				"type": "DateTime"
			},
			{
				"name": "CreatedById",
				"type": "String"
			},
			{
				"name": "LastModifiedDate",
				"type": "DateTime"
			},
			{
				"name": "LastModifiedById",
				"type": "String"
			},
			{
				"name": "SystemModstamp",
				"type": "DateTime"
			},
			{
				"name": "LastActivityDate",
				"type": "DateTime"
			},
			{
				"name": "LastViewedDate",
				"type": "DateTime"
			},
			{
				"name": "LastReferencedDate",
				"type": "DateTime"
			},
			{
				"name": "Referee__c",
				"type": "String"
			},
			{
				"name": "Referral_Date__c",
				"type": "DateTime"
			},
			{
				"name": "Referrer__c",
				"type": "String"
			}
		],
		"typeProperties": {
			"objectApiName": "Refer_A_Friend__c"
		}
	},
	"type": "Microsoft.DataFactory/factories/datasets"
}