{
	"name": "SalesforceMarketingCloudFTP_recent_clicks",
	"properties": {
		"linkedServiceName": {
			"referenceName": "SalesforceMarketingCloudFTPEnterprise2",
			"type": "LinkedServiceReference"
		},
		"folder": {
			"name": "Salesforce Marketing Cloud"
		},
		"annotations": [],
		"type": "FileShare",
		"structure": [
			{
				"name": "AccountID",
				"type": "Int32"
			},
			{
				"name": "OYBAccountID",
				"type": "Int32"
			},
			{
				"name": "JobID",
				"type": "Int64"
			},
			{
				"name": "ListID",
				"type": "Int32"
			},
			{
				"name": "BatchID",
				"type": "Int64"
			},
			{
				"name": "SubscriberID",
				"type": "Int32"
			},
			{
				"name": "SubscriberKey",
				"type": "String"
			},
			{
				"name": "EventDate",
				"type": "DateTime"
			},
			{
				"name": "Domain",
				"type": "String"
			},
			{
				"name": "URL",
				"type": "String"
			},
			{
				"name": "LinkName",
				"type": "String"
			},
			{
				"name": "LinkContent",
				"type": "String"
			},
			{
				"name": "IsUnique",
				"type": "Boolean"
			},
			{
				"name": "TriggererSendDefinitionObjectID",
				"type": "String"
			},
			{
				"name": "TriggeredSendCustomerKey",
				"type": "String"
			}
		],
		"typeProperties": {
			"format": {
				"type": "TextFormat",
				"columnDelimiter": "|",
				"rowDelimiter": "",
				"quoteChar": "\"",
				"nullValue": "\\N",
				"encodingName": null,
				"treatEmptyAsNull": true,
				"skipLineCount": 0,
				"firstRowAsHeader": true
			},
			"fileName": "recent_clicks.txt",
			"folderPath": "/Export"
		}
	},
	"type": "Microsoft.DataFactory/factories/datasets"
}