{
	"name": "SalesforceMarketingCloudFTP_recent_journey_activities",
	"properties": {
		"linkedServiceName": {
			"referenceName": "SalesforceMarketingCloudFTPEnterprise2",
			"type": "LinkedServiceReference"
		},
		"folder": {
			"name": "Salesforce Marketing Cloud"
		},
		"annotations": [],
		"type": "FileShare",
		"structure": [
			{
				"name": "VersionID",
				"type": "String"
			},
			{
				"name": "ActivityID",
				"type": "String"
			},
			{
				"name": "ActivityName",
				"type": "String"
			},
			{
				"name": "ActivityExternalKey",
				"type": "String"
			},
			{
				"name": "JourneyActivityObjectID",
				"type": "String"
			},
			{
				"name": "ActivityType",
				"type": "String"
			}
		],
		"typeProperties": {
			"format": {
				"type": "TextFormat",
				"columnDelimiter": "|",
				"rowDelimiter": "",
				"quoteChar": "\"",
				"nullValue": "\\N",
				"encodingName": null,
				"treatEmptyAsNull": true,
				"skipLineCount": 0,
				"firstRowAsHeader": true
			},
			"fileName": "recent_journey_activities.txt",
			"folderPath": "/Export"
		}
	},
	"type": "Microsoft.DataFactory/factories/datasets"
}