{
	"name": "SalesforceMarketingCloudCampaigns",
	"properties": {
		"linkedServiceName": {
			"referenceName": "SalesforceMarketingCloud",
			"type": "LinkedServiceReference"
		},
		"folder": {
			"name": "Salesforce Marketing Cloud"
		},
		"annotations": [],
		"type": "SalesforceMarketingCloudObject",
		"structure": [
			{
				"name": "Id",
				"type": "Int32"
			},
			{
				"name": "Name",
				"type": "String"
			},
			{
				"name": "Description",
				"type": "String"
			},
			{
				"name": "CampaignCode",
				"type": "String"
			},
			{
				"name": "Color",
				"type": "String"
			},
			{
				"name": "favorite",
				"type": "Boolean"
			},
			{
				"name": "createdDate",
				"type": "DateTime"
			},
			{
				"name": "modifiedDate",
				"type": "DateTime"
			}
		],
		"typeProperties": {
			"tableName": "\"SFMC\".\"Campaigns\""
		}
	},
	"type": "Microsoft.DataFactory/factories/datasets"
}