{
	"name": "SkyFiiProfileAPIGetRequest",
	"properties": {
		"linkedServiceName": {
			"referenceName": "SkyFiiProfileAPI",
			"type": "LinkedServiceReference"
		},
		"parameters": {
			"skyfii_id": {
				"type": "String",
				"defaultValue": "@{item().skyfii_id} "
			}
		},
		"folder": {
			"name": "SkyFii"
		},
		"annotations": [],
		"type": "RestResource",
		"typeProperties": {
			"relativeUrl": {
				"value": "@dataset().skyfii_id",
				"type": "Expression"
			},
			"requestMethod": "GET"
		}
	},
	"type": "Microsoft.DataFactory/factories/datasets"
}