{
	"name": "SourceDataset_xm8",
	"properties": {
		"linkedServiceName": {
			"referenceName": "dataplatformstoragearea",
			"type": "LinkedServiceReference"
		},
		"folder": {
			"name": "iAuditor"
		},
		"annotations": [],
		"type": "Json",
		"typeProperties": {
			"location": {
				"type": "AzureBlobStorageLocation",
				"container": "iauditor-p1"
			}
		},
		"schema": {
			"type": "object",
			"properties": {
				"template_id": {
					"type": "string"
				},
				"audit_id": {
					"type": "string"
				},
				"archived": {
					"type": "boolean"
				},
				"created_at": {
					"type": "string"
				},
				"modified_at": {
					"type": "string"
				},
				"audit_data": {
					"type": "object",
					"properties": {
						"score": {
							"type": "integer"
						},
						"total_score": {
							"type": "integer"
						},
						"score_percentage": {
							"type": "number"
						},
						"name": {
							"type": "string"
						},
						"duration": {
							"type": "integer"
						},
						"authorship": {
							"type": "object",
							"properties": {
								"device_id": {
									"type": "string"
								},
								"owner": {
									"type": "string"
								},
								"owner_id": {
									"type": "string"
								},
								"author": {
									"type": "string"
								},
								"author_id": {
									"type": "string"
								}
							}
						},
						"date_completed": {
							"type": "string"
						},
						"date_modified": {
							"type": "string"
						},
						"date_started": {
							"type": "string"
						}
					}
				},
				"template_data": {
					"type": "object",
					"properties": {
						"authorship": {
							"type": "object",
							"properties": {
								"device_id": {
									"type": "string"
								},
								"owner": {
									"type": "string"
								},
								"owner_id": {
									"type": "string"
								},
								"author": {
									"type": "string"
								},
								"author_id": {
									"type": "string"
								}
							}
						},
						"metadata": {
							"type": "object",
							"properties": {
								"description": {
									"type": "string"
								},
								"name": {
									"type": "string"
								}
							}
						},
						"response_sets": {
							"type": "object"
						}
					}
				},
				"header_items": {
					"type": "array",
					"items": {
						"type": "object",
						"properties": {
							"item_id": {
								"type": "string"
							},
							"label": {
								"type": "string"
							},
							"type": {
								"type": "string"
							},
							"children": {
								"type": "string"
							}
						}
					}
				},
				"items": {
					"type": "array",
					"items": {
						"type": "object",
						"properties": {
							"item_id": {
								"type": "string"
							},
							"label": {
								"type": "string"
							},
							"type": {
								"type": "string"
							},
							"scoring": {
								"type": "string"
							},
							"children": {
								"type": "string"
							}
						}
					}
				}
			}
		}
	},
	"type": "Microsoft.DataFactory/factories/datasets"
}