{
	"name": "SQLDataWarehouse_staging_coniq_customer_source",
	"properties": {
		"linkedServiceName": {
			"referenceName": "SQLDataWarehouse",
			"type": "LinkedServiceReference"
		},
		"folder": {
			"name": "SQL Data Warehouse"
		},
		"annotations": [],
		"type": "AzureSqlDWTable",
		"structure": [
			{
				"name": "coniq_customer_id",
				"type": "Int32"
			},
			{
				"name": "signup",
				"type": "String"
			},
			{
				"name": "source_date",
				"type": "String"
			},
			{
				"name": "reference",
				"type": "String"
			},
			{
				"name": "channel",
				"type": "String"
			}
		],
		"typeProperties": {
			"tableName": "[staging].[coniq_customer_source]"
		}
	},
	"type": "Microsoft.DataFactory/factories/datasets"
}