{
	"name": "SQLDataWarehouse_staging_mri_suit_deletion",
	"properties": {
		"linkedServiceName": {
			"referenceName": "SQLDataWarehouse",
			"type": "LinkedServiceReference"
		},
		"folder": {
			"name": "SQL Data Warehouse"
		},
		"annotations": [],
		"type": "AzureSqlDWTable",
		"structure": [
			{
				"name": "BLDGID",
				"type": "String"
			},
			{
				"name": "SUITID",
				"type": "String"
			}
		],
		"typeProperties": {
			"tableName": "[staging].[mri_suit_deletion]"
		}
	},
	"type": "Microsoft.DataFactory/factories/datasets"
}