{
	"name": "SQLDataWarehouse_staging_magnet_budget_ratio",
	"properties": {
		"linkedServiceName": {
			"referenceName": "SQLDataWarehouse",
			"type": "LinkedServiceReference"
		},
		"folder": {
			"name": "SQL Data Warehouse"
		},
		"annotations": [],
		"type": "AzureSqlDWTable",
		"structure": [
			{
				"name": "CENTRE",
				"type": "String"
			},
			{
				"name": "YEAR",
				"type": "String"
			},
			{
				"name": "WEEK_START",
				"type": "String"
			},
			{
				"name": "MONDAY",
				"type": "String"
			},
			{
				"name": "TUESDAY",
				"type": "String"
			},
			{
				"name": "WEDNESDAY",
				"type": "String"
			},
			{
				"name": "THURSDAY",
				"type": "String"
			},
			{
				"name": "FRIDAY",
				"type": "String"
			},
			{
				"name": "SATURDAY",
				"type": "String"
			},
			{
				"name": "SUNDAY",
				"type": "String"
			}
		],
		"typeProperties": {
			"tableName": "[staging].[magnet_budget_ratio]"
		}
	},
	"type": "Microsoft.DataFactory/factories/datasets"
}