{
	"name": "SQLDataWarehouse_staging_magnet_lease",
	"properties": {
		"linkedServiceName": {
			"referenceName": "SQLDataWarehouse",
			"type": "LinkedServiceReference"
		},
		"folder": {
			"name": "SQL Data Warehouse"
		},
		"annotations": [],
		"type": "AzureSqlDWTable",
		"structure": [
			{
				"name": "CENTRE",
				"type": "String"
			},
			{
				"name": "PHASE",
				"type": "String"
			},
			{
				"name": "TENANT",
				"type": "String"
			},
			{
				"name": "TENANTID",
				"type": "String"
			},
			{
				"name": "LEASEID",
				"type": "String"
			},
			{
				"name": "MGLEASEID",
				"type": "String"
			},
			{
				"name": "UNITID",
				"type": "String"
			},
			{
				"name": "UNITREF",
				"type": "String"
			},
			{
				"name": "STARTDATE",
				"type": "String"
			},
			{
				"name": "ENDDATE",
				"type": "String"
			}
		],
		"typeProperties": {
			"tableName": "[staging].[magnet_lease]"
		}
	},
	"type": "Microsoft.DataFactory/factories/datasets"
}