{
	"name": "SQLDataWarehouse_staging_magnet_property_unit",
	"properties": {
		"linkedServiceName": {
			"referenceName": "SQLDataWarehouse",
			"type": "LinkedServiceReference"
		},
		"folder": {
			"name": "SQL Data Warehouse"
		},
		"annotations": [],
		"type": "AzureSqlDWTable",
		"structure": [
			{
				"name": "property_id",
				"type": "String"
			},
			{
				"name": "unit_name",
				"type": "String"
			},
			{
				"name": "unit_id",
				"type": "String"
			},
			{
				"name": "lease_id",
				"type": "String"
			},
			{
				"name": "lease_status",
				"type": "String"
			},
			{
				"name": "phase",
				"type": "String"
			},
			{
				"name": "area_sqft",
				"type": "Int32"
			},
			{
				"name": "area_sqm",
				"type": "Int32"
			},
			{
				"name": "magnet_store_id",
				"type": "String"
			},
			{
				"name": "brand",
				"type": "String"
			},
			{
				"name": "sales_start_date",
				"type": "DateTime"
			},
			{
				"name": "sales_end_date",
				"type": "DateTime"
			},
			{
				"name": "brand_opening_date",
				"type": "DateTime"
			}
		],
		"typeProperties": {
			"tableName": "[staging].[magnet_property_unit]"
		}
	},
	"type": "Microsoft.DataFactory/factories/datasets"
}