{
	"name": "SQLDataWarehouse_staging_mri_bldg",
	"properties": {
		"linkedServiceName": {
			"referenceName": "SQLDataWarehouse",
			"type": "LinkedServiceReference"
		},
		"folder": {
			"name": "SQL Data Warehouse"
		},
		"annotations": [],
		"type": "AzureSqlDWTable",
		"structure": [
			{
				"name": "BLDGID",
				"type": "String"
			},
			{
				"name": "BLDGNAME",
				"type": "String"
			},
			{
				"name": "CITY",
				"type": "String"
			},
			{
				"name": "STATE",
				"type": "String"
			},
			{
				"name": "ZIPCODE",
				"type": "String"
			},
			{
				"name": "LLRDID",
				"type": "String"
			},
			{
				"name": "PAYTO",
				"type": "String"
			},
			{
				"name": "BLDGGLA",
				"type": "Decimal"
			},
			{
				"name": "SDINTRST",
				"type": "Decimal"
			},
			{
				"name": "ADDRESS1",
				"type": "String"
			},
			{
				"name": "ADDRESS2",
				"type": "String"
			},
			{
				"name": "PHONENO",
				"type": "String"
			},
			{
				"name": "BILLDATE",
				"type": "DateTime"
			},
			{
				"name": "NMBRUNIT",
				"type": "Int32"
			},
			{
				"name": "MNGRID",
				"type": "String"
			},
			{
				"name": "MGRSTDAT",
				"type": "DateTime"
			},
			{
				"name": "MGREXDAT",
				"type": "DateTime"
			},
			{
				"name": "PRTSTAT",
				"type": "String"
			},
			{
				"name": "DAYDUE",
				"type": "Int16"
			},
			{
				"name": "DELQDAY",
				"type": "Int16"
			},
			{
				"name": "DELQOPT",
				"type": "String"
			},
			{
				"name": "LATEFLAT",
				"type": "Decimal"
			},
			{
				"name": "LATERATE",
				"type": "Double"
			},
			{
				"name": "LATECALC",
				"type": "String"
			},
			{
				"name": "MGMTRATE",
				"type": "Double"
			},
			{
				"name": "NCFLAG",
				"type": "String"
			},
			{
				"name": "LASTDATE",
				"type": "DateTime"
			},
			{
				"name": "USERID",
				"type": "String"
			},
			{
				"name": "INACTIVE",
				"type": "String"
			},
			{
				"name": "ICASHTYP",
				"type": "String"
			},
			{
				"name": "DCASHTYP",
				"type": "String"
			},
			{
				"name": "CPIINDEX",
				"type": "String"
			},
			{
				"name": "PTWID",
				"type": "String"
			},
			{
				"name": "ENTITYID",
				"type": "String"
			},
			{
				"name": "ALTADDR1",
				"type": "String"
			},
			{
				"name": "ALTADDR2",
				"type": "String"
			},
			{
				"name": "ALTCITY",
				"type": "String"
			},
			{
				"name": "ALTSTATE",
				"type": "String"
			},
			{
				"name": "ALTZIP",
				"type": "String"
			},
			{
				"name": "CLOSEDAY",
				"type": "String"
			},
			{
				"name": "FEDIDTYP",
				"type": "String"
			},
			{
				"name": "FEEMETH",
				"type": "String"
			},
			{
				"name": "FLATAMT",
				"type": "Decimal"
			},
			{
				"name": "MGMTACC",
				"type": "String"
			},
			{
				"name": "MGMTCASH",
				"type": "String"
			},
			{
				"name": "REFNDACC",
				"type": "String"
			},
			{
				"name": "REFNDCAS",
				"type": "String"
			},
			{
				"name": "SECURACC",
				"type": "String"
			},
			{
				"name": "SECURCAS",
				"type": "String"
			},
			{
				"name": "COUNTY",
				"type": "String"
			},
			{
				"name": "ALTCOUNT",
				"type": "String"
			},
			{
				"name": "PROCDATE",
				"type": "DateTime"
			},
			{
				"name": "CMINTRAC",
				"type": "String"
			},
			{
				"name": "OCCSUITE",
				"type": "Int32"
			},
			{
				"name": "OCCGLA",
				"type": "Decimal"
			},
			{
				"name": "GLDETAIL",
				"type": "String"
			},
			{
				"name": "STARTINV",
				"type": "Int32"
			},
			{
				"name": "FASB13",
				"type": "String"
			},
			{
				"name": "SQFTTYPE",
				"type": "String"
			},
			{
				"name": "FASBSTRT",
				"type": "DateTime"
			},
			{
				"name": "PROFILE",
				"type": "String"
			},
			{
				"name": "WOINCCAT",
				"type": "String"
			},
			{
				"name": "MARKUP",
				"type": "Decimal"
			},
			{
				"name": "MINCCAT",
				"type": "String"
			},
			{
				"name": "TICKFORM",
				"type": "String"
			},
			{
				"name": "SCANCODEID",
				"type": "String"
			},
			{
				"name": "RPTYPRI1",
				"type": "String"
			},
			{
				"name": "RPTYPRI2",
				"type": "String"
			},
			{
				"name": "RPTYPRI3",
				"type": "String"
			},
			{
				"name": "RPTYPRI4",
				"type": "String"
			},
			{
				"name": "RPTYPRI5",
				"type": "String"
			},
			{
				"name": "BILLEVEL",
				"type": "String"
			},
			{
				"name": "ESTLEVEL",
				"type": "String"
			},
			{
				"name": "RECLEVEL",
				"type": "String"
			},
			{
				"name": "NATURAL",
				"type": "String"
			},
			{
				"name": "NINCCAT1",
				"type": "String"
			},
			{
				"name": "NINCCAT2",
				"type": "String"
			},
			{
				"name": "NINCCAT3",
				"type": "String"
			},
			{
				"name": "ESTMETH",
				"type": "String"
			},
			{
				"name": "BILLPNT",
				"type": "String"
			},
			{
				"name": "CALCEST",
				"type": "String"
			},
			{
				"name": "REQRPTY",
				"type": "String"
			},
			{
				"name": "FORETYPE",
				"type": "String"
			},
			{
				"name": "PERCCHNG",
				"type": "Decimal"
			},
			{
				"name": "RETAIL",
				"type": "String"
			},
			{
				"name": "NRECID",
				"type": "String"
			},
			{
				"name": "BASIS",
				"type": "String"
			},
			{
				"name": "MGMTNONT",
				"type": "String"
			},
			{
				"name": "MGMTSECAPP",
				"type": "String"
			},
			{
				"name": "MGMTCRAPP",
				"type": "String"
			},
			{
				"name": "MGMTVENDID",
				"type": "String"
			},
			{
				"name": "LTFEEDAYS",
				"type": "Int16"
			},
			{
				"name": "LTFCAMT",
				"type": "Decimal"
			},
			{
				"name": "OPTED",
				"type": "String"
			},
			{
				"name": "FREEHOLD",
				"type": "String"
			},
			{
				"name": "ELECDATE",
				"type": "DateTime"
			},
			{
				"name": "PURCPRCE",
				"type": "Double"
			},
			{
				"name": "PURCCOST",
				"type": "Double"
			},
			{
				"name": "ADDCOSTS",
				"type": "Double"
			},
			{
				"name": "BOOKVALU",
				"type": "Double"
			},
			{
				"name": "INSPEFRQ",
				"type": "Int16"
			},
			{
				"name": "LASTINSP",
				"type": "DateTime"
			},
			{
				"name": "INSPECBY",
				"type": "String"
			},
			{
				"name": "CURRVALU",
				"type": "Double"
			},
			{
				"name": "CURRVALR",
				"type": "String"
			},
			{
				"name": "PURCFROM",
				"type": "String"
			},
			{
				"name": "PURCDATE",
				"type": "DateTime"
			},
			{
				"name": "BASEVALU",
				"type": "Double"
			},
			{
				"name": "SINKFUND",
				"type": "String"
			},
			{
				"name": "SERVCHRG",
				"type": "String"
			},
			{
				"name": "DESCRIP1",
				"type": "String"
			},
			{
				"name": "LOCALAUT",
				"type": "String"
			},
			{
				"name": "LASTVALN",
				"type": "DateTime"
			},
			{
				"name": "PRTYTYPE",
				"type": "String"
			},
			{
				"name": "CONSDATE",
				"type": "Int16"
			},
			{
				"name": "GEOGTYPE",
				"type": "String"
			},
			{
				"name": "USECATGY",
				"type": "String"
			},
			{
				"name": "RATNGASS",
				"type": "Int32"
			},
			{
				"name": "ASSESDTE",
				"type": "DateTime"
			},
			{
				"name": "UBRRATE",
				"type": "Decimal"
			},
			{
				"name": "UBRAMOUT",
				"type": "Int32"
			},
			{
				"name": "TITLEHED",
				"type": "String"
			},
			{
				"name": "COMPDATE",
				"type": "DateTime"
			},
			{
				"name": "RETENTIN",
				"type": "String"
			},
			{
				"name": "SALEDATE",
				"type": "DateTime"
			},
			{
				"name": "SALEPRCE",
				"type": "Double"
			},
			{
				"name": "SALERTNT",
				"type": "String"
			},
			{
				"name": "SOLDTO",
				"type": "String"
			},
			{
				"name": "SCSUPERL",
				"type": "String"
			},
			{
				"name": "SCHRGSCH",
				"type": "String"
			},
			{
				"name": "SCHGEFEE",
				"type": "Decimal"
			},
			{
				"name": "SCFLATFB",
				"type": "String"
			},
			{
				"name": "SCRNTCOL",
				"type": "String"
			},
			{
				"name": "SCINTCHG",
				"type": "String"
			},
			{
				"name": "SCINTPAD",
				"type": "String"
			},
			{
				"name": "SCSTAFFE",
				"type": "String"
			},
			{
				"name": "MGNGAGNT",
				"type": "String"
			},
			{
				"name": "RATEAUTH",
				"type": "String"
			},
			{
				"name": "SCYREND",
				"type": "String"
			},
			{
				"name": "SCHRGFRQ",
				"type": "String"
			},
			{
				"name": "SCPDACCT",
				"type": "String"
			},
			{
				"name": "SCPAIDAV",
				"type": "String"
			},
			{
				"name": "SCTRTRNT",
				"type": "String"
			},
			{
				"name": "SCSINKFD",
				"type": "String"
			},
			{
				"name": "CARPARKS",
				"type": "Int16"
			},
			{
				"name": "SALEEXCD",
				"type": "DateTime"
			},
			{
				"name": "SALECOST",
				"type": "Double"
			},
			{
				"name": "ELECBRD",
				"type": "String"
			},
			{
				"name": "GASBRD",
				"type": "String"
			},
			{
				"name": "WATERBRD",
				"type": "String"
			},
			{
				"name": "MAINPLAN",
				"type": "String"
			},
			{
				"name": "MAINUSE",
				"type": "String"
			},
			{
				"name": "ATAXACCT",
				"type": "String"
			},
			{
				"name": "ATAXCASH",
				"type": "String"
			},
			{
				"name": "CONTCODE",
				"type": "String"
			},
			{
				"name": "CNTYCODE",
				"type": "String"
			},
			{
				"name": "PRACCODE",
				"type": "String"
			},
			{
				"name": "DVMNCODE",
				"type": "String"
			},
			{
				"name": "JVENCODE",
				"type": "String"
			},
			{
				"name": "CNTROPEN",
				"type": "DateTime"
			},
			{
				"name": "RANGETYPE",
				"type": "String"
			},
			{
				"name": "MGMTDEPT",
				"type": "String"
			},
			{
				"name": "MGMTRTAXGRP",
				"type": "String"
			},
			{
				"name": "ORIGINATORID",
				"type": "String"
			},
			{
				"name": "MGMTBILLFLAT",
				"type": "String"
			},
			{
				"name": "MERCHANTID",
				"type": "String"
			},
			{
				"name": "MERCHANTPASSWORD",
				"type": "String"
			},
			{
				"name": "RECPTTYPEID",
				"type": "String"
			},
			{
				"name": "BAPPLYBYPRIORITY",
				"type": "String"
			},
			{
				"name": "URL",
				"type": "String"
			},
			{
				"name": "ATTACHID",
				"type": "String"
			},
			{
				"name": "FAXNO",
				"type": "String"
			},
			{
				"name": "DESCRIP2",
				"type": "String"
			},
			{
				"name": "DESCRIP3",
				"type": "String"
			},
			{
				"name": "BLDGMATRIXOPTION",
				"type": "String"
			},
			{
				"name": "MATRIXID",
				"type": "Double"
			},
			{
				"name": "BASEUOM",
				"type": "String"
			},
			{
				"name": "ALTERNATEUOM",
				"type": "String"
			},
			{
				"name": "USEALTERNATEUOM",
				"type": "String"
			},
			{
				"name": "BRANDNET",
				"type": "String"
			},
			{
				"name": "MG_EMAIL",
				"type": "String"
			},
			{
				"name": "FEDID",
				"type": "String"
			},
			{
				"name": "MAP",
				"type": "String"
			},
			{
				"name": "SRVCCRED",
				"type": "String"
			},
			{
				"name": "SRVCDEBT",
				"type": "String"
			},
			{
				"name": "ALLOWPARTPMNT",
				"type": "String"
			},
			{
				"name": "BLDGALIAS",
				"type": "String"
			},
			{
				"name": "ALLOWCREDIT",
				"type": "String"
			},
			{
				"name": "ALLOWCREDITAPPLY",
				"type": "String"
			},
			{
				"name": "ACHPROVIDER",
				"type": "String"
			},
			{
				"name": "CCPROVIDER",
				"type": "String"
			},
			{
				"name": "RECCPROVIDER",
				"type": "String"
			},
			{
				"name": "BANKID",
				"type": "String"
			},
			{
				"name": "LOGOREF",
				"type": "String"
			},
			{
				"name": "DISPLAYPROVIDERLOGO",
				"type": "String"
			}
		],
		"typeProperties": {
			"tableName": "[staging].[mri_bldg]"
		}
	},
	"type": "Microsoft.DataFactory/factories/datasets"
}