{
	"name": "SQLDataWarehouse_staging_salesforce_marketing_cloud_journey_activities",
	"properties": {
		"linkedServiceName": {
			"referenceName": "SQLDataWarehouse",
			"type": "LinkedServiceReference"
		},
		"folder": {
			"name": "SQL Data Warehouse"
		},
		"annotations": [],
		"type": "AzureSqlDWTable",
		"structure": [
			{
				"name": "VersionID",
				"type": "String"
			},
			{
				"name": "ActivityID",
				"type": "String"
			},
			{
				"name": "ActivityName",
				"type": "String"
			},
			{
				"name": "ActivityExternalKey",
				"type": "String"
			},
			{
				"name": "JourneyActivityObjectID",
				"type": "String"
			},
			{
				"name": "ActivityType",
				"type": "String"
			}
		],
		"typeProperties": {
			"tableName": "[staging].[salesforce_marketing_cloud_journey_activity]"
		}
	},
	"type": "Microsoft.DataFactory/factories/datasets"
}