{
	"name": "SQLDataWarehouse_sqllon04_taxfreesales",
	"properties": {
		"linkedServiceName": {
			"referenceName": "SQLDataWarehouse",
			"type": "LinkedServiceReference"
		},
		"folder": {
			"name": "SQL Data Warehouse"
		},
		"annotations": [],
		"type": "AzureSqlDWTable",
		"structure": [
			{
				"name": "TaxFreeSales_ID",
				"type": "Int32"
			},
			{
				"name": "TheDate",
				"type": "Date"
			},
			{
				"name": "Period",
				"type": "String"
			},
			{
				"name": "Centre_ID",
				"type": "Int32"
			},
			{
				"name": "Nationality_ID",
				"type": "Int32"
			},
			{
				"name": "TaxFreeProvider_ID",
				"type": "Int32"
			},
			{
				"name": "Sales",
				"type": "Decimal"
			},
			{
				"name": "Transactions",
				"type": "Int32"
			},
			{
				"name": "Created_Datetime",
				"type": "DateTime"
			},
			{
				"name": "Updated_Datetime",
				"type": "DateTime"
			}
		],
		"typeProperties": {
			"tableName": "[SQL-LON-04].[TaxFreeSales]"
		}
	},
	"type": "Microsoft.DataFactory/factories/datasets"
}