{
	"name": "SQLDataWarehouse_staging_salesforce_marketing_cloud_list",
	"properties": {
		"linkedServiceName": {
			"referenceName": "SQLDataWarehouse",
			"type": "LinkedServiceReference"
		},
		"folder": {
			"name": "SQL Data Warehouse"
		},
		"annotations": [],
		"type": "AzureSqlDWTable",
		"structure": [
			{
				"name": "ListID",
				"type": "Int32"
			},
			{
				"name": "ListName",
				"type": "String"
			}
		],
		"typeProperties": {
			"tableName": "[staging].[salesforce_marketing_cloud_list]"
		}
	},
	"type": "Microsoft.DataFactory/factories/datasets"
}