{
	"name": "SQLDataWarehouse_mri_pohd",
	"properties": {
		"linkedServiceName": {
			"referenceName": "SQLDataWarehouseLargeResourceClass",
			"type": "LinkedServiceReference"
		},
		"folder": {
			"name": "SQL Data Warehouse"
		},
		"annotations": [],
		"type": "AzureSqlDWTable",
		"structure": [
			{
				"name": "POPREFX",
				"type": "String"
			},
			{
				"name": "PONUM",
				"type": "String"
			},
			{
				"name": "VENDID",
				"type": "String"
			},
			{
				"name": "VENDSUB",
				"type": "String"
			},
			{
				"name": "ENTERED",
				"type": "DateTime"
			},
			{
				"name": "PODESC",
				"type": "String"
			},
			{
				"name": "REQBY",
				"type": "String"
			},
			{
				"name": "TERMS",
				"type": "String"
			},
			{
				"name": "DELVDATE",
				"type": "DateTime"
			},
			{
				"name": "CONTACT",
				"type": "String"
			},
			{
				"name": "CONTPHON",
				"type": "String"
			},
			{
				"name": "SHIPVIA",
				"type": "String"
			},
			{
				"name": "CANCLAFT",
				"type": "DateTime"
			},
			{
				"name": "APPROVED",
				"type": "DateTime"
			},
			{
				"name": "APPRVDBY",
				"type": "String"
			},
			{
				"name": "APPROVE2",
				"type": "DateTime"
			},
			{
				"name": "APPRV2BY",
				"type": "String"
			},
			{
				"name": "ORDSTAT",
				"type": "String"
			},
			{
				"name": "TAXABLE",
				"type": "String"
			},
			{
				"name": "TAXEXEMP",
				"type": "String"
			},
			{
				"name": "SHIPADR1",
				"type": "String"
			},
			{
				"name": "SHIPADR2",
				"type": "String"
			},
			{
				"name": "SHIPADR3",
				"type": "String"
			},
			{
				"name": "SHIPCITY",
				"type": "String"
			},
			{
				"name": "SHIPST",
				"type": "String"
			},
			{
				"name": "SHIPZIP",
				"type": "String"
			},
			{
				"name": "BILLADR1",
				"type": "String"
			},
			{
				"name": "BILLADR2",
				"type": "String"
			},
			{
				"name": "BILLADR3",
				"type": "String"
			},
			{
				"name": "BILLCITY",
				"type": "String"
			},
			{
				"name": "BILLST",
				"type": "String"
			},
			{
				"name": "BILLZIP",
				"type": "String"
			},
			{
				"name": "SITEID",
				"type": "String"
			},
			{
				"name": "CURRCODE",
				"type": "String"
			},
			{
				"name": "TOTAL",
				"type": "Decimal"
			},
			{
				"name": "TYPE",
				"type": "String"
			},
			{
				"name": "PRNTDATE",
				"type": "DateTime"
			},
			{
				"name": "LASTDATE",
				"type": "DateTime"
			},
			{
				"name": "USERID",
				"type": "String"
			},
			{
				"name": "INVOICE",
				"type": "String"
			},
			{
				"name": "REFPONUM",
				"type": "String"
			},
			{
				"name": "INTERNAL",
				"type": "String"
			},
			{
				"name": "SHIPCOST",
				"type": "Decimal"
			},
			{
				"name": "FREIGHT",
				"type": "String"
			},
			{
				"name": "BLKTPONUM",
				"type": "String"
			},
			{
				"name": "CROSSSITE",
				"type": "String"
			},
			{
				"name": "ALLOCODE",
				"type": "String"
			},
			{
				"name": "OUTSIDEBUD",
				"type": "String"
			},
			{
				"name": "ADDLDESC",
				"type": "String"
			},
			{
				"name": "ESTEXPPED",
				"type": "String"
			},
			{
				"name": "EXPCTRLFLAG",
				"type": "String"
			},
			{
				"name": "SHIPCNTY",
				"type": "String"
			},
			{
				"name": "BILLCNTY",
				"type": "String"
			},
			{
				"name": "MG_AP_RECHARGE",
				"type": "String"
			},
			{
				"name": "APPUPDATED",
				"type": "String"
			},
			{
				"name": "USRSTATUS",
				"type": "String"
			}
		],
		"typeProperties": {
			"tableName": "[mri].[POHD]"
		}
	},
	"type": "Microsoft.DataFactory/factories/datasets"
}