{
	"name": "SQLDataWarehouse_staging_magnet_store_analysis",
	"properties": {
		"linkedServiceName": {
			"referenceName": "SQLDataWarehouse",
			"type": "LinkedServiceReference"
		},
		"folder": {
			"name": "SQL Data Warehouse"
		},
		"annotations": [],
		"type": "AzureSqlDWTable",
		"structure": [
			{
				"name": "TENANTID",
				"type": "String"
			},
			{
				"name": "TENANT",
				"type": "String"
			},
			{
				"name": "CENTRE",
				"type": "String"
			},
			{
				"name": "DATE",
				"type": "String"
			},
			{
				"name": "STRENGTHS",
				"type": "String"
			},
			{
				"name": "DEVELOPMENT",
				"type": "String"
			},
			{
				"name": "RECOMMENDATIONS",
				"type": "String"
			}
		],
		"typeProperties": {
			"tableName": "[staging].[magnet_store_analysis]"
		}
	},
	"type": "Microsoft.DataFactory/factories/datasets"
}