{
	"name": "SQLDataWarehouse_staging_coniq_barcode",
	"properties": {
		"linkedServiceName": {
			"referenceName": "SQLDataWarehouse",
			"type": "LinkedServiceReference"
		},
		"folder": {
			"name": "SQL Data Warehouse"
		},
		"annotations": [],
		"type": "AzureSqlDWTable",
		"structure": [
			{
				"name": "barcode_number",
				"type": "String"
			},
			{
				"name": "offer_id",
				"type": "Int32"
			},
			{
				"name": "customer_id",
				"type": "Int32"
			},
			{
				"name": "channel",
				"type": "String"
			},
			{
				"name": "tracking_code",
				"type": "String"
			},
			{
				"name": "image_url",
				"type": "String"
			},
			{
				"name": "active",
				"type": "Boolean"
			},
			{
				"name": "expiry_date",
				"type": "String"
			},
			{
				"name": "created_datetime_utc",
				"type": "String"
			}
		],
		"typeProperties": {
			"tableName": "[staging].[coniq_barcode]"
		}
	},
	"type": "Microsoft.DataFactory/factories/datasets"
}