{
	"name": "SQLDataWarehouse_staging_salesforce_marketing_cloud_opens",
	"properties": {
		"linkedServiceName": {
			"referenceName": "SQLDataWarehouse",
			"type": "LinkedServiceReference"
		},
		"folder": {
			"name": "SQL Data Warehouse"
		},
		"annotations": [],
		"type": "AzureSqlDWTable",
		"structure": [
			{
				"name": "AccountID",
				"type": "Int32"
			},
			{
				"name": "OYBAccountID",
				"type": "Int32"
			},
			{
				"name": "JobID",
				"type": "Int32"
			},
			{
				"name": "ListID",
				"type": "Int32"
			},
			{
				"name": "BatchID",
				"type": "Int32"
			},
			{
				"name": "SubscriberID",
				"type": "Int32"
			},
			{
				"name": "SubscriberKey",
				"type": "String"
			},
			{
				"name": "EventDate",
				"type": "DateTime"
			},
			{
				"name": "Domain",
				"type": "String"
			},
			{
				"name": "IsUnique",
				"type": "Boolean"
			},
			{
				"name": "TriggererSendDefinitionObjectID",
				"type": "String"
			},
			{
				"name": "TriggeredSendCustomerKey",
				"type": "String"
			}
		],
		"typeProperties": {
			"tableName": "[staging].[salesforce_marketing_cloud_opens]"
		}
	},
	"type": "Microsoft.DataFactory/factories/datasets"
}