{
	"name": "SQLDataWarehouse_sqllon04_nationality",
	"properties": {
		"linkedServiceName": {
			"referenceName": "SQLDataWarehouse",
			"type": "LinkedServiceReference"
		},
		"folder": {
			"name": "SQL Data Warehouse"
		},
		"annotations": [],
		"type": "AzureSqlDWTable",
		"structure": [
			{
				"name": "Nationality_ID",
				"type": "Int32"
			},
			{
				"name": "Nationality_Name",
				"type": "String"
			},
			{
				"name": "NationalityGroup_ID",
				"type": "Int32"
			},
			{
				"name": "magNET_ID",
				"type": "Int32"
			},
			{
				"name": "Created_Datetime",
				"type": "DateTime"
			},
			{
				"name": "Updated_Datetime",
				"type": "DateTime"
			}
		],
		"typeProperties": {
			"tableName": "[SQL-LON-04].[Nationality]"
		}
	},
	"type": "Microsoft.DataFactory/factories/datasets"
}