{
	"name": "SQLDataWarehouse_staging_mri_invc",
	"properties": {
		"linkedServiceName": {
			"referenceName": "SQLDataWarehouse",
			"type": "LinkedServiceReference"
		},
		"folder": {
			"name": "SQL Data Warehouse"
		},
		"annotations": [],
		"type": "AzureSqlDWTable",
		"structure": [
			{
				"name": "VENDID",
				"type": "String"
			},
			{
				"name": "INVOICE",
				"type": "String"
			},
			{
				"name": "EXPPED",
				"type": "String"
			},
			{
				"name": "INVCDATE",
				"type": "DateTime"
			},
			{
				"name": "DUEDATE",
				"type": "DateTime"
			},
			{
				"name": "INVCAMT",
				"type": "Decimal"
			},
			{
				"name": "PAIDAMT",
				"type": "Decimal"
			},
			{
				"name": "SEPCHECK",
				"type": "String"
			},
			{
				"name": "PONUM",
				"type": "String"
			},
			{
				"name": "LASTDATE",
				"type": "DateTime"
			},
			{
				"name": "SESSION",
				"type": "String"
			},
			{
				"name": "USERID",
				"type": "String"
			},
			{
				"name": "PARTIALPRG",
				"type": "String"
			},
			{
				"name": "ATAXAMT",
				"type": "Decimal"
			},
			{
				"name": "INVCTOT",
				"type": "Decimal"
			},
			{
				"name": "STATUS",
				"type": "String"
			},
			{
				"name": "AUTHDATE",
				"type": "DateTime"
			},
			{
				"name": "AUTHLOC",
				"type": "String"
			},
			{
				"name": "AUTHID",
				"type": "String"
			},
			{
				"name": "ECURCODE",
				"type": "String"
			},
			{
				"name": "PLANID",
				"type": "String"
			},
			{
				"name": "SITEID",
				"type": "String"
			},
			{
				"name": "PROTYPE",
				"type": "String"
			},
			{
				"name": "PBEGDATE",
				"type": "DateTime"
			},
			{
				"name": "PENDDATE",
				"type": "DateTime"
			},
			{
				"name": "INCLATAXAMT",
				"type": "Decimal"
			},
			{
				"name": "JOBCOST",
				"type": "String"
			},
			{
				"name": "CROSSSITE",
				"type": "String"
			},
			{
				"name": "ALLOCODE",
				"type": "String"
			},
			{
				"name": "VENDID2ND",
				"type": "String"
			},
			{
				"name": "DESCRPTN",
				"type": "String"
			},
			{
				"name": "OUTSIDEBUD",
				"type": "String"
			},
			{
				"name": "TAXPTDATECALC",
				"type": "DateTime"
			},
			{
				"name": "EXPCTRLFLAG",
				"type": "String"
			},
			{
				"name": "APINVCTYPEID",
				"type": "String"
			},
			{
				"name": "OWNTBL",
				"type": "String"
			},
			{
				"name": "OWNYEAR",
				"type": "String"
			},
			{
				"name": "OWNNUM",
				"type": "Double"
			},
			{
				"name": "CTRYTBL",
				"type": "String"
			},
			{
				"name": "CTRYYEAR",
				"type": "String"
			},
			{
				"name": "CTRYNUM",
				"type": "Double"
			},
			{
				"name": "M_SESSION",
				"type": "String"
			},
			{
				"name": "ENTRYDT",
				"type": "DateTime"
			},
			{
				"name": "ENTITYTBL",
				"type": "String"
			},
			{
				"name": "ENTITYYEAR",
				"type": "String"
			},
			{
				"name": "ENTITYNUM",
				"type": "Double"
			},
			{
				"name": "MG_APSEQNUM",
				"type": "String"
			},
			{
				"name": "APIMPORTNUM",
				"type": "String"
			},
			{
				"name": "PERIODDATE",
				"type": "DateTime"
			},
			{
				"name": "ALTADDRID",
				"type": "String"
			},
			{
				"name": "INTERFACEID",
				"type": "Double"
			},
			{
				"name": "INTFMARKER",
				"type": "String"
			},
			{
				"name": "WITHHOLDINGPERCENTID",
				"type": "String"
			},
			{
				"name": "SCANNEDCOPYURL",
				"type": "String"
			},
			{
				"name": "UIC",
				"type": "Int32"
			},
			{
				"name": "CheckPrintingPriorityID",
				"type": "String"
			},
			{
				"name": "REJECTNOTES",
				"type": "String"
			}
		],
		"typeProperties": {
			"tableName": "[staging].[mri_invc]"
		}
	},
	"type": "Microsoft.DataFactory/factories/datasets"
}