{
	"name": "SQLDataWarehouse_staging_salesforce_marketing_cloud_campaign",
	"properties": {
		"linkedServiceName": {
			"referenceName": "SQLDataWarehouse",
			"type": "LinkedServiceReference"
		},
		"folder": {
			"name": "SQL Data Warehouse"
		},
		"annotations": [],
		"type": "AzureSqlDWTable",
		"structure": [
			{
				"name": "id",
				"type": "Int32"
			},
			{
				"name": "name",
				"type": "String"
			},
			{
				"name": "description",
				"type": "String"
			},
			{
				"name": "campaign_code",
				"type": "String"
			},
			{
				"name": "color",
				"type": "String"
			},
			{
				"name": "favorite",
				"type": "Boolean"
			},
			{
				"name": "created_date",
				"type": "DateTime"
			},
			{
				"name": "modified_date",
				"type": "DateTime"
			}
		],
		"typeProperties": {
			"tableName": "[staging].[salesforce_marketing_cloud_campaign]"
		}
	},
	"type": "Microsoft.DataFactory/factories/datasets"
}