{
	"name": "SQLDataWarehouse_Investment_Projects_Key_Indicators",
	"properties": {
		"linkedServiceName": {
			"referenceName": "SQLDataWarehouse",
			"type": "LinkedServiceReference"
		},
		"folder": {
			"name": "uploads"
		},
		"annotations": [],
		"type": "AzureSqlDWTable",
		"schema": [
			{
				"name": "Property Name",
				"type": "varchar",
				"precision": 255,
				"scale": 255
			},
			{
				"name": "Year End",
				"type": "varchar",
				"precision": 255,
				"scale": 255
			},
			{
				"name": "Area (sqm)",
				"type": "int",
				"precision": 10,
				"scale": 255
			},
			{
				"name": "Budgeted footfall",
				"type": "int",
				"precision": 10,
				"scale": 255
			},
			{
				"name": "Budgeted Sales",
				"type": "int",
				"precision": 10,
				"scale": 255
			},
			{
				"name": "Density (€psm)",
				"type": "smallint",
				"precision": 5,
				"scale": 255
			},
			{
				"name": "Annualised Rent",
				"type": "int",
				"precision": 10,
				"scale": 255
			},
			{
				"name": "Rent (€psm)",
				"type": "smallint",
				"precision": 5,
				"scale": 255
			},
			{
				"name": "Average Occupancy Cost (% of Sales)",
				"type": "decimal",
				"precision": 5,
				"scale": 4
			},
			{
				"name": "Budgeted Net Operating Profit",
				"type": "int",
				"precision": 10,
				"scale": 255
			}
		],
		"typeProperties": {
			"tableName": "[dbo].[InvestmentProjectsKeyIndicators]"
		}
	},
	"type": "Microsoft.DataFactory/factories/datasets"
}