{
	"name": "SQLDataWarehouse_staging_magnet_centre_total_footfall",
	"properties": {
		"linkedServiceName": {
			"referenceName": "SQLDataWarehouse",
			"type": "LinkedServiceReference"
		},
		"folder": {
			"name": "SQL Data Warehouse"
		},
		"annotations": [],
		"type": "AzureSqlDWTable",
		"structure": [
			{
				"name": "CENTRE",
				"type": "String"
			},
			{
				"name": "TYPE",
				"type": "String"
			},
			{
				"name": "DATE",
				"type": "String"
			},
			{
				"name": "INCOUNT",
				"type": "String"
			},
			{
				"name": "BUDGETFOOTFALL",
				"type": "String"
			}
		],
		"typeProperties": {
			"tableName": "[staging].[magnet_centre_total_footfall]"
		}
	},
	"type": "Microsoft.DataFactory/factories/datasets"
}