{
	"name": "SQLDataWarehouse_mri_ghis",
	"properties": {
		"linkedServiceName": {
			"referenceName": "SQLDataWarehouseLargeResourceClass",
			"type": "LinkedServiceReference"
		},
		"folder": {
			"name": "SQL Data Warehouse"
		},
		"annotations": [],
		"type": "AzureSqlDWTable",
		"structure": [
			{
				"name": "PERIOD",
				"type": "String"
			},
			{
				"name": "REF",
				"type": "String"
			},
			{
				"name": "SOURCE",
				"type": "String"
			},
			{
				"name": "SITEID",
				"type": "String"
			},
			{
				"name": "ITEM",
				"type": "Int16"
			},
			{
				"name": "ENTITYID",
				"type": "String"
			},
			{
				"name": "ACCTNUM",
				"type": "String"
			},
			{
				"name": "DEPARTMENT",
				"type": "String"
			},
			{
				"name": "JOBCODE",
				"type": "String"
			},
			{
				"name": "AMT",
				"type": "Decimal"
			},
			{
				"name": "DESCRPN",
				"type": "String"
			},
			{
				"name": "PDENTRY",
				"type": "String"
			},
			{
				"name": "ENTRDATE",
				"type": "DateTime"
			},
			{
				"name": "OWNERTAX",
				"type": "String"
			},
			{
				"name": "BASIS",
				"type": "String"
			},
			{
				"name": "BALFOR",
				"type": "String"
			},
			{
				"name": "OCURRCODE",
				"type": "String"
			},
			{
				"name": "OAMT",
				"type": "Decimal"
			},
			{
				"name": "OEXCHGREF",
				"type": "String"
			},
			{
				"name": "PPCJEFLAG",
				"type": "String"
			},
			{
				"name": "CJEGRPID",
				"type": "String"
			},
			{
				"name": "CJEID",
				"type": "String"
			},
			{
				"name": "DESTITEM",
				"type": "Int32"
			},
			{
				"name": "AUDITFLAG",
				"type": "String"
			},
			{
				"name": "REVREF",
				"type": "String"
			},
			{
				"name": "REVENTRY",
				"type": "String"
			},
			{
				"name": "REVPRD",
				"type": "String"
			},
			{
				"name": "INTENTENTRY",
				"type": "String"
			},
			{
				"name": "INTENTTYPE",
				"type": "String"
			},
			{
				"name": "REVITEM",
				"type": "Int16"
			},
			{
				"name": "OWNPCTCALC",
				"type": "DateTime"
			},
			{
				"name": "JC_PHASECODE",
				"type": "String"
			},
			{
				"name": "JC_COSTLIST",
				"type": "String"
			},
			{
				"name": "JC_COSTCODE",
				"type": "String"
			},
			{
				"name": "CATEGORY",
				"type": "String"
			},
			{
				"name": "OWNTBL",
				"type": "String"
			},
			{
				"name": "OWNYEAR",
				"type": "String"
			},
			{
				"name": "OWNNUM",
				"type": "Double"
			},
			{
				"name": "CTRYTBL",
				"type": "String"
			},
			{
				"name": "CTRYYEAR",
				"type": "String"
			},
			{
				"name": "CTRYNUM",
				"type": "Double"
			},
			{
				"name": "BANKRECID",
				"type": "Int32"
			},
			{
				"name": "BRSTATUS",
				"type": "String"
			},
			{
				"name": "STATFLAG",
				"type": "String"
			},
			{
				"name": "ENTITYTBL",
				"type": "String"
			},
			{
				"name": "ENTITYYEAR",
				"type": "String"
			},
			{
				"name": "ENTITYNUM",
				"type": "Double"
			},
			{
				"name": "INTERFACEID",
				"type": "Double"
			},
			{
				"name": "INTFMARKER",
				"type": "String"
			},
			{
				"name": "LOANSTAT",
				"type": "String"
			},
			{
				"name": "ADMINRECHRG",
				"type": "String"
			},
			{
				"name": "GLSEQNUM",
				"type": "Int64"
			},
			{
				"name": "ADDLDESC",
				"type": "String"
			},
			{
				"name": "USER_DEFINED_ID1",
				"type": "String"
			},
			{
				"name": "USER_DEFINED_VAL1",
				"type": "String"
			},
			{
				"name": "USER_DEFINED_ID2",
				"type": "String"
			},
			{
				"name": "USER_DEFINED_VAL2",
				"type": "String"
			},
			{
				"name": "USER_DEFINED_ID3",
				"type": "String"
			},
			{
				"name": "USER_DEFINED_VAL3",
				"type": "String"
			},
			{
				"name": "USER_DEFINED_ID4",
				"type": "String"
			},
			{
				"name": "USER_DEFINED_VAL4",
				"type": "String"
			},
			{
				"name": "USER_DEFINED_ID5",
				"type": "String"
			},
			{
				"name": "USER_DEFINED_VAL5",
				"type": "String"
			},
			{
				"name": "USER_DEFINED_ID6",
				"type": "String"
			},
			{
				"name": "USER_DEFINED_VAL6",
				"type": "String"
			},
			{
				"name": "USER_DEFINED_ID7",
				"type": "String"
			},
			{
				"name": "USER_DEFINED_VAL7",
				"type": "String"
			},
			{
				"name": "USER_DEFINED_ID8",
				"type": "String"
			},
			{
				"name": "USER_DEFINED_VAL8",
				"type": "String"
			},
			{
				"name": "USER_DEFINED_ID9",
				"type": "String"
			},
			{
				"name": "USER_DEFINED_VAL9",
				"type": "String"
			},
			{
				"name": "USER_DEFINED_ID10",
				"type": "String"
			},
			{
				"name": "USER_DEFINED_VAL10",
				"type": "String"
			},
			{
				"name": "ASSETCLASS",
				"type": "String"
			},
			{
				"name": "ASSETCODE",
				"type": "String"
			},
			{
				"name": "ASSETSTATUS",
				"type": "String"
			}
		],
		"typeProperties": {
			"tableName": "[mri].[GHIS]"
		}
	},
	"type": "Microsoft.DataFactory/factories/datasets"
}