{
	"name": "SQLDataWarehouse_staging_salesforce_service_cloud_interaction",
	"properties": {
		"linkedServiceName": {
			"referenceName": "SQLDataWarehouse",
			"type": "LinkedServiceReference"
		},
		"folder": {
			"name": "SQL Data Warehouse"
		},
		"annotations": [],
		"type": "AzureSqlDWTable",
		"structure": [
			{
				"name": "Id",
				"type": "String"
			},
			{
				"name": "CreatedById",
				"type": "String"
			},
			{
				"name": "CreatedDate",
				"type": "DateTime"
			},
			{
				"name": "IsDeleted",
				"type": "Boolean"
			},
			{
				"name": "LastModifiedById",
				"type": "String"
			},
			{
				"name": "LastModifiedDate",
				"type": "DateTime"
			},
			{
				"name": "LastReferencedDate",
				"type": "DateTime"
			},
			{
				"name": "LastViewedDate",
				"type": "DateTime"
			},
			{
				"name": "MAG_Campaign__c",
				"type": "String"
			},
			{
				"name": "MAG_Centre__c",
				"type": "String"
			},
			{
				"name": "MAG_Channel__c",
				"type": "String"
			},
			{
				"name": "MAG_Contact__c",
				"type": "String"
			},
			{
				"name": "MAG_ExpirationDate__c",
				"type": "Date"
			},
			{
				"name": "MAG_ExternalCentreID__c",
				"type": "String"
			},
			{
				"name": "MAG_ExternalContactID__c",
				"type": "String"
			},
			{
				"name": "MAG_ExternalInteractionID__c",
				"type": "String"
			},
			{
				"name": "MAG_InteractionDate__c",
				"type": "Date"
			},
			{
				"name": "MAG_Offer__c",
				"type": "String"
			},
			{
				"name": "MAG_Type__c",
				"type": "String"
			},
			{
				"name": "Name",
				"type": "String"
			},
			{
				"name": "OwnerId",
				"type": "String"
			},
			{
				"name": "SystemModstamp",
				"type": "DateTime"
			}
		],
		"typeProperties": {
			"tableName": "[staging].[salesforce_service_cloud_interaction]"
		}
	},
	"type": "Microsoft.DataFactory/factories/datasets"
}