{
	"name": "SQLDataWarehouse_mri_tb_cm_ledgtojrnl",
	"properties": {
		"linkedServiceName": {
			"referenceName": "SQLDataWarehouseLargeResourceClass",
			"type": "LinkedServiceReference"
		},
		"folder": {
			"name": "SQL Data Warehouse"
		},
		"annotations": [],
		"type": "AzureSqlDWTable",
		"structure": [
			{
				"name": "TRANID",
				"type": "String"
			},
			{
				"name": "PERIOD",
				"type": "String"
			},
			{
				"name": "REF",
				"type": "String"
			},
			{
				"name": "SOURCE",
				"type": "String"
			},
			{
				"name": "SITEID",
				"type": "String"
			},
			{
				"name": "ITEM",
				"type": "Int16"
			}
		],
		"typeProperties": {
			"tableName": "[mri].[TB_CM_LEDGTOJRNL]"
		}
	},
	"type": "Microsoft.DataFactory/factories/datasets"
}