{
	"name": "SQLDataWarehouse_staging_magnet_tenant_brand",
	"properties": {
		"linkedServiceName": {
			"referenceName": "SQLDataWarehouse",
			"type": "LinkedServiceReference"
		},
		"folder": {
			"name": "SQL Data Warehouse"
		},
		"annotations": [],
		"type": "AzureSqlDWTable",
		"structure": [
			{
				"name": "CENTRE",
				"type": "String"
			},
			{
				"name": "SALESCATEGORY",
				"type": "String"
			},
			{
				"name": "TENANTID",
				"type": "String"
			},
			{
				"name": "TENANT",
				"type": "String"
			},
			{
				"name": "BRANDID",
				"type": "String"
			},
			{
				"name": "BRAND",
				"type": "String"
			},
			{
				"name": "ALLLEASEIDS",
				"type": "String"
			}
		],
		"typeProperties": {
			"tableName": "[staging].[magnet_tenant_brand]"
		}
	},
	"type": "Microsoft.DataFactory/factories/datasets"
}