{
	"name": "SQLDataWarehouse_staging_magnet_exchange_rate",
	"properties": {
		"linkedServiceName": {
			"referenceName": "SQLDataWarehouse",
			"type": "LinkedServiceReference"
		},
		"folder": {
			"name": "SQL Data Warehouse"
		},
		"annotations": [],
		"type": "AzureSqlDWTable",
		"structure": [
			{
				"name": "STARTDATE",
				"type": "String"
			},
			{
				"name": "ENDDATE",
				"type": "String"
			},
			{
				"name": "FROMCURRENCY",
				"type": "String"
			},
			{
				"name": "TOCURRENCY",
				"type": "String"
			},
			{
				"name": "RATE",
				"type": "String"
			}
		],
		"typeProperties": {
			"tableName": "[staging].[magnet_exchange_rate]"
		}
	},
	"type": "Microsoft.DataFactory/factories/datasets"
}