{
	"name": "SQLDataWarehouse_staging_magnet_centre",
	"properties": {
		"linkedServiceName": {
			"referenceName": "SQLDataWarehouse",
			"type": "LinkedServiceReference"
		},
		"folder": {
			"name": "SQL Data Warehouse"
		},
		"annotations": [],
		"type": "AzureSqlDWTable",
		"structure": [
			{
				"name": "ID",
				"type": "String"
			},
			{
				"name": "REGIONID",
				"type": "String"
			},
			{
				"name": "COUNTRY",
				"type": "String"
			},
			{
				"name": "CENTRE",
				"type": "String"
			},
			{
				"name": "AREA",
				"type": "String"
			},
			{
				"name": "CURRENCY",
				"type": "String"
			}
		],
		"typeProperties": {
			"tableName": "[staging].[magnet_centre]"
		}
	},
	"type": "Microsoft.DataFactory/factories/datasets"
}