{
	"name": "SQLDataWarehouse_staging_mri_budgets",
	"properties": {
		"linkedServiceName": {
			"referenceName": "SQLDataWarehouse",
			"type": "LinkedServiceReference"
		},
		"folder": {
			"name": "SQL Data Warehouse"
		},
		"annotations": [],
		"type": "AzureSqlDWTable",
		"structure": [
			{
				"name": "PERIOD",
				"type": "String"
			},
			{
				"name": "ENTITYID",
				"type": "String"
			},
			{
				"name": "DEPARTMENT",
				"type": "String"
			},
			{
				"name": "ACCTNUM",
				"type": "String"
			},
			{
				"name": "BASIS",
				"type": "String"
			},
			{
				"name": "BUDTYPE",
				"type": "String"
			},
			{
				"name": "ACTIVITY",
				"type": "Decimal"
			},
			{
				"name": "LASTDATE",
				"type": "DateTime"
			},
			{
				"name": "USERID",
				"type": "String"
			},
			{
				"name": "LOCKED",
				"type": "String"
			}
		],
		"typeProperties": {
			"tableName": "[staging].[mri_budgets]"
		}
	},
	"type": "Microsoft.DataFactory/factories/datasets"
}