{
	"name": "SQLDataWarehouse_location_location",
	"properties": {
		"linkedServiceName": {
			"referenceName": "SQLDataWarehouse",
			"type": "LinkedServiceReference"
		},
		"folder": {
			"name": "SQL Data Warehouse"
		},
		"annotations": [],
		"type": "AzureSqlDWTable",
		"structure": [
			{
				"name": "id",
				"type": "Int32"
			},
			{
				"name": "name",
				"type": "String"
			},
			{
				"name": "type",
				"type": "String"
			},
			{
				"name": "entity_id",
				"type": "String"
			},
			{
				"name": "latitude",
				"type": "Double"
			},
			{
				"name": "longitude",
				"type": "Double"
			}
		],
		"typeProperties": {
			"tableName": "[location].[location]"
		}
	},
	"type": "Microsoft.DataFactory/factories/datasets"
}