{
	"name": "SQLDataWarehouse_staging_skyfii_venue_space_unit",
	"properties": {
		"linkedServiceName": {
			"referenceName": "SQLDataWarehouse",
			"type": "LinkedServiceReference"
		},
		"folder": {
			"name": "SQL Data Warehouse"
		},
		"annotations": [],
		"type": "AzureSqlDWTable",
		"structure": [
			{
				"name": "venue_id",
				"type": "Int32"
			},
			{
				"name": "space_id",
				"type": "Int32"
			},
			{
				"name": "property_id",
				"type": "String"
			},
			{
				"name": "unit_name",
				"type": "String"
			}
		],
		"typeProperties": {
			"tableName": "[staging].[skyfii_venue_space_unit]"
		}
	},
	"type": "Microsoft.DataFactory/factories/datasets"
}