{
	"name": "SQLDataWarehouse_staging_mri_hist",
	"properties": {
		"linkedServiceName": {
			"referenceName": "SQLDataWarehouse",
			"type": "LinkedServiceReference"
		},
		"folder": {
			"name": "SQL Data Warehouse"
		},
		"annotations": [],
		"type": "AzureSqlDWTable",
		"structure": [
			{
				"name": "VENDID",
				"type": "String"
			},
			{
				"name": "INVOICE",
				"type": "String"
			},
			{
				"name": "EXPPED",
				"type": "String"
			},
			{
				"name": "ITEM",
				"type": "Int16"
			},
			{
				"name": "REF",
				"type": "String"
			},
			{
				"name": "ENTITYID",
				"type": "String"
			},
			{
				"name": "ACCTNUM",
				"type": "String"
			},
			{
				"name": "ITEMAMT",
				"type": "Decimal"
			},
			{
				"name": "DISCAMT",
				"type": "Decimal"
			},
			{
				"name": "EXPPOST",
				"type": "String"
			},
			{
				"name": "STATUS",
				"type": "String"
			},
			{
				"name": "BALFLAG",
				"type": "String"
			},
			{
				"name": "CHECKNO",
				"type": "String"
			},
			{
				"name": "CHECKDT",
				"type": "DateTime"
			},
			{
				"name": "CHECKPD",
				"type": "String"
			},
			{
				"name": "DISCTKN",
				"type": "String"
			},
			{
				"name": "CKPOSTED",
				"type": "String"
			},
			{
				"name": "CASHTYPE",
				"type": "String"
			},
			{
				"name": "JOBCODE",
				"type": "String"
			},
			{
				"name": "POLINENMBR",
				"type": "Int16"
			},
			{
				"name": "ATAXID",
				"type": "String"
			},
			{
				"name": "ATAXAMT",
				"type": "Decimal"
			},
			{
				"name": "PONUM",
				"type": "String"
			},
			{
				"name": "EXPGLREF",
				"type": "String"
			},
			{
				"name": "DEPARTMENT",
				"type": "String"
			},
			{
				"name": "TAXITEM",
				"type": "String"
			},
			{
				"name": "BANKID",
				"type": "String"
			},
			{
				"name": "CKACCRLREF",
				"type": "String"
			},
			{
				"name": "CKCASHGLREF",
				"type": "String"
			},
			{
				"name": "LASTDATE",
				"type": "DateTime"
			},
			{
				"name": "USERID",
				"type": "String"
			},
			{
				"name": "ATAXGRPID",
				"type": "String"
			},
			{
				"name": "TAXMOD",
				"type": "String"
			},
			{
				"name": "CURRCODE",
				"type": "String"
			},
			{
				"name": "EXCHGREF",
				"type": "String"
			},
			{
				"name": "ECURCODE",
				"type": "String"
			},
			{
				"name": "ECITEMAMT",
				"type": "Decimal"
			},
			{
				"name": "ECDISCAMT",
				"type": "Decimal"
			},
			{
				"name": "ECATAXAMT",
				"type": "Decimal"
			},
			{
				"name": "PCURCODE",
				"type": "String"
			},
			{
				"name": "PCHECKAMT",
				"type": "Decimal"
			},
			{
				"name": "PCEXCHGREF",
				"type": "String"
			},
			{
				"name": "XITEMAMT",
				"type": "Decimal"
			},
			{
				"name": "XDISCAMT",
				"type": "Decimal"
			},
			{
				"name": "XEXCHGREF",
				"type": "String"
			},
			{
				"name": "VOIDPD",
				"type": "String"
			},
			{
				"name": "ORIGITEMAMT",
				"type": "Decimal"
			},
			{
				"name": "TRANSFERITEM",
				"type": "String"
			},
			{
				"name": "OWNERTAX",
				"type": "String"
			},
			{
				"name": "WITHATAXGRP",
				"type": "String"
			},
			{
				"name": "DISCMOD",
				"type": "String"
			},
			{
				"name": "SUBWITH",
				"type": "String"
			},
			{
				"name": "WITHATAXID",
				"type": "String"
			},
			{
				"name": "INTENTEXPGLREF",
				"type": "String"
			},
			{
				"name": "INTENTCASHREF",
				"type": "String"
			},
			{
				"name": "INTENTACCRLREF",
				"type": "String"
			},
			{
				"name": "POQTY",
				"type": "Decimal"
			},
			{
				"name": "JOBCOST",
				"type": "String"
			},
			{
				"name": "JC_PHASECODE",
				"type": "String"
			},
			{
				"name": "JC_COSTLIST",
				"type": "String"
			},
			{
				"name": "JC_COSTCODE",
				"type": "String"
			},
			{
				"name": "CATEGORY",
				"type": "String"
			},
			{
				"name": "CROSSSITE",
				"type": "String"
			},
			{
				"name": "INVDRSTATUS",
				"type": "String"
			},
			{
				"name": "LOANID",
				"type": "String"
			},
			{
				"name": "DRAWNO",
				"type": "Int32"
			},
			{
				"name": "BATCHID",
				"type": "String"
			},
			{
				"name": "SRCBANKID",
				"type": "String"
			},
			{
				"name": "JCBILLTRAN",
				"type": "String"
			},
			{
				"name": "AUTAXPAID",
				"type": "String"
			},
			{
				"name": "RPTRUNID",
				"type": "Int32"
			},
			{
				"name": "DISTRBTYPEID",
				"type": "String"
			},
			{
				"name": "TAXPTDATECALC",
				"type": "DateTime"
			},
			{
				"name": "TAXPTDATEACRLRPT",
				"type": "DateTime"
			},
			{
				"name": "TAXPTDATECASHRPT",
				"type": "DateTime"
			},
			{
				"name": "RECEIPTCOMMITTED",
				"type": "String"
			},
			{
				"name": "APINVCTYPEID",
				"type": "String"
			},
			{
				"name": "RECEIPTNUMBER",
				"type": "String"
			},
			{
				"name": "RECEIPTJOURNALREFERENCEACCRUAL",
				"type": "String"
			},
			{
				"name": "RECEIPTJOURNALPERIODACCRUAL",
				"type": "String"
			},
			{
				"name": "RECEIPTJOURNALREFERENCECASH",
				"type": "String"
			},
			{
				"name": "RECEIPTJOURNALPERIODCASH",
				"type": "String"
			},
			{
				"name": "ADDLDESC",
				"type": "String"
			},
			{
				"name": "WITHHOLDINGLINE",
				"type": "String"
			},
			{
				"name": "CRELEDGID",
				"type": "String"
			},
			{
				"name": "USER_DEFINED_ID1",
				"type": "String"
			},
			{
				"name": "USER_DEFINED_VAL1",
				"type": "String"
			},
			{
				"name": "USER_DEFINED_ID2",
				"type": "String"
			},
			{
				"name": "USER_DEFINED_VAL2",
				"type": "String"
			},
			{
				"name": "USER_DEFINED_ID3",
				"type": "String"
			},
			{
				"name": "USER_DEFINED_VAL3",
				"type": "String"
			},
			{
				"name": "USER_DEFINED_ID4",
				"type": "String"
			},
			{
				"name": "USER_DEFINED_VAL4",
				"type": "String"
			},
			{
				"name": "USER_DEFINED_ID5",
				"type": "String"
			},
			{
				"name": "USER_DEFINED_VAL5",
				"type": "String"
			},
			{
				"name": "USER_DEFINED_ID6",
				"type": "String"
			},
			{
				"name": "USER_DEFINED_VAL6",
				"type": "String"
			},
			{
				"name": "USER_DEFINED_ID7",
				"type": "String"
			},
			{
				"name": "USER_DEFINED_VAL7",
				"type": "String"
			},
			{
				"name": "USER_DEFINED_ID8",
				"type": "String"
			},
			{
				"name": "USER_DEFINED_VAL8",
				"type": "String"
			},
			{
				"name": "USER_DEFINED_ID9",
				"type": "String"
			},
			{
				"name": "USER_DEFINED_VAL9",
				"type": "String"
			},
			{
				"name": "USER_DEFINED_ID10",
				"type": "String"
			},
			{
				"name": "USER_DEFINED_VAL10",
				"type": "String"
			},
			{
				"name": "ASSETCLASS",
				"type": "String"
			},
			{
				"name": "IFACETYPE",
				"type": "String"
			},
			{
				"name": "INTERFACED",
				"type": "String"
			},
			{
				"name": "IFACEDATE",
				"type": "DateTime"
			},
			{
				"name": "MG_APSEQNUM",
				"type": "String"
			},
			{
				"name": "APNUM_IT",
				"type": "Double"
			},
			{
				"name": "MG_IT_PREVYR",
				"type": "String"
			},
			{
				"name": "DRTODATE",
				"type": "DateTime"
			},
			{
				"name": "DRLEASID",
				"type": "String"
			},
			{
				"name": "DRSCHEDULE",
				"type": "String"
			},
			{
				"name": "DRNETAMT",
				"type": "Decimal"
			},
			{
				"name": "DRRTAXGRPID",
				"type": "String"
			},
			{
				"name": "DRINCCAT",
				"type": "String"
			},
			{
				"name": "DRCMBATCHID",
				"type": "String"
			},
			{
				"name": "DRFROMDATE",
				"type": "DateTime"
			},
			{
				"name": "ADMINRECHRG",
				"type": "String"
			},
			{
				"name": "MG_ENTRDATE",
				"type": "DateTime"
			},
			{
				"name": "SUBWITH_GR",
				"type": "String"
			},
			{
				"name": "UIC",
				"type": "Int32"
			}
		],
		"typeProperties": {
			"tableName": "[staging].[mri_hist]"
		}
	},
	"type": "Microsoft.DataFactory/factories/datasets"
}