{
	"name": "SQLDataWarehouse_sqllon04_dailysales",
	"properties": {
		"linkedServiceName": {
			"referenceName": "SQLDataWarehouse",
			"type": "LinkedServiceReference"
		},
		"folder": {
			"name": "SQL Data Warehouse"
		},
		"annotations": [],
		"type": "AzureSqlDWTable",
		"structure": [
			{
				"name": "DailySales_ID",
				"type": "Int32"
			},
			{
				"name": "TheDate",
				"type": "Date"
			},
			{
				"name": "Lease_ID",
				"type": "Int32"
			},
			{
				"name": "Sales_Net",
				"type": "Decimal"
			},
			{
				"name": "Transactions",
				"type": "Int32"
			},
			{
				"name": "Items",
				"type": "Int32"
			},
			{
				"name": "Sales_Gross",
				"type": "Decimal"
			},
			{
				"name": "Manual_Footfall",
				"type": "Int32"
			},
			{
				"name": "Comments",
				"type": "String"
			},
			{
				"name": "Created_Datetime",
				"type": "DateTime"
			},
			{
				"name": "Updated_Datetime",
				"type": "DateTime"
			},
			{
				"name": "magNET_L4L",
				"type": "Boolean"
			}
		],
		"typeProperties": {
			"tableName": "[SQL-LON-04].[DailySales]"
		}
	},
	"type": "Microsoft.DataFactory/factories/datasets"
}