{
	"name": "SQLDataWarehouse_mri_suit",
	"properties": {
		"linkedServiceName": {
			"referenceName": "SQLDataWarehouseLargeResourceClass",
			"type": "LinkedServiceReference"
		},
		"folder": {
			"name": "SQL Data Warehouse"
		},
		"annotations": [],
		"type": "AzureSqlDWTable",
		"structure": [
			{
				"name": "BLDGID",
				"type": "String"
			},
			{
				"name": "SUITID",
				"type": "String"
			},
			{
				"name": "ADDRESS",
				"type": "String"
			},
			{
				"name": "SUITENO",
				"type": "String"
			},
			{
				"name": "FLOORNO",
				"type": "String"
			},
			{
				"name": "TAXFID",
				"type": "String"
			},
			{
				"name": "SUITSQFT",
				"type": "Decimal"
			},
			{
				"name": "MRKTRATE",
				"type": "Decimal"
			},
			{
				"name": "LASTDATE",
				"type": "DateTime"
			},
			{
				"name": "USERID",
				"type": "String"
			},
			{
				"name": "INCCAT",
				"type": "String"
			},
			{
				"name": "UNITNAME",
				"type": "String"
			},
			{
				"name": "UNITPCOD",
				"type": "String"
			},
			{
				"name": "UNITDESC",
				"type": "String"
			},
			{
				"name": "MKTRNTM2",
				"type": "Decimal"
			},
			{
				"name": "UNITNLAM",
				"type": "Decimal"
			},
			{
				"name": "UNITNLAF",
				"type": "Int32"
			},
			{
				"name": "UNITGEM",
				"type": "Decimal"
			},
			{
				"name": "UNITGEF",
				"type": "Int32"
			},
			{
				"name": "UNITGIM",
				"type": "Decimal"
			},
			{
				"name": "UNITGIF",
				"type": "Int32"
			},
			{
				"name": "UNITNFLR",
				"type": "Int16"
			},
			{
				"name": "UNITIWM",
				"type": "Decimal"
			},
			{
				"name": "UNITIWF",
				"type": "Decimal"
			},
			{
				"name": "UNITIDM",
				"type": "Decimal"
			},
			{
				"name": "UNITIDF",
				"type": "Decimal"
			},
			{
				"name": "UNITSDM",
				"type": "Decimal"
			},
			{
				"name": "UNITSDF",
				"type": "Decimal"
			},
			{
				"name": "UNITGFM",
				"type": "Decimal"
			},
			{
				"name": "UNITGFF",
				"type": "Decimal"
			},
			{
				"name": "UNITNFM",
				"type": "Decimal"
			},
			{
				"name": "UNITNFF",
				"type": "Decimal"
			},
			{
				"name": "UNITNOPK",
				"type": "Int16"
			},
			{
				"name": "UNITVALD",
				"type": "DateTime"
			},
			{
				"name": "UNITERV",
				"type": "Int32"
			},
			{
				"name": "UNITVALA",
				"type": "Double"
			},
			{
				"name": "UNITINYD",
				"type": "Decimal"
			},
			{
				"name": "UNITREYD",
				"type": "Decimal"
			},
			{
				"name": "UNITEQYD",
				"type": "Decimal"
			},
			{
				"name": "UNITGVAL",
				"type": "Int32"
			},
			{
				"name": "UNITRVAL",
				"type": "Int32"
			},
			{
				"name": "UNITUBR",
				"type": "Int32"
			},
			{
				"name": "UNITRPAY",
				"type": "Int32"
			},
			{
				"name": "UNITRAUT",
				"type": "String"
			},
			{
				"name": "UNITVRBA",
				"type": "String"
			},
			{
				"name": "UNITWATA",
				"type": "String"
			},
			{
				"name": "UNITPLAN",
				"type": "String"
			},
			{
				"name": "UNITSUBP",
				"type": "String"
			},
			{
				"name": "REINSTAT",
				"type": "String"
			},
			{
				"name": "PROVVALU",
				"type": "String"
			},
			{
				"name": "SERVTOTL",
				"type": "Decimal"
			},
			{
				"name": "SERVPOIN",
				"type": "String"
			},
			{
				"name": "NUMCOVER",
				"type": "Int16"
			},
			{
				"name": "NUMUNCOV",
				"type": "Int16"
			},
			{
				"name": "NUMOFFSI",
				"type": "Int16"
			},
			{
				"name": "RATIOMTR",
				"type": "Decimal"
			},
			{
				"name": "RATIOSQF",
				"type": "Int32"
			},
			{
				"name": "UNTUSETY",
				"type": "String"
			},
			{
				"name": "UNITVAT",
				"type": "String"
			},
			{
				"name": "NOTESARE",
				"type": "String"
			},
			{
				"name": "VALPRPUN",
				"type": "String"
			},
			{
				"name": "REINPOIN",
				"type": "String"
			},
			{
				"name": "SQREFOOT",
				"type": "Int32"
			},
			{
				"name": "SQREMTRS",
				"type": "Int32"
			},
			{
				"name": "MARKRENT",
				"type": "Int32"
			},
			{
				"name": "VACPERIOD",
				"type": "String"
			},
			{
				"name": "TAXEXEMPT",
				"type": "String"
			},
			{
				"name": "ANNINCOME",
				"type": "Decimal"
			},
			{
				"name": "SUITETYPE_MRI",
				"type": "String"
			}
		],
		"typeProperties": {
			"tableName": "[mri].[SUIT]"
		}
	},
	"type": "Microsoft.DataFactory/factories/datasets"
}