{
	"name": "SQLDataWarehouse_sqllon04_centrepeoplecount",
	"properties": {
		"linkedServiceName": {
			"referenceName": "SQLDataWarehouse",
			"type": "LinkedServiceReference"
		},
		"folder": {
			"name": "SQL Data Warehouse"
		},
		"annotations": [],
		"type": "AzureSqlDWTable",
		"structure": [
			{
				"name": "CentrePeopleCount_ID",
				"type": "Int32"
			},
			{
				"name": "TheDate",
				"type": "Date"
			},
			{
				"name": "TheDateTime",
				"type": "DateTime"
			},
			{
				"name": "Centre_ID",
				"type": "Int32"
			},
			{
				"name": "Description",
				"type": "String"
			},
			{
				"name": "InCount",
				"type": "Int32"
			},
			{
				"name": "OutCount",
				"type": "Int32"
			},
			{
				"name": "CentrePeopleCountType_ID",
				"type": "Int32"
			},
			{
				"name": "Created_Datetime",
				"type": "DateTime"
			},
			{
				"name": "Updated_Datetime",
				"type": "DateTime"
			},
			{
				"name": "CPC_CounterType_ID",
				"type": "Int32"
			}
		],
		"typeProperties": {
			"tableName": "[SQL-LON-04].[CentrePeopleCount]"
		}
	},
	"type": "Microsoft.DataFactory/factories/datasets"
}