{
	"name": "SQLDataWarehouse_staging_coniq_customer",
	"properties": {
		"linkedServiceName": {
			"referenceName": "SQLDataWarehouse",
			"type": "LinkedServiceReference"
		},
		"folder": {
			"name": "SQL Data Warehouse"
		},
		"annotations": [],
		"type": "AzureSqlDWTable",
		"structure": [
			{
				"name": "id",
				"type": "Int32"
			},
			{
				"name": "title",
				"type": "String"
			},
			{
				"name": "first_name",
				"type": "String"
			},
			{
				"name": "last_name",
				"type": "String"
			},
			{
				"name": "email",
				"type": "String"
			},
			{
				"name": "phone_country_code",
				"type": "String"
			},
			{
				"name": "phone_number",
				"type": "String"
			},
			{
				"name": "address1",
				"type": "String"
			},
			{
				"name": "address2",
				"type": "String"
			},
			{
				"name": "city",
				"type": "String"
			},
			{
				"name": "county",
				"type": "String"
			},
			{
				"name": "postcode",
				"type": "String"
			},
			{
				"name": "company",
				"type": "String"
			},
			{
				"name": "country",
				"type": "String"
			},
			{
				"name": "date_of_birth",
				"type": "String"
			},
			{
				"name": "gender",
				"type": "String"
			},
			{
				"name": "external_id",
				"type": "String"
			},
			{
				"name": "allow_email",
				"type": "Boolean"
			},
			{
				"name": "allow_phone",
				"type": "Boolean"
			},
			{
				"name": "allow_post",
				"type": "Boolean"
			},
			{
				"name": "created_datetime_utc",
				"type": "String"
			},
			{
				"name": "modified_datetime_utc",
				"type": "String"
			},
			{
				"name": "preferred_language",
				"type": "String"
			}
		],
		"typeProperties": {
			"tableName": "[staging].[coniq_customer]"
		}
	},
	"type": "Microsoft.DataFactory/factories/datasets"
}