{
	"name": "SQLDataWarehouse_staging_skyfii_profile",
	"properties": {
		"linkedServiceName": {
			"referenceName": "SQLDataWarehouse",
			"type": "LinkedServiceReference"
		},
		"folder": {
			"name": "SQL Data Warehouse"
		},
		"annotations": [],
		"type": "AzureSqlDWTable",
		"structure": [
			{
				"name": "address",
				"type": "String"
			},
			{
				"name": "country",
				"type": "String"
			},
			{
				"name": "created",
				"type": "Int64"
			},
			{
				"name": "creation_ap_mac",
				"type": "String"
			},
			{
				"name": "creation_ap_name",
				"type": "String"
			},
			{
				"name": "district",
				"type": "String"
			},
			{
				"name": "dob_max",
				"type": "String"
			},
			{
				"name": "dob_min",
				"type": "String"
			},
			{
				"name": "email",
				"type": "String"
			},
			{
				"name": "facebook_id",
				"type": "String"
			},
			{
				"name": "first_name",
				"type": "String"
			},
			{
				"name": "gender",
				"type": "String"
			},
			{
				"name": "google_id",
				"type": "String"
			},
			{
				"name": "last_name",
				"type": "String"
			},
			{
				"name": "linkedin_id",
				"type": "String"
			},
			{
				"name": "marketing_opt_in",
				"type": "Boolean"
			},
			{
				"name": "modified",
				"type": "Int64"
			},
			{
				"name": "name",
				"type": "String"
			},
			{
				"name": "national_id",
				"type": "String"
			},
			{
				"name": "network_id",
				"type": "Int64"
			},
			{
				"name": "phone",
				"type": "String"
			},
			{
				"name": "postcode",
				"type": "String"
			},
			{
				"name": "qq_id",
				"type": "String"
			},
			{
				"name": "registration_status",
				"type": "String"
			},
			{
				"name": "relationship",
				"type": "String"
			},
			{
				"name": "skyfii_id",
				"type": "Int64"
			},
			{
				"name": "state",
				"type": "String"
			},
			{
				"name": "suburb",
				"type": "String"
			},
			{
				"name": "terms_acceptance_date",
				"type": "Int64"
			},
			{
				"name": "terms_acceptance_version",
				"type": "Int32"
			},
			{
				"name": "twitter_id",
				"type": "String"
			},
			{
				"name": "venue_id",
				"type": "Int64"
			},
			{
				"name": "weibo_id",
				"type": "String"
			}
		],
		"typeProperties": {
			"tableName": "[staging].[skyfii_profile]"
		}
	},
	"type": "Microsoft.DataFactory/factories/datasets"
}