{
	"name": "SQLDataWarehouse_staging_skyfii_profile_history",
	"properties": {
		"linkedServiceName": {
			"referenceName": "SQLDataWarehouse",
			"type": "LinkedServiceReference"
		},
		"folder": {
			"name": "SQL Data Warehouse"
		},
		"annotations": [],
		"type": "AzureSqlDWTable",
		"structure": [
			{
				"name": "networkId",
				"type": "Int64"
			},
			{
				"name": "termsAcceptanceDate",
				"type": "Int64"
			},
			{
				"name": "email",
				"type": "String"
			},
			{
				"name": "skyfiiId",
				"type": "Int64"
			},
			{
				"name": "locale",
				"type": "String"
			},
			{
				"name": "modified",
				"type": "Int64"
			},
			{
				"name": "lastName",
				"type": "String"
			},
			{
				"name": "firstName",
				"type": "String"
			},
			{
				"name": "operation",
				"type": "String"
			},
			{
				"name": "venueId",
				"type": "Int64"
			},
			{
				"name": "termsAcceptanceVersion",
				"type": "Int32"
			},
			{
				"name": "status",
				"type": "String"
			},
			{
				"name": "venueName",
				"type": "String"
			},
			{
				"name": "marketingOptIn",
				"type": "Boolean"
			},
			{
				"name": "model",
				"type": "String"
			},
			{
				"name": "os",
				"type": "String"
			},
			{
				"name": "userAgent",
				"type": "String"
			},
			{
				"name": "brand",
				"type": "String"
			},
			{
				"name": "type",
				"type": "String"
			},
			{
				"name": "deviceId",
				"type": "String"
			},
			{
				"name": "clientMacAddress",
				"type": "String"
			},
			{
				"name": "created",
				"type": "Int64"
			},
			{
				"name": "gender",
				"type": "String"
			},
			{
				"name": "MAG_Acquisition",
				"type": "String"
			},
			{
				"name": "MAG_City",
				"type": "String"
			},
			{
				"name": "MAG_Country",
				"type": "String"
			},
			{
				"name": "MAG_Language",
				"type": "String"
			},
			{
				"name": "MAG_LatestCustomSource",
				"type": "String"
			},
			{
				"name": "MAG_Source",
				"type": "String"
			},
			{
				"name": "Jitterbit",
				"type": "String"
			},
			{
				"name": "LoadResult",
				"type": "String"
			}
		],
		"typeProperties": {
			"tableName": "[staging].[skyfii_profile_history]"
		}
	},
	"type": "Microsoft.DataFactory/factories/datasets"
}