{
	"name": "SQLDataWarehouse_mri_gacc",
	"properties": {
		"linkedServiceName": {
			"referenceName": "SQLDataWarehouseLargeResourceClass",
			"type": "LinkedServiceReference"
		},
		"folder": {
			"name": "SQL Data Warehouse"
		},
		"annotations": [],
		"type": "AzureSqlDWTable",
		"structure": [
			{
				"name": "ACCTNUM",
				"type": "String"
			},
			{
				"name": "ACCTNAME",
				"type": "String"
			},
			{
				"name": "TYPE",
				"type": "String"
			},
			{
				"name": "LASTDATE",
				"type": "DateTime"
			},
			{
				"name": "USERID",
				"type": "String"
			},
			{
				"name": "M_1099ACCT",
				"type": "String"
			},
			{
				"name": "DPRSTR",
				"type": "String"
			},
			{
				"name": "PEXCHTYPE",
				"type": "String"
			},
			{
				"name": "OWNERTAX",
				"type": "String"
			},
			{
				"name": "SUBWITH",
				"type": "String"
			},
			{
				"name": "ACCTBASIS",
				"type": "String"
			},
			{
				"name": "LEGALACCT",
				"type": "String"
			},
			{
				"name": "VAT",
				"type": "String"
			},
			{
				"name": "MGAU_PLEDGE",
				"type": "String"
			},
			{
				"name": "ACTIVE",
				"type": "String"
			}
		],
		"typeProperties": {
			"tableName": "[mri].[GACC]"
		}
	},
	"type": "Microsoft.DataFactory/factories/datasets"
}