{
	"name": "SQLDataWarehouse_staging_salesforce_service_cloud_contact",
	"properties": {
		"linkedServiceName": {
			"referenceName": "SQLDataWarehouse",
			"type": "LinkedServiceReference"
		},
		"folder": {
			"name": "SQL Data Warehouse"
		},
		"annotations": [],
		"type": "AzureSqlDWTable",
		"structure": [
			{
				"name": "Id",
				"type": "String"
			},
			{
				"name": "AccountId",
				"type": "String"
			},
			{
				"name": "CreatedById",
				"type": "String"
			},
			{
				"name": "CreatedDate",
				"type": "DateTime"
			},
			{
				"name": "Dedup_Field_Guide__c",
				"type": "String"
			},
			{
				"name": "Department",
				"type": "String"
			},
			{
				"name": "Dupe_Field_Catcher__c",
				"type": "String"
			},
			{
				"name": "Email",
				"type": "String"
			},
			{
				"name": "EmailBouncedDate",
				"type": "DateTime"
			},
			{
				"name": "EmailBouncedReason",
				"type": "String"
			},
			{
				"name": "et4ae5__HasOptedOutOfMobile__c",
				"type": "Boolean"
			},
			{
				"name": "et4ae5__Mobile_Country_Code__c",
				"type": "String"
			},
			{
				"name": "Fax",
				"type": "String"
			},
			{
				"name": "FirstName",
				"type": "String"
			},
			{
				"name": "HasOptedOutOfEmail",
				"type": "Boolean"
			},
			{
				"name": "IsDeleted",
				"type": "Boolean"
			},
			{
				"name": "IsEmailBounced",
				"type": "Boolean"
			},
			{
				"name": "Jigsaw",
				"type": "String"
			},
			{
				"name": "JigsawContactId",
				"type": "String"
			},
			{
				"name": "LastActivityDate",
				"type": "Date"
			},
			{
				"name": "LastCURequestDate",
				"type": "DateTime"
			},
			{
				"name": "LastCUUpdateDate",
				"type": "DateTime"
			},
			{
				"name": "LastModifiedById",
				"type": "String"
			},
			{
				"name": "LastModifiedDate",
				"type": "DateTime"
			},
			{
				"name": "LastName",
				"type": "String"
			},
			{
				"name": "LastReferencedDate",
				"type": "DateTime"
			},
			{
				"name": "LastViewedDate",
				"type": "DateTime"
			},
			{
				"name": "MAG_AcquisitionChannel__c",
				"type": "String"
			},
			{
				"name": "MAG_Acquisition_Source__c",
				"type": "String"
			},
			{
				"name": "MAG_Address1__c",
				"type": "String"
			},
			{
				"name": "MAG_Address2__c",
				"type": "String"
			},
			{
				"name": "MAG_Address3__c",
				"type": "String"
			},
			{
				"name": "MAG_Child1Age__c",
				"type": "String"
			},
			{
				"name": "MAG_Child2Age__c",
				"type": "String"
			},
			{
				"name": "MAG_Child3Age__c",
				"type": "String"
			},
			{
				"name": "MAG_Child4Age__c",
				"type": "String"
			},
			{
				"name": "MAG_City__c",
				"type": "String"
			},
			{
				"name": "MAG_Club_Type__c",
				"type": "String"
			},
			{
				"name": "MAG_CountryCode__c",
				"type": "String"
			},
			{
				"name": "MAG_Country__c",
				"type": "String"
			},
			{
				"name": "MAG_DateofBirth__c",
				"type": "Date"
			},
			{
				"name": "MAG_DeleteRequestDate__c",
				"type": "Date"
			},
			{
				"name": "MAG_DeletionDueDate__c",
				"type": "Date"
			},
			{
				"name": "MAG_FacebookID__c",
				"type": "String"
			},
			{
				"name": "MAG_Gender__c",
				"type": "String"
			},
			{
				"name": "MAG_GUID__c",
				"type": "String"
			},
			{
				"name": "MAG_Jitterbit__c",
				"type": "Boolean"
			},
			{
				"name": "MAG_LanguageCode__c",
				"type": "String"
			},
			{
				"name": "MAG_Language__c",
				"type": "String"
			},
			{
				"name": "MAG_LatestCustomSource__c",
				"type": "String"
			},
			{
				"name": "MAG_LatestEventName__c",
				"type": "String"
			},
			{
				"name": "MAG_LatestOutlet__c",
				"type": "String"
			},
			{
				"name": "MAG_LatestSource__c",
				"type": "String"
			},
			{
				"name": "MAG_LegacyMCDBContactID__c",
				"type": "String"
			},
			{
				"name": "MAG_ManualAddition__c",
				"type": "Boolean"
			},
			{
				"name": "MAG_Newsletter_Subscription_Update_Req__c",
				"type": "String"
			},
			{
				"name": "MAG_NumberofChildren__c",
				"type": "String"
			},
			{
				"name": "MAG_Postcode__c",
				"type": "String"
			},
			{
				"name": "MAG_PreferenceAccessories__c",
				"type": "Boolean"
			},
			{
				"name": "MAG_PreferenceBeauty__c",
				"type": "Boolean"
			},
			{
				"name": "MAG_PreferenceCasual__c",
				"type": "Boolean"
			},
			{
				"name": "MAG_PreferenceFormal__c",
				"type": "Boolean"
			},
			{
				"name": "MAG_PreferenceHome__c",
				"type": "Boolean"
			},
			{
				"name": "MAG_PreferenceShoes__c",
				"type": "Boolean"
			},
			{
				"name": "MAG_PreferenceSport__c",
				"type": "Boolean"
			},
			{
				"name": "MAG_PreferenceUnderwear__c",
				"type": "Boolean"
			},
			{
				"name": "MAG_ReferredCustomer__c",
				"type": "Boolean"
			},
			{
				"name": "MAG_Referrer__c",
				"type": "String"
			},
			{
				"name": "MAG_SpamScore__c",
				"type": "String"
			},
			{
				"name": "MAG_StatusCode__c",
				"type": "String"
			},
			{
				"name": "MAG_Status__c",
				"type": "String"
			},
			{
				"name": "MAG_VisitSaturday__c",
				"type": "Boolean"
			},
			{
				"name": "MAG_VisitSunday__c",
				"type": "Boolean"
			},
			{
				"name": "MAG_VisitWeekdayDay__c",
				"type": "Boolean"
			},
			{
				"name": "MAG_VisitWeekdayEve__c",
				"type": "Boolean"
			},
			{
				"name": "MAG_WebAPIRequest__c",
				"type": "Boolean"
			},
			{
				"name": "MailingCity",
				"type": "String"
			},
			{
				"name": "MailingCountry",
				"type": "String"
			},
			{
				"name": "MailingGeocodeAccuracy",
				"type": "String"
			},
			{
				"name": "MailingLatitude",
				"type": "String"
			},
			{
				"name": "MailingLongitude",
				"type": "String"
			},
			{
				"name": "MailingPostalCode",
				"type": "String"
			},
			{
				"name": "MailingState",
				"type": "String"
			},
			{
				"name": "MailingStreet",
				"type": "String"
			},
			{
				"name": "MasterRecordId",
				"type": "String"
			},
			{
				"name": "MobilePhone",
				"type": "String"
			},
			{
				"name": "Name",
				"type": "String"
			},
			{
				"name": "OwnerId",
				"type": "String"
			},
			{
				"name": "Phone",
				"type": "String"
			},
			{
				"name": "PhotoUrl",
				"type": "String"
			},
			{
				"name": "ReportsToId",
				"type": "String"
			},
			{
				"name": "Salutation",
				"type": "String"
			},
			{
				"name": "SystemModstamp",
				"type": "DateTime"
			},
			{
				"name": "Title",
				"type": "String"
			},
			{
				"name": "MAG_SkyfiiId__c",
				"type": "String"
			}
		],
		"typeProperties": {
			"tableName": "[staging].[salesforce_service_cloud_contact]"
		}
	},
	"type": "Microsoft.DataFactory/factories/datasets"
}