{
	"name": "SQLDataWarehouse_staging_coniq_location_group",
	"properties": {
		"linkedServiceName": {
			"referenceName": "SQLDataWarehouse",
			"type": "LinkedServiceReference"
		},
		"folder": {
			"name": "SQL Data Warehouse"
		},
		"annotations": [],
		"type": "AzureSqlDWTable",
		"structure": [
			{
				"name": "id",
				"type": "Int32"
			},
			{
				"name": "name",
				"type": "String"
			},
			{
				"name": "type",
				"type": "String"
			},
			{
				"name": "key",
				"type": "String"
			}
		],
		"typeProperties": {
			"tableName": "[staging].[coniq_location_group]"
		}
	},
	"type": "Microsoft.DataFactory/factories/datasets"
}