{
	"name": "SQLDataWarehouse_staging_upload_mastercard_summ_out",
	"properties": {
		"linkedServiceName": {
			"referenceName": "SQLDataWarehouse",
			"type": "LinkedServiceReference"
		},
		"folder": {
			"name": "SQL Data Warehouse"
		},
		"annotations": [],
		"type": "AzureSqlDWTable",
		"structure": [
			{
				"name": "key",
				"type": "String"
			},
			{
				"name": "location",
				"type": "String"
			},
			{
				"name": "set",
				"type": "String"
			},
			{
				"name": "period",
				"type": "String"
			},
			{
				"name": "spend",
				"type": "Decimal"
			},
			{
				"name": "growth_spend",
				"type": "Decimal"
			},
			{
				"name": "share_spend",
				"type": "Decimal"
			},
			{
				"name": "trx",
				"type": "Int32"
			},
			{
				"name": "growth_trx",
				"type": "Decimal"
			},
			{
				"name": "share_trx",
				"type": "Decimal"
			},
			{
				"name": "customers",
				"type": "Int32"
			},
			{
				"name": "growth_customers",
				"type": "Decimal"
			},
			{
				"name": "share_customers",
				"type": "Decimal"
			},
			{
				"name": "avg_custspend",
				"type": "Decimal"
			},
			{
				"name": "avg_trxfreq",
				"type": "Decimal"
			},
			{
				"name": "avg_ticket",
				"type": "Decimal"
			},
			{
				"name": "avg_visitfreq",
				"type": "Decimal"
			}
		],
		"typeProperties": {
			"tableName": "[staging].[upload_mastercard_summ_out]"
		}
	},
	"type": "Microsoft.DataFactory/factories/datasets"
}