{
	"name": "SQLDataWarehouse_sqllon04_dailysales_extendedhours",
	"properties": {
		"linkedServiceName": {
			"referenceName": "SQLDataWarehouse",
			"type": "LinkedServiceReference"
		},
		"folder": {
			"name": "SQL Data Warehouse"
		},
		"annotations": [],
		"type": "AzureSqlDWTable",
		"structure": [
			{
				"name": "SalesExtendedHours_ID",
				"type": "Int32"
			},
			{
				"name": "TheDate",
				"type": "Date"
			},
			{
				"name": "Lease_ID",
				"type": "Int32"
			},
			{
				"name": "TimeKey",
				"type": "String"
			},
			{
				"name": "StartTime",
				"type": "String"
			},
			{
				"name": "EndTime",
				"type": "String"
			},
			{
				"name": "Sales_Net",
				"type": "Decimal"
			},
			{
				"name": "Created_Datetime",
				"type": "DateTime"
			},
			{
				"name": "Updated_Datetime",
				"type": "DateTime"
			}
		],
		"typeProperties": {
			"tableName": "[SQL-LON-04].[DailySales_ExtendedHours]"
		}
	},
	"type": "Microsoft.DataFactory/factories/datasets"
}