{
	"name": "SQLDataWarehouse_staging_salesforce_service_cloud_travel_partner",
	"properties": {
		"linkedServiceName": {
			"referenceName": "SQLDataWarehouse",
			"type": "LinkedServiceReference"
		},
		"folder": {
			"name": "SQL Data Warehouse"
		},
		"annotations": [],
		"type": "AzureSqlDWTable",
		"structure": [
			{
				"name": "CreatedById",
				"type": "String"
			},
			{
				"name": "CreatedDate",
				"type": "DateTime"
			},
			{
				"name": "Id",
				"type": "String"
			},
			{
				"name": "IsDeleted",
				"type": "Boolean"
			},
			{
				"name": "LastModifiedById",
				"type": "String"
			},
			{
				"name": "LastModifiedDate",
				"type": "DateTime"
			},
			{
				"name": "LastReferencedDate",
				"type": "DateTime"
			},
			{
				"name": "LastViewedDate",
				"type": "DateTime"
			},
			{
				"name": "MAG_TP_Address_1__c",
				"type": "String"
			},
			{
				"name": "MAG_TP_Address_2__c",
				"type": "String"
			},
			{
				"name": "MAG_TP_Address_3__c",
				"type": "String"
			},
			{
				"name": "MAG_TP_Country_Code__c",
				"type": "String"
			},
			{
				"name": "MAG_TP_Country__c",
				"type": "String"
			},
			{
				"name": "MAG_TP_IsContracted__c",
				"type": "Boolean"
			},
			{
				"name": "MAG_TP_Partner_Owner__c",
				"type": "String"
			},
			{
				"name": "MAG_TP_Postcode__c",
				"type": "String"
			},
			{
				"name": "MAG_TP_Status__c",
				"type": "String"
			},
			{
				"name": "Name",
				"type": "String"
			},
			{
				"name": "OwnerId",
				"type": "String"
			},
			{
				"name": "SystemModstamp",
				"type": "DateTime"
			},
			{
				"name": "Travel_Partner_User__c",
				"type": "String"
			}
		],
		"typeProperties": {
			"tableName": "[staging].[salesforce_service_cloud_travel_partner]"
		}
	},
	"type": "Microsoft.DataFactory/factories/datasets"
}