{
	"name": "SQLDataWarehouse_staging_calendar445",
	"properties": {
		"linkedServiceName": {
			"referenceName": "SQLDataWarehouse",
			"type": "LinkedServiceReference"
		},
		"folder": {
			"name": "SQL Data Warehouse"
		},
		"annotations": [],
		"type": "AzureSqlDWTable",
		"structure": [
			{
				"name": "_date",
				"type": "String"
			},
			{
				"name": "445_DYE_DaysInMonth",
				"type": "String"
			},
			{
				"name": "445_DYE_DaysInQuarter",
				"type": "String"
			},
			{
				"name": "445_DYE_DaysInYear",
				"type": "String"
			},
			{
				"name": "445_DYE_Year",
				"type": "String"
			},
			{
				"name": "445_DYE_Week_Nr",
				"type": "String"
			},
			{
				"name": "445_DYE_Week_Desc",
				"type": "String"
			},
			{
				"name": "445_DYE_Quarter_Nr",
				"type": "String"
			},
			{
				"name": "445_DYE_Quarter_Desc",
				"type": "String"
			},
			{
				"name": "445_Month_Nr",
				"type": "String"
			},
			{
				"name": "445_Month_Desc",
				"type": "String"
			},
			{
				"name": "445_MYE_DaysInMonth",
				"type": "String"
			},
			{
				"name": "445_MYE_DaysInQuarter",
				"type": "String"
			},
			{
				"name": "445_MYE_DaysInYear",
				"type": "String"
			},
			{
				"name": "445_MYE_Year",
				"type": "String"
			},
			{
				"name": "445_MYE_Week_Nr",
				"type": "String"
			},
			{
				"name": "445_MYE_Week_Desc",
				"type": "String"
			},
			{
				"name": "445_MYE_Quarter_Nr",
				"type": "String"
			},
			{
				"name": "445_MYE_Quarter_Desc",
				"type": "String"
			}
		],
		"typeProperties": {
			"tableName": "[staging].[calendar445_20191127]"
		}
	},
	"type": "Microsoft.DataFactory/factories/datasets"
}