{
	"name": "SQLDataWarehouse_staging_mri_mriglrw",
	"properties": {
		"linkedServiceName": {
			"referenceName": "SQLDataWarehouse",
			"type": "LinkedServiceReference"
		},
		"folder": {
			"name": "SQL Data Warehouse"
		},
		"annotations": [],
		"type": "AzureSqlDWTable",
		"structure": [
			{
				"name": "FORMATID",
				"type": "String"
			},
			{
				"name": "SORTORD",
				"type": "Int16"
			},
			{
				"name": "TYPE",
				"type": "String"
			},
			{
				"name": "SUBTOTID",
				"type": "Int16"
			},
			{
				"name": "DEBCRED",
				"type": "String"
			},
			{
				"name": "LINEDEF",
				"type": "String"
			}
		],
		"typeProperties": {
			"tableName": "[staging].[mri_mriglrw]"
		}
	},
	"type": "Microsoft.DataFactory/factories/datasets"
}