{
	"name": "SQLDataWarehouse_staging_centres",
	"properties": {
		"linkedServiceName": {
			"referenceName": "SQLDataWarehouse",
			"type": "LinkedServiceReference"
		},
		"folder": {
			"name": "SQL Data Warehouse"
		},
		"annotations": [],
		"type": "AzureSqlDWTable",
		"structure": [
			{
				"name": "address_city",
				"type": "String"
			},
			{
				"name": "address_line_1",
				"type": "String"
			},
			{
				"name": "address_line_2",
				"type": "String"
			},
			{
				"name": "address_postal_code",
				"type": "String"
			},
			{
				"name": "address_region",
				"type": "String"
			},
			{
				"name": "address_sublocality",
				"type": "String"
			},
			{
				"name": "centre_name",
				"type": "String"
			},
			{
				"name": "competitor_names",
				"type": "String"
			},
			{
				"name": "competitor_website_urls",
				"type": "String"
			},
			{
				"name": "entity_id",
				"type": "String"
			},
			{
				"name": "facebook_name",
				"type": "String"
			},
			{
				"name": "facebook_page_url",
				"type": "String"
			},
			{
				"name": "hours_monday",
				"type": "String"
			},
			{
				"name": "hours_tuesday",
				"type": "String"
			},
			{
				"name": "hours_wednesday",
				"type": "String"
			},
			{
				"name": "hours_thursday",
				"type": "String"
			},
			{
				"name": "hours_friday",
				"type": "String"
			},
			{
				"name": "hours_saturday",
				"type": "String"
			},
			{
				"name": "hours_sunday",
				"type": "String"
			},
			{
				"name": "instagram_handle",
				"type": "String"
			},
			{
				"name": "iso_country_code",
				"type": "String"
			},
			{
				"name": "iso_region_code",
				"type": "String"
			},
			{
				"name": "language_page_options",
				"type": "String"
			},
			{
				"name": "last_modified",
				"type": "DateTime"
			},
			{
				"name": "latitude",
				"type": "Double"
			},
			{
				"name": "longitude",
				"type": "Double"
			},
			{
				"name": "services_available",
				"type": "String"
			},
			{
				"name": "timezone",
				"type": "String"
			},
			{
				"name": "twitter_handle",
				"type": "String"
			},
			{
				"name": "website_url",
				"type": "String"
			},
			{
				"name": "yext_folder",
				"type": "String"
			},
			{
				"name": "yext_id",
				"type": "String"
			},
			{
				"name": "yext_labels",
				"type": "String"
			}
		],
		"typeProperties": {
			"tableName": "[staging].[centre]"
		}
	},
	"type": "Microsoft.DataFactory/factories/datasets"
}