{
	"name": "SQLDataWarehouse_staging_dark_sky_daily_2018",
	"properties": {
		"linkedServiceName": {
			"referenceName": "SQLDataWarehouse",
			"type": "LinkedServiceReference"
		},
		"folder": {
			"name": "SQL Data Warehouse"
		},
		"annotations": [],
		"type": "AzureSqlDWTable",
		"structure": [
			{
				"name": "apparent_temperature_high",
				"type": "String"
			},
			{
				"name": "apparent_temperature_high_time",
				"type": "String"
			},
			{
				"name": "apparent_temperature_low",
				"type": "String"
			},
			{
				"name": "apparent_temperature_low_time",
				"type": "String"
			},
			{
				"name": "apparent_temperature_max",
				"type": "String"
			},
			{
				"name": "apparent_temperature_max_time",
				"type": "String"
			},
			{
				"name": "apparent_temperature_min",
				"type": "String"
			},
			{
				"name": "apparent_temperature_min_time",
				"type": "String"
			},
			{
				"name": "cloud_cover",
				"type": "String"
			},
			{
				"name": "dew_point",
				"type": "String"
			},
			{
				"name": "humidity",
				"type": "String"
			},
			{
				"name": "latitude",
				"type": "String"
			},
			{
				"name": "longitude",
				"type": "String"
			},
			{
				"name": "moon_phase",
				"type": "String"
			},
			{
				"name": "offset",
				"type": "String"
			},
			{
				"name": "ozone",
				"type": "String"
			},
			{
				"name": "precip_intensity",
				"type": "String"
			},
			{
				"name": "precip_intensity_max",
				"type": "String"
			},
			{
				"name": "precip_intensity_max_time",
				"type": "String"
			},
			{
				"name": "precip_probability",
				"type": "String"
			},
			{
				"name": "precip_type",
				"type": "String"
			},
			{
				"name": "pressure",
				"type": "String"
			},
			{
				"name": "summary",
				"type": "String"
			},
			{
				"name": "sunrise_time",
				"type": "String"
			},
			{
				"name": "sunset_time",
				"type": "String"
			},
			{
				"name": "temperature_high",
				"type": "String"
			},
			{
				"name": "temperature_high_time",
				"type": "String"
			},
			{
				"name": "temperature_low",
				"type": "String"
			},
			{
				"name": "temperature_low_time",
				"type": "String"
			},
			{
				"name": "temperature_max",
				"type": "String"
			},
			{
				"name": "temperature_max_time",
				"type": "String"
			},
			{
				"name": "temperature_min",
				"type": "String"
			},
			{
				"name": "temperature_min_time",
				"type": "String"
			},
			{
				"name": "time",
				"type": "String"
			},
			{
				"name": "uv_index",
				"type": "String"
			},
			{
				"name": "uv_index_time",
				"type": "String"
			},
			{
				"name": "visibility",
				"type": "String"
			},
			{
				"name": "wind_bearing",
				"type": "String"
			},
			{
				"name": "wind_gust",
				"type": "String"
			},
			{
				"name": "wind_gust_time",
				"type": "String"
			},
			{
				"name": "wind_speed",
				"type": "String"
			}
		],
		"typeProperties": {
			"tableName": "[staging].[dark_sky_daily_2018]"
		}
	},
	"type": "Microsoft.DataFactory/factories/datasets"
}