{
	"name": "SQLDataWarehouse_staging_magnet_tax_free_sales",
	"properties": {
		"linkedServiceName": {
			"referenceName": "SQLDataWarehouse",
			"type": "LinkedServiceReference"
		},
		"folder": {
			"name": "SQL Data Warehouse"
		},
		"annotations": [],
		"type": "AzureSqlDWTable",
		"structure": [
			{
				"name": "MONTH",
				"type": "String"
			},
			{
				"name": "CENTRE",
				"type": "String"
			},
			{
				"name": "COUNTRYID",
				"type": "String"
			},
			{
				"name": "COUNTRYNAME",
				"type": "String"
			},
			{
				"name": "PROVIDER",
				"type": "String"
			},
			{
				"name": "SALES",
				"type": "String"
			},
			{
				"name": "TRANSACTIONS",
				"type": "String"
			}
		],
		"typeProperties": {
			"tableName": "[staging].[magnet_tax_free_sales]"
		}
	},
	"type": "Microsoft.DataFactory/factories/datasets"
}