{
	"name": "SQLDataWarehouse_staging_magnet_daily_sales_full_history",
	"properties": {
		"linkedServiceName": {
			"referenceName": "SQLDataWarehouse",
			"type": "LinkedServiceReference"
		},
		"folder": {
			"name": "SQL Data Warehouse"
		},
		"annotations": [],
		"type": "AzureSqlDWTable",
		"structure": [
			{
				"name": "DATE",
				"type": "String"
			},
			{
				"name": "CENTREID",
				"type": "String"
			},
			{
				"name": "LEASEID",
				"type": "String"
			},
			{
				"name": "TENANTID",
				"type": "String"
			},
			{
				"name": "UNITID",
				"type": "String"
			},
			{
				"name": "SALESGROSS",
				"type": "String"
			},
			{
				"name": "SALESNET",
				"type": "String"
			},
			{
				"name": "TRANSACTIONS",
				"type": "String"
			},
			{
				"name": "ITEMS",
				"type": "String"
			},
			{
				"name": "FOOTFALL",
				"type": "String"
			},
			{
				"name": "L4L",
				"type": "String"
			},
			{
				"name": "DAYSTRADED",
				"type": "String"
			},
			{
				"name": "CREATED_AT",
				"type": "String"
			},
			{
				"name": "LAST_UPDATED_AT",
				"type": "String"
			}
		],
		"typeProperties": {
			"tableName": "[staging].[magnet_daily_sales_full_history]"
		}
	},
	"type": "Microsoft.DataFactory/factories/datasets"
}