{
	"name": "SQLDataWarehouse_staging_magnet_unit_phase",
	"properties": {
		"linkedServiceName": {
			"referenceName": "SQLDataWarehouse",
			"type": "LinkedServiceReference"
		},
		"folder": {
			"name": "SQL Data Warehouse"
		},
		"annotations": [],
		"type": "AzureSqlDWTable",
		"structure": [
			{
				"name": "CENTRE",
				"type": "String"
			},
			{
				"name": "UNITREF",
				"type": "String"
			},
			{
				"name": "UNITNAME",
				"type": "String"
			},
			{
				"name": "UNITID",
				"type": "String"
			},
			{
				"name": "LEASEID",
				"type": "String"
			},
			{
				"name": "PHASE",
				"type": "String"
			},
			{
				"name": "AREAFT",
				"type": "String"
			},
			{
				"name": "AREAM",
				"type": "String"
			},
			{
				"name": "AREAVALIDFROM",
				"type": "String"
			}
		],
		"typeProperties": {
			"tableName": "[staging].[magnet_unit_phase]"
		}
	},
	"type": "Microsoft.DataFactory/factories/datasets"
}