{
	"name": "SQLDataWarehouse_staging_coniq_transactions",
	"properties": {
		"linkedServiceName": {
			"referenceName": "SQLDataWarehouse",
			"type": "LinkedServiceReference"
		},
		"folder": {
			"name": "SQL Data Warehouse"
		},
		"annotations": [],
		"type": "AzureSqlDWTable",
		"structure": [
			{
				"name": "id",
				"type": "Int32"
			},
			{
				"name": "offer_id",
				"type": "Int32"
			},
			{
				"name": "offer_name",
				"type": "String"
			},
			{
				"name": "customer_id",
				"type": "Int32"
			},
			{
				"name": "customer_name",
				"type": "String"
			},
			{
				"name": "customer_external_id",
				"type": "String"
			},
			{
				"name": "location_id",
				"type": "Int32"
			},
			{
				"name": "location_name",
				"type": "String"
			},
			{
				"name": "location_external_id",
				"type": "String"
			},
			{
				"name": "amount",
				"type": "Decimal"
			},
			{
				"name": "date_recorded_utc",
				"type": "String"
			},
			{
				"name": "date_redeemed_utc",
				"type": "String"
			},
			{
				"name": "barcode_number",
				"type": "String"
			},
			{
				"name": "channel",
				"type": "String"
			}
		],
		"typeProperties": {
			"tableName": "[staging].[coniq_transactions]"
		}
	},
	"type": "Microsoft.DataFactory/factories/datasets"
}