{
	"name": "SQLDataWarehouse_mri_ctyp",
	"properties": {
		"linkedServiceName": {
			"referenceName": "SQLDataWarehouseLargeResourceClass",
			"type": "LinkedServiceReference"
		},
		"folder": {
			"name": "SQL Data Warehouse"
		},
		"annotations": [],
		"type": "AzureSqlDWTable",
		"structure": [
			{
				"name": "CASHTYPE",
				"type": "String"
			},
			{
				"name": "CASHDESC",
				"type": "String"
			},
			{
				"name": "LASTDATE",
				"type": "DateTime"
			},
			{
				"name": "USERID",
				"type": "String"
			}
		],
		"typeProperties": {
			"tableName": "[mri].[CTYP]"
		}
	},
	"type": "Microsoft.DataFactory/factories/datasets"
}