{
	"name": "SQLDataWarehouse_staging_coniq_location",
	"properties": {
		"linkedServiceName": {
			"referenceName": "SQLDataWarehouse",
			"type": "LinkedServiceReference"
		},
		"folder": {
			"name": "SQL Data Warehouse"
		},
		"annotations": [],
		"type": "AzureSqlDWTable",
		"structure": [
			{
				"name": "id",
				"type": "Int32"
			},
			{
				"name": "name",
				"type": "String"
			},
			{
				"name": "address1",
				"type": "String"
			},
			{
				"name": "address2",
				"type": "String"
			},
			{
				"name": "city",
				"type": "String"
			},
			{
				"name": "postcode",
				"type": "String"
			},
			{
				"name": "country",
				"type": "String"
			},
			{
				"name": "latitude",
				"type": "String"
			},
			{
				"name": "longitude",
				"type": "String"
			},
			{
				"name": "phone",
				"type": "String"
			},
			{
				"name": "website",
				"type": "String"
			},
			{
				"name": "description",
				"type": "String"
			},
			{
				"name": "logo_url",
				"type": "String"
			},
			{
				"name": "photo_url",
				"type": "String"
			},
			{
				"name": "external_id",
				"type": "String"
			},
			{
				"name": "contact_name",
				"type": "String"
			},
			{
				"name": "contact_email",
				"type": "String"
			},
			{
				"name": "contact_phone",
				"type": "String"
			},
			{
				"name": "created_datetime_utc",
				"type": "String"
			},
			{
				"name": "modified_datetime_utc",
				"type": "String"
			}
		],
		"typeProperties": {
			"tableName": "[staging].[coniq_location]"
		}
	},
	"type": "Microsoft.DataFactory/factories/datasets"
}