{
	"name": "SQLDataWarehouse_staging_mri_vend",
	"properties": {
		"linkedServiceName": {
			"referenceName": "SQLDataWarehouse",
			"type": "LinkedServiceReference"
		},
		"folder": {
			"name": "SQL Data Warehouse"
		},
		"annotations": [],
		"type": "AzureSqlDWTable",
		"structure": [
			{
				"name": "VENDID",
				"type": "String"
			},
			{
				"name": "VENDNME1",
				"type": "String"
			},
			{
				"name": "VENDNME2",
				"type": "String"
			},
			{
				"name": "VENDADDR",
				"type": "String"
			},
			{
				"name": "CITY",
				"type": "String"
			},
			{
				"name": "STATE",
				"type": "String"
			},
			{
				"name": "ZIP",
				"type": "String"
			},
			{
				"name": "FEDIDTYP",
				"type": "String"
			},
			{
				"name": "M_1099REQ",
				"type": "String"
			},
			{
				"name": "USEDISC",
				"type": "String"
			},
			{
				"name": "ACCTNUM",
				"type": "String"
			},
			{
				"name": "DELFLAG",
				"type": "String"
			},
			{
				"name": "DAYS1",
				"type": "Int16"
			},
			{
				"name": "DISC1",
				"type": "Decimal"
			},
			{
				"name": "DAYS2",
				"type": "Int16"
			},
			{
				"name": "DISC2",
				"type": "Decimal"
			},
			{
				"name": "DAYS3",
				"type": "Int16"
			},
			{
				"name": "DISC3",
				"type": "Decimal"
			},
			{
				"name": "LASTDATE",
				"type": "DateTime"
			},
			{
				"name": "USERID",
				"type": "String"
			},
			{
				"name": "FOREIGNVND",
				"type": "String"
			},
			{
				"name": "PHONE",
				"type": "String"
			},
			{
				"name": "STATUS",
				"type": "String"
			},
			{
				"name": "PAYTYPE",
				"type": "String"
			},
			{
				"name": "REF",
				"type": "String"
			},
			{
				"name": "VATREG",
				"type": "String"
			},
			{
				"name": "COUNTY",
				"type": "String"
			},
			{
				"name": "ENTITYRESTR",
				"type": "String"
			},
			{
				"name": "CONTACT",
				"type": "String"
			},
			{
				"name": "TERMS",
				"type": "String"
			},
			{
				"name": "WIRETOCM",
				"type": "String"
			},
			{
				"name": "HOMEONLY",
				"type": "String"
			},
			{
				"name": "APPLIMIT",
				"type": "Decimal"
			},
			{
				"name": "VENDTYPE",
				"type": "String"
			},
			{
				"name": "INSEXP",
				"type": "DateTime"
			},
			{
				"name": "CURRCODE",
				"type": "String"
			},
			{
				"name": "SITEID",
				"type": "String"
			},
			{
				"name": "SUBCONT",
				"type": "String"
			},
			{
				"name": "CERTREQD",
				"type": "String"
			},
			{
				"name": "SUBWITH",
				"type": "String"
			},
			{
				"name": "PRIORITYID",
				"type": "String"
			},
			{
				"name": "ATTNFEE",
				"type": "String"
			},
			{
				"name": "EXPCERTOK",
				"type": "String"
			},
			{
				"name": "NOPOOK",
				"type": "String"
			},
			{
				"name": "CheckPrintingPriorityID",
				"type": "String"
			},
			{
				"name": "VENDADDR2",
				"type": "String"
			},
			{
				"name": "COUNTRY",
				"type": "String"
			},
			{
				"name": "FEDID",
				"type": "String"
			},
			{
				"name": "LASTEXPORTDATE",
				"type": "DateTime"
			},
			{
				"name": "RMINTERNATIONAL",
				"type": "String"
			},
			{
				"name": "ACHVEND",
				"type": "String"
			},
			{
				"name": "BANKACCTNAME",
				"type": "String"
			},
			{
				"name": "ACHPRENT",
				"type": "String"
			},
			{
				"name": "ACHVENDEMAIL",
				"type": "String"
			},
			{
				"name": "ACHSAV",
				"type": "String"
			},
			{
				"name": "ABATRAN",
				"type": "String"
			},
			{
				"name": "ABABANK",
				"type": "String"
			},
			{
				"name": "STDENTCODE",
				"type": "String"
			},
			{
				"name": "CITDCERT",
				"type": "Double"
			},
			{
				"name": "EXPRCERT",
				"type": "DateTime"
			},
			{
				"name": "TYPECERT",
				"type": "String"
			},
			{
				"name": "BANKCERT",
				"type": "String"
			},
			{
				"name": "CLRGCERT",
				"type": "Int32"
			},
			{
				"name": "ACCTCERT",
				"type": "Int32"
			},
			{
				"name": "EBANKID",
				"type": "String"
			},
			{
				"name": "EBANKACC",
				"type": "String"
			},
			{
				"name": "CIT",
				"type": "String"
			},
			{
				"name": "EMAIL",
				"type": "String"
			},
			{
				"name": "ACCTNAME",
				"type": "String"
			},
			{
				"name": "BANKNAME",
				"type": "String"
			},
			{
				"name": "CNTYCODE",
				"type": "String"
			},
			{
				"name": "IBAN",
				"type": "String"
			},
			{
				"name": "SWIFT",
				"type": "String"
			},
			{
				"name": "REGION",
				"type": "String"
			},
			{
				"name": "SUBREGION",
				"type": "String"
			},
			{
				"name": "FOREIGNGOODS",
				"type": "String"
			},
			{
				"name": "DOB",
				"type": "DateTime"
			},
			{
				"name": "BIRTHPLACE",
				"type": "String"
			},
			{
				"name": "AUTOFATTURE",
				"type": "String"
			},
			{
				"name": "BANKADDR1",
				"type": "String"
			},
			{
				"name": "BANKADDR2",
				"type": "String"
			},
			{
				"name": "BANKCITY",
				"type": "String"
			},
			{
				"name": "BANKZIP",
				"type": "String"
			},
			{
				"name": "BANKCOUNTRY",
				"type": "String"
			},
			{
				"name": "CLIENTDESC",
				"type": "String"
			},
			{
				"name": "CLIENTTAX",
				"type": "String"
			},
			{
				"name": "KPO",
				"type": "String"
			},
			{
				"name": "UIC",
				"type": "String"
			},
			{
				"name": "UIC_COUNTRY",
				"type": "String"
			},
			{
				"name": "UICC",
				"type": "Int32"
			},
			{
				"name": "PAYINST",
				"type": "String"
			},
			{
				"name": "NONEU",
				"type": "String"
			},
			{
				"name": "DUEDILL",
				"type": "String"
			},
			{
				"name": "DUEDILLDATE",
				"type": "DateTime"
			},
			{
				"name": "RISK",
				"type": "String"
			},
			{
				"name": "DUEDILLEXPDATE",
				"type": "DateTime"
			},
			{
				"name": "CONTOWN",
				"type": "String"
			},
			{
				"name": "COMPFORMID",
				"type": "String"
			},
			{
				"name": "COMPFORMVALU",
				"type": "String"
			},
			{
				"name": "CFVALTYPE",
				"type": "String"
			},
			{
				"name": "CFREVIEWDATE",
				"type": "DateTime"
			},
			{
				"name": "BLDGNUM",
				"type": "String"
			},
			{
				"name": "ART17",
				"type": "String"
			},
			{
				"name": "UPD_COUNTRY",
				"type": "String"
			},
			{
				"name": "UPD_VENDADDR2",
				"type": "String"
			},
			{
				"name": "UPD_RMINTERNATIONAL",
				"type": "String"
			},
			{
				"name": "UPD_STDENTCODE",
				"type": "String"
			},
			{
				"name": "OLDVENDID",
				"type": "String"
			}
		],
		"typeProperties": {
			"tableName": "[staging].[mri_vend]"
		}
	},
	"type": "Microsoft.DataFactory/factories/datasets"
}