{
	"name": "SQLDataWarehouse_staging_magnet_budget_sales_unit_deleted",
	"properties": {
		"linkedServiceName": {
			"referenceName": "SQLDataWarehouse",
			"type": "LinkedServiceReference"
		},
		"folder": {
			"name": "SQL Data Warehouse"
		},
		"annotations": [],
		"type": "AzureSqlDWTable",
		"structure": [
			{
				"name": "CENTREID",
				"type": "String"
			},
			{
				"name": "TENANTID",
				"type": "String"
			},
			{
				"name": "TENANT",
				"type": "String"
			},
			{
				"name": "UNITID",
				"type": "String"
			},
			{
				"name": "UNITREF",
				"type": "String"
			},
			{
				"name": "WEEKNO",
				"type": "String"
			},
			{
				"name": "YEAR",
				"type": "String"
			},
			{
				"name": "SALESDATE",
				"type": "String"
			},
			{
				"name": "BUDGETEDSALES",
				"type": "String"
			},
			{
				"name": "CREATED_AT",
				"type": "String"
			},
			{
				"name": "DELETED_AT",
				"type": "String"
			}
		],
		"typeProperties": {
			"tableName": "[staging].[magnet_budget_sales_unit_deleted]"
		}
	},
	"type": "Microsoft.DataFactory/factories/datasets"
}