{
	"name": "SQLDataWarehouse_staging_salesforce_service_cloud_referafriend",
	"properties": {
		"linkedServiceName": {
			"referenceName": "SQLDataWarehouse",
			"type": "LinkedServiceReference"
		},
		"folder": {
			"name": "SQL Data Warehouse"
		},
		"annotations": [],
		"type": "AzureSqlDWTable",
		"structure": [
			{
				"name": "CreatedById",
				"type": "String"
			},
			{
				"name": "CreatedDate",
				"type": "DateTime"
			},
			{
				"name": "Id",
				"type": "String"
			},
			{
				"name": "IsDeleted",
				"type": "Boolean"
			},
			{
				"name": "LastActivityDate",
				"type": "DateTime"
			},
			{
				"name": "LastModifiedById",
				"type": "String"
			},
			{
				"name": "LastModifiedDate",
				"type": "DateTime"
			},
			{
				"name": "LastReferencedDate",
				"type": "DateTime"
			},
			{
				"name": "LastViewedDate",
				"type": "DateTime"
			},
			{
				"name": "Name",
				"type": "String"
			},
			{
				"name": "OwnerId",
				"type": "String"
			},
			{
				"name": "Referee__c",
				"type": "String"
			},
			{
				"name": "Referral_Date__c",
				"type": "DateTime"
			},
			{
				"name": "MAG_Referrer__c",
				"type": "String"
			},
			{
				"name": "SystemModstamp",
				"type": "DateTime"
			}
		],
		"typeProperties": {
			"tableName": "[staging].[salesforce_service_cloud_referafriend]"
		}
	},
	"type": "Microsoft.DataFactory/factories/datasets"
}