{
	"name": "SQLDataWarehouse_staging_mri_tb_mg_accru_prepay",
	"properties": {
		"linkedServiceName": {
			"referenceName": "SQLDataWarehouse",
			"type": "LinkedServiceReference"
		},
		"folder": {
			"name": "SQL Data Warehouse"
		},
		"annotations": [],
		"type": "AzureSqlDWTable",
		"structure": [
			{
				"name": "BLDGID",
				"type": "String"
			},
			{
				"name": "LEASID",
				"type": "String"
			},
			{
				"name": "PERIOD",
				"type": "String"
			},
			{
				"name": "ACCRPREPAY",
				"type": "String"
			},
			{
				"name": "DEBITACCT",
				"type": "String"
			},
			{
				"name": "CREDITACCT",
				"type": "String"
			},
			{
				"name": "AMT",
				"type": "Decimal"
			},
			{
				"name": "DESCRPTN",
				"type": "String"
			},
			{
				"name": "GLREF",
				"type": "String"
			},
			{
				"name": "SOURCE",
				"type": "String"
			},
			{
				"name": "SITEID",
				"type": "String"
			},
			{
				"name": "FILENAME",
				"type": "String"
			},
			{
				"name": "USERID",
				"type": "String"
			},
			{
				"name": "LASTDATE",
				"type": "DateTime"
			},
			{
				"name": "DOCID",
				"type": "String"
			},
			{
				"name": "PROCESSDATE",
				"type": "DateTime"
			}
		],
		"typeProperties": {
			"tableName": "[staging].[mri_tb_mg_accru_prepay]"
		}
	},
	"type": "Microsoft.DataFactory/factories/datasets"
}