{
	"name": "SQLDataWarehouse_staging_mri_brkp",
	"properties": {
		"linkedServiceName": {
			"referenceName": "SQLDataWarehouse",
			"type": "LinkedServiceReference"
		},
		"folder": {
			"name": "SQL Data Warehouse"
		},
		"annotations": [],
		"type": "AzureSqlDWTable",
		"structure": [
			{
				"name": "BLDGID",
				"type": "String"
			},
			{
				"name": "LEASID",
				"type": "String"
			},
			{
				"name": "STYPID",
				"type": "String"
			},
			{
				"name": "STARTDT",
				"type": "DateTime"
			},
			{
				"name": "PERC1",
				"type": "Decimal"
			},
			{
				"name": "BRKPNT1",
				"type": "Decimal"
			},
			{
				"name": "PERC2",
				"type": "Decimal"
			},
			{
				"name": "BRKPNT2",
				"type": "Decimal"
			},
			{
				"name": "PERC3",
				"type": "Decimal"
			},
			{
				"name": "BRKPNT3",
				"type": "Decimal"
			},
			{
				"name": "PERC4",
				"type": "Decimal"
			},
			{
				"name": "BRKPNT4",
				"type": "Decimal"
			},
			{
				"name": "PERC5",
				"type": "Decimal"
			},
			{
				"name": "BRKPNT5",
				"type": "Decimal"
			},
			{
				"name": "LASTDATE",
				"type": "DateTime"
			},
			{
				"name": "USERID",
				"type": "String"
			},
			{
				"name": "PERC6",
				"type": "Decimal"
			},
			{
				"name": "BRKPNT6",
				"type": "Decimal"
			},
			{
				"name": "PERC7",
				"type": "Decimal"
			},
			{
				"name": "BRKPNT7",
				"type": "Decimal"
			},
			{
				"name": "TOTALBRKP",
				"type": "String"
			}
		],
		"typeProperties": {
			"tableName": "[staging].[mri_brkp]"
		}
	},
	"type": "Microsoft.DataFactory/factories/datasets"
}