{
	"name": "SQLDataWarehouse_staging_magnet_tax_free",
	"properties": {
		"linkedServiceName": {
			"referenceName": "SQLDataWarehouse",
			"type": "LinkedServiceReference"
		},
		"folder": {
			"name": "SQL Data Warehouse"
		},
		"annotations": [],
		"type": "AzureSqlDWTable",
		"structure": [
			{
				"name": "Month",
				"type": "String"
			},
			{
				"name": "Centre",
				"type": "String"
			},
			{
				"name": "CountryID",
				"type": "String"
			},
			{
				"name": "CountryName",
				"type": "String"
			},
			{
				"name": "Provider",
				"type": "String"
			},
			{
				"name": "Sales",
				"type": "String"
			},
			{
				"name": "Transactions",
				"type": "String"
			}
		],
		"typeProperties": {
			"tableName": "[staging].[magnet_tax_free]"
		}
	},
	"type": "Microsoft.DataFactory/factories/datasets"
}