{
	"name": "SQLDataWarehouse_staging_mri_period",
	"properties": {
		"linkedServiceName": {
			"referenceName": "SQLDataWarehouse",
			"type": "LinkedServiceReference"
		},
		"folder": {
			"name": "SQL Data Warehouse"
		},
		"annotations": [],
		"type": "AzureSqlDWTable",
		"structure": [
			{
				"name": "ENTITYID",
				"type": "String"
			},
			{
				"name": "PERIOD",
				"type": "String"
			},
			{
				"name": "DATECLSD",
				"type": "DateTime"
			},
			{
				"name": "BALFOR",
				"type": "String"
			},
			{
				"name": "APCLOSED",
				"type": "String"
			},
			{
				"name": "OWNCJEFLAG",
				"type": "String"
			},
			{
				"name": "ARCLOSED",
				"type": "String"
			}
		],
		"typeProperties": {
			"tableName": "[staging].[mri_period]"
		}
	},
	"type": "Microsoft.DataFactory/factories/datasets"
}