{
	"name": "SQLDataWarehouse_staging_spaceused",
	"properties": {
		"linkedServiceName": {
			"referenceName": "SQLDataWarehouse",
			"type": "LinkedServiceReference"
		},
		"folder": {
			"name": "SQL Data Warehouse"
		},
		"annotations": [],
		"type": "AzureSqlDWTable",
		"structure": [
			{
				"name": "created_at",
				"type": "DateTime"
			},
			{
				"name": "database_name",
				"type": "String"
			},
			{
				"name": "database_size",
				"type": "String"
			},
			{
				"name": "unallocated_space",
				"type": "String"
			},
			{
				"name": "reserved",
				"type": "String"
			},
			{
				"name": "data",
				"type": "String"
			},
			{
				"name": "index_size",
				"type": "String"
			},
			{
				"name": "unused",
				"type": "String"
			}
		],
		"typeProperties": {
			"tableName": "[staging].[spaceused]"
		}
	},
	"type": "Microsoft.DataFactory/factories/datasets"
}