{
	"name": "SQLDataWarehouse_sqllon04_nationalitygroup",
	"properties": {
		"linkedServiceName": {
			"referenceName": "SQLDataWarehouse",
			"type": "LinkedServiceReference"
		},
		"folder": {
			"name": "SQL Data Warehouse"
		},
		"annotations": [],
		"type": "AzureSqlDWTable",
		"structure": [
			{
				"name": "NationalityGroup_ID",
				"type": "Int32"
			},
			{
				"name": "NationalityGroup_Name",
				"type": "String"
			}
		],
		"typeProperties": {
			"tableName": "[SQL-LON-04].[NationalityGroup]"
		}
	},
	"type": "Microsoft.DataFactory/factories/datasets"
}