{
	"name": "SQLDataWarehouse_mri_cmledgapply",
	"properties": {
		"linkedServiceName": {
			"referenceName": "SQLDataWarehouseLargeResourceClass",
			"type": "LinkedServiceReference"
		},
		"folder": {
			"name": "SQL Data Warehouse"
		},
		"annotations": [],
		"type": "AzureSqlDWTable",
		"structure": [
			{
				"name": "TRANID",
				"type": "String"
			},
			{
				"name": "PTRANID",
				"type": "String"
			},
			{
				"name": "AMT",
				"type": "Decimal"
			},
			{
				"name": "BLDGID",
				"type": "String"
			},
			{
				"name": "LEASID",
				"type": "String"
			},
			{
				"name": "CURRCODE",
				"type": "String"
			},
			{
				"name": "BCURCODE",
				"type": "String"
			},
			{
				"name": "BCAPLYAMT",
				"type": "Decimal"
			},
			{
				"name": "BCAPLYREF",
				"type": "String"
			},
			{
				"name": "BCGAINLOSS",
				"type": "Decimal"
			},
			{
				"name": "PAMT",
				"type": "Decimal"
			},
			{
				"name": "PCURCODE",
				"type": "String"
			}
		],
		"typeProperties": {
			"tableName": "[mri].[CMLEDGAPPLY]"
		}
	},
	"type": "Microsoft.DataFactory/factories/datasets"
}