{
	"name": "SQLDataWarehouse_staging_magnet_lease_status",
	"properties": {
		"linkedServiceName": {
			"referenceName": "SQLDataWarehouse",
			"type": "LinkedServiceReference"
		},
		"folder": {
			"name": "SQL Data Warehouse"
		},
		"annotations": [],
		"type": "AzureSqlDWTable",
		"structure": [
			{
				"name": "ID",
				"type": "String"
			},
			{
				"name": "LEASESTATUS",
				"type": "String"
			}
		],
		"typeProperties": {
			"tableName": "[staging].[magnet_lease_status]"
		}
	},
	"type": "Microsoft.DataFactory/factories/datasets"
}