{
	"name": "SQLDataWarehouse_staging_skyfii_zone_visit",
	"properties": {
		"linkedServiceName": {
			"referenceName": "SQLDataWarehouse",
			"type": "LinkedServiceReference"
		},
		"folder": {
			"name": "SQL Data Warehouse"
		},
		"annotations": [],
		"type": "AzureSqlDWTable",
		"structure": [
			{
				"name": "visit_device_id",
				"type": "Int32"
			},
			{
				"name": "visit_duration",
				"type": "Int32"
			},
			{
				"name": "visit_skyfii_id",
				"type": "Int32"
			},
			{
				"name": "visit_timestamp",
				"type": "Int64"
			},
			{
				"name": "visit_venue_id",
				"type": "Int32"
			},
			{
				"name": "visit_venue_name",
				"type": "String"
			},
			{
				"name": "zone_duration",
				"type": "Int32"
			},
			{
				"name": "zone_id",
				"type": "Int32"
			},
			{
				"name": "zone_name",
				"type": "String"
			},
			{
				"name": "zone_timestamp",
				"type": "Int64"
			}
		],
		"typeProperties": {
			"tableName": "[staging].[skyfii_zone_visit]"
		}
	},
	"type": "Microsoft.DataFactory/factories/datasets"
}