{
	"name": "SQLDataWarehouse_staging_upload_jmas_raw_data",
	"properties": {
		"linkedServiceName": {
			"referenceName": "SQLDataWarehouse",
			"type": "LinkedServiceReference"
		},
		"folder": {
			"name": "SQL Data Warehouse"
		},
		"annotations": [],
		"type": "AzureSqlDWTable",
		"structure": [
			{
				"name": "company",
				"type": "String"
			},
			{
				"name": "additional_company_name",
				"type": "String"
			},
			{
				"name": "tour_reference",
				"type": "String"
			},
			{
				"name": "booker_name",
				"type": "String"
			},
			{
				"name": "tour_leader_name",
				"type": "String"
			},
			{
				"name": "centre_visit",
				"type": "String"
			},
			{
				"name": "date_of_visit",
				"type": "String"
			},
			{
				"name": "month",
				"type": "String"
			},
			{
				"name": "month_num",
				"type": "Int32"
			},
			{
				"name": "year",
				"type": "Int32"
			},
			{
				"name": "time_of_visit",
				"type": "String"
			},
			{
				"name": "window",
				"type": "String"
			},
			{
				"name": "pax",
				"type": "Int32"
			},
			{
				"name": "date_added",
				"type": "String"
			},
			{
				"name": "comments",
				"type": "String"
			},
			{
				"name": "nationality",
				"type": "String"
			},
			{
				"name": "fgnmarketid",
				"type": "Int32"
			},
			{
				"name": "investigating",
				"type": "Boolean"
			},
			{
				"name": "no_show_cancellation",
				"type": "Boolean"
			},
			{
				"name": "g2_do_not_pay",
				"type": "Boolean"
			},
			{
				"name": "lastupdated",
				"type": "String"
			},
			{
				"name": "incentive",
				"type": "Boolean"
			},
			{
				"name": "jma_tracker",
				"type": "Boolean"
			}
		],
		"typeProperties": {
			"tableName": "[staging].[upload_jmas_raw_data]"
		}
	},
	"type": "Microsoft.DataFactory/factories/datasets"
}