{
	"name": "SQLDataWarehouse_staging_dark_sky_hourly_2018",
	"properties": {
		"linkedServiceName": {
			"referenceName": "SQLDataWarehouse",
			"type": "LinkedServiceReference"
		},
		"folder": {
			"name": "SQL Data Warehouse"
		},
		"annotations": [],
		"type": "AzureSqlDWTable",
		"structure": [
			{
				"name": "apparent_temperature",
				"type": "String"
			},
			{
				"name": "cloud_cover",
				"type": "String"
			},
			{
				"name": "dew_point",
				"type": "String"
			},
			{
				"name": "humidity",
				"type": "String"
			},
			{
				"name": "latitude",
				"type": "String"
			},
			{
				"name": "longitude",
				"type": "String"
			},
			{
				"name": "offset",
				"type": "String"
			},
			{
				"name": "ozone",
				"type": "String"
			},
			{
				"name": "precip_intensity",
				"type": "String"
			},
			{
				"name": "precip_probability",
				"type": "String"
			},
			{
				"name": "precip_type",
				"type": "String"
			},
			{
				"name": "pressure",
				"type": "String"
			},
			{
				"name": "summary",
				"type": "String"
			},
			{
				"name": "temperature",
				"type": "String"
			},
			{
				"name": "time",
				"type": "String"
			},
			{
				"name": "uv_index",
				"type": "String"
			},
			{
				"name": "visibility",
				"type": "String"
			},
			{
				"name": "wind_bearing",
				"type": "String"
			},
			{
				"name": "wind_gust",
				"type": "String"
			},
			{
				"name": "wind_speed",
				"type": "String"
			}
		],
		"typeProperties": {
			"tableName": "[staging].[dark_sky_hourly_2018]"
		}
	},
	"type": "Microsoft.DataFactory/factories/datasets"
}