{
	"name": "SQLDataWarehouse_staging_salesforce_service_cloud_travel_booking",
	"properties": {
		"linkedServiceName": {
			"referenceName": "SQLDataWarehouse",
			"type": "LinkedServiceReference"
		},
		"folder": {
			"name": "SQL Data Warehouse"
		},
		"annotations": [],
		"type": "AzureSqlDWTable",
		"structure": [
			{
				"name": "Id",
				"type": "String"
			},
			{
				"name": "OwnerId",
				"type": "String"
			},
			{
				"name": "IsDeleted",
				"type": "Boolean"
			},
			{
				"name": "Name",
				"type": "String"
			},
			{
				"name": "CreatedDate",
				"type": "DateTime"
			},
			{
				"name": "CreatedById",
				"type": "String"
			},
			{
				"name": "LastModifiedDate",
				"type": "DateTime"
			},
			{
				"name": "LastModifiedById",
				"type": "String"
			},
			{
				"name": "SystemModstamp",
				"type": "DateTime"
			},
			{
				"name": "LastActivityDate",
				"type": "DateTime"
			},
			{
				"name": "LastViewedDate",
				"type": "DateTime"
			},
			{
				"name": "LastReferencedDate",
				"type": "DateTime"
			},
			{
				"name": "Actual_Time_of_Arrival__c",
				"type": "String"
			},
			{
				"name": "MAG_TP_Actual_Date_Time_of_arrival__c",
				"type": "DateTime"
			},
			{
				"name": "MAG_TP_Actual_Date_of_Arrival__c",
				"type": "DateTime"
			},
			{
				"name": "MAG_TP_Actual_number_of_adults__c",
				"type": "Decimal"
			},
			{
				"name": "MAG_TP_Centre__c",
				"type": "String"
			},
			{
				"name": "MAG_TP_Client_Tour_Operator_Name__c",
				"type": "String"
			},
			{
				"name": "MAG_TP_Confirm_Arrival_Now__c",
				"type": "Boolean"
			},
			{
				"name": "MAG_TP_Contracted__c",
				"type": "Boolean"
			},
			{
				"name": "MAG_TP_Date_of_Arrival__c",
				"type": "DateTime"
			},
			{
				"name": "MAG_TP_DuplicateSet_Key_Id__c",
				"type": "String"
			},
			{
				"name": "MAG_TP_Email_Template_formatted_date__c",
				"type": "String"
			},
			{
				"name": "MAG_TP_Length_of_stay__c",
				"type": "String"
			},
			{
				"name": "MAG_TP_Nationality__c",
				"type": "String"
			},
			{
				"name": "MAG_TP_Notes__c",
				"type": "String"
			},
			{
				"name": "MAG_TP_Number_of_Adults__c",
				"type": "Int32"
			},
			{
				"name": "MAG_TP_Number_of_Children__c",
				"type": "Int32"
			},
			{
				"name": "MAG_TP_Number_of_Drivers__c",
				"type": "Int32"
			},
			{
				"name": "MAG_TP_Number_of_Tour_Leaders__c",
				"type": "Int32"
			},
			{
				"name": "MAG_TP_Parent_Booking_Id__c",
				"type": "String"
			},
			{
				"name": "MAG_TP_QR_Code__c",
				"type": "String"
			},
			{
				"name": "MAG_TP_QR_String__c",
				"type": "String"
			},
			{
				"name": "MAG_TP_Special_Requests__c",
				"type": "String"
			},
			{
				"name": "MAG_TP_Status__c",
				"type": "String"
			},
			{
				"name": "MAG_TP_Time_Right_Now__c",
				"type": "String"
			},
			{
				"name": "MAG_TP_Time_of_Arrival__c",
				"type": "String"
			},
			{
				"name": "MAG_TP_Tour_Leader_First_Name__c",
				"type": "String"
			},
			{
				"name": "MAG_TP_Tour_Leader_Last_Name__c",
				"type": "String"
			},
			{
				"name": "MAG_TP_Tour_Leader_Phone_Number__c",
				"type": "String"
			},
			{
				"name": "MAG_TP_Tour_Reference__c",
				"type": "String"
			},
			{
				"name": "MAG_TP_Travel_Partner_User_Email__c",
				"type": "String"
			},
			{
				"name": "MAG_TP_Travel_Partner_User__c",
				"type": "String"
			},
			{
				"name": "MAG_TP_Travel_Partner__c",
				"type": "String"
			},
			{
				"name": "MAG_TP_Type__c",
				"type": "String"
			}
		],
		"typeProperties": {
			"tableName": "[staging].[salesforce_service_cloud_travel_booking]"
		}
	},
	"type": "Microsoft.DataFactory/factories/datasets"
}