{
	"name": "SQLDataWarehouse_staging_magnet_weekly_budget_sales",
	"properties": {
		"linkedServiceName": {
			"referenceName": "SQLDataWarehouse",
			"type": "LinkedServiceReference"
		},
		"folder": {
			"name": "SQL Data Warehouse"
		},
		"annotations": [],
		"type": "AzureSqlDWTable",
		"structure": [
			{
				"name": "CENTRE",
				"type": "String"
			},
			{
				"name": "TENANT_ID",
				"type": "String"
			},
			{
				"name": "TENANT",
				"type": "String"
			},
			{
				"name": "UNIT_ID",
				"type": "String"
			},
			{
				"name": "UNITREF",
				"type": "String"
			},
			{
				"name": "WEEKNO",
				"type": "String"
			},
			{
				"name": "YEAR",
				"type": "String"
			},
			{
				"name": "SALES_DATE",
				"type": "String"
			},
			{
				"name": "BUDGETED_SALES",
				"type": "String"
			}
		],
		"typeProperties": {
			"tableName": "[staging].[magnet_weekly_budget_sales]"
		}
	},
	"type": "Microsoft.DataFactory/factories/datasets"
}