{
	"name": "SQLDataWarehouse_staging_mri_shis",
	"properties": {
		"linkedServiceName": {
			"referenceName": "SQLDataWarehouse",
			"type": "LinkedServiceReference"
		},
		"folder": {
			"name": "SQL Data Warehouse"
		},
		"annotations": [],
		"type": "AzureSqlDWTable",
		"structure": [
			{
				"name": "BLDGID",
				"type": "String"
			},
			{
				"name": "LEASID",
				"type": "String"
			},
			{
				"name": "STYPID",
				"type": "String"
			},
			{
				"name": "RPTYID",
				"type": "String"
			},
			{
				"name": "PERIOD",
				"type": "String"
			},
			{
				"name": "RPTDATE",
				"type": "DateTime"
			},
			{
				"name": "AMOUNT",
				"type": "Decimal"
			},
			{
				"name": "LASTDATE",
				"type": "DateTime"
			},
			{
				"name": "USERID",
				"type": "String"
			},
			{
				"name": "CURRCODE",
				"type": "String"
			},
			{
				"name": "PORTALUSERID",
				"type": "String"
			},
			{
				"name": "BMGSALES",
				"type": "Decimal"
			},
			{
				"name": "BMGSECOND",
				"type": "Decimal"
			},
			{
				"name": "WBMGCALC",
				"type": "String"
			},
			{
				"name": "TURNOVER",
				"type": "Decimal"
			},
			{
				"name": "STARTDT",
				"type": "DateTime"
			},
			{
				"name": "MGCALCMODE",
				"type": "String"
			}
		],
		"typeProperties": {
			"tableName": "[staging].[mri_shis]"
		}
	},
	"type": "Microsoft.DataFactory/factories/datasets"
}