{
	"name": "SQLDataWarehouse_staging_mri_cmsdlg",
	"properties": {
		"linkedServiceName": {
			"referenceName": "SQLDataWarehouse",
			"type": "LinkedServiceReference"
		},
		"folder": {
			"name": "SQL Data Warehouse"
		},
		"annotations": [],
		"type": "AzureSqlDWTable",
		"structure": [
			{
				"name": "TRANID",
				"type": "String"
			},
			{
				"name": "BLDGID",
				"type": "String"
			},
			{
				"name": "LEASID",
				"type": "String"
			},
			{
				"name": "TRANDATE",
				"type": "DateTime"
			},
			{
				"name": "SECINCCAT",
				"type": "String"
			},
			{
				"name": "SRCCODE",
				"type": "String"
			},
			{
				"name": "CASHTYPE",
				"type": "String"
			},
			{
				"name": "INTRATE",
				"type": "Decimal"
			},
			{
				"name": "TRANAMT",
				"type": "Decimal"
			},
			{
				"name": "OPENAMT",
				"type": "Decimal"
			},
			{
				"name": "CMBATCHID",
				"type": "String"
			},
			{
				"name": "CHKDESC",
				"type": "String"
			},
			{
				"name": "REFNMBR",
				"type": "String"
			},
			{
				"name": "PERIOD",
				"type": "String"
			},
			{
				"name": "GLREF",
				"type": "String"
			},
			{
				"name": "DESCRPTN",
				"type": "String"
			},
			{
				"name": "BANKID",
				"type": "String"
			},
			{
				"name": "DOSITEMNO",
				"type": "String"
			},
			{
				"name": "RCPTNO",
				"type": "Double"
			},
			{
				"name": "CURRCODE",
				"type": "String"
			},
			{
				"name": "BCURCODE",
				"type": "String"
			},
			{
				"name": "BCTRANAMT",
				"type": "Decimal"
			},
			{
				"name": "BCGAINLOSS",
				"type": "Decimal"
			},
			{
				"name": "BCEXCHGREF",
				"type": "String"
			},
			{
				"name": "POSTED",
				"type": "String"
			},
			{
				"name": "DEPARTMENT",
				"type": "String"
			},
			{
				"name": "ORIGINALDEPT",
				"type": "String"
			},
			{
				"name": "USERID",
				"type": "String"
			},
			{
				"name": "PROGNAME",
				"type": "String"
			},
			{
				"name": "APPLYFLAG",
				"type": "String"
			},
			{
				"name": "RECPTTYPEID",
				"type": "String"
			},
			{
				"name": "RECPTNO",
				"type": "String"
			},
			{
				"name": "RECPTSCREEN",
				"type": "String"
			},
			{
				"name": "DRAWER",
				"type": "String"
			},
			{
				"name": "FININST",
				"type": "String"
			},
			{
				"name": "BRANCH",
				"type": "String"
			},
			{
				"name": "RCPTORIGIN",
				"type": "String"
			},
			{
				"name": "ACCRGLREF",
				"type": "String"
			}
		],
		"typeProperties": {
			"tableName": "[staging].[mri_cmsdlg]"
		}
	},
	"type": "Microsoft.DataFactory/factories/datasets"
}