{
	"name": "SQLDataWarehouse_temp_magnet_filenames",
	"properties": {
		"linkedServiceName": {
			"referenceName": "SQLDataWarehouse",
			"type": "LinkedServiceReference"
		},
		"folder": {
			"name": "SQL Data Warehouse"
		},
		"annotations": [],
		"type": "AzureSqlDWTable",
		"structure": [
			{
				"name": "filename",
				"type": "String"
			},
			{
				"name": "size",
				"type": "String"
			}
		],
		"typeProperties": {
			"tableName": "[temp].[magnet_filenames]"
		}
	},
	"type": "Microsoft.DataFactory/factories/datasets"
}