{
	"name": "SQLDataWarehouse_mri_cmledg",
	"properties": {
		"linkedServiceName": {
			"referenceName": "SQLDataWarehouseLargeResourceClass",
			"type": "LinkedServiceReference"
		},
		"folder": {
			"name": "SQL Data Warehouse"
		},
		"annotations": [],
		"type": "AzureSqlDWTable",
		"structure": [
			{
				"name": "TRANID",
				"type": "String"
			},
			{
				"name": "BLDGID",
				"type": "String"
			},
			{
				"name": "LEASID",
				"type": "String"
			},
			{
				"name": "TRANDATE",
				"type": "DateTime"
			},
			{
				"name": "INCCAT",
				"type": "String"
			},
			{
				"name": "SRCCODE",
				"type": "String"
			},
			{
				"name": "CASHTYPE",
				"type": "String"
			},
			{
				"name": "DESCRPTN",
				"type": "String"
			},
			{
				"name": "TRANAMT",
				"type": "Decimal"
			},
			{
				"name": "OPENAMT",
				"type": "Decimal"
			},
			{
				"name": "CHKDESC",
				"type": "String"
			},
			{
				"name": "CMBATCHID",
				"type": "String"
			},
			{
				"name": "REFNMBR",
				"type": "String"
			},
			{
				"name": "PARENTTRANID",
				"type": "String"
			},
			{
				"name": "RTAXID",
				"type": "String"
			},
			{
				"name": "RTAXAMT",
				"type": "Decimal"
			},
			{
				"name": "INVOICE",
				"type": "String"
			},
			{
				"name": "PERIOD",
				"type": "String"
			},
			{
				"name": "GLREF",
				"type": "String"
			},
			{
				"name": "BANKID",
				"type": "String"
			},
			{
				"name": "DOSITEMNO",
				"type": "String"
			},
			{
				"name": "RETROPD",
				"type": "String"
			},
			{
				"name": "RCPTNO",
				"type": "Double"
			},
			{
				"name": "CURRCODE",
				"type": "String"
			},
			{
				"name": "BCURCODE",
				"type": "String"
			},
			{
				"name": "BCTRANAMT",
				"type": "Decimal"
			},
			{
				"name": "BCGAINLOSS",
				"type": "Decimal"
			},
			{
				"name": "BCEXCHGREF",
				"type": "String"
			},
			{
				"name": "POSTED",
				"type": "String"
			},
			{
				"name": "ORIGINALDEPT",
				"type": "String"
			},
			{
				"name": "RTAXGRPID",
				"type": "String"
			},
			{
				"name": "DEPARTMENT",
				"type": "String"
			},
			{
				"name": "INVCDATE",
				"type": "DateTime"
			},
			{
				"name": "ADJFLAG",
				"type": "String"
			},
			{
				"name": "ADJINVOICE",
				"type": "String"
			},
			{
				"name": "WTAXRCPT",
				"type": "String"
			},
			{
				"name": "WTAXID",
				"type": "String"
			},
			{
				"name": "LATEDATE",
				"type": "DateTime"
			},
			{
				"name": "JOBCODE",
				"type": "String"
			},
			{
				"name": "JC_PHASECODE",
				"type": "String"
			},
			{
				"name": "APPLYFLAG",
				"type": "String"
			},
			{
				"name": "USERID",
				"type": "String"
			},
			{
				"name": "PROGNAME",
				"type": "String"
			},
			{
				"name": "RCPTORIGIN",
				"type": "String"
			},
			{
				"name": "RECPTTYPEID",
				"type": "String"
			},
			{
				"name": "RECPTNO",
				"type": "String"
			},
			{
				"name": "RECPTSCREEN",
				"type": "String"
			},
			{
				"name": "DRAWER",
				"type": "String"
			},
			{
				"name": "FININST",
				"type": "String"
			},
			{
				"name": "BRANCH",
				"type": "String"
			},
			{
				"name": "TAXPOINTDT",
				"type": "DateTime"
			},
			{
				"name": "RPTRUNID",
				"type": "Int32"
			},
			{
				"name": "AUTOEXCEPTION",
				"type": "String"
			},
			{
				"name": "ADDLDESC",
				"type": "String"
			},
			{
				"name": "SDTRANID",
				"type": "String"
			},
			{
				"name": "APPLYCREDITID",
				"type": "String"
			},
			{
				"name": "PSTARSREF",
				"type": "String"
			},
			{
				"name": "RNTPAYMENTREF",
				"type": "String"
			},
			{
				"name": "SFEEAMT",
				"type": "Decimal"
			},
			{
				"name": "PAYMENTPROVIDER",
				"type": "String"
			},
			{
				"name": "PAYMENTRANID",
				"type": "String"
			},
			{
				"name": "DUEDATE",
				"type": "DateTime"
			},
			{
				"name": "PRRYEAR",
				"type": "String"
			},
			{
				"name": "STMTDATE",
				"type": "DateTime"
			},
			{
				"name": "REPDT",
				"type": "String"
			},
			{
				"name": "DDPROC",
				"type": "String"
			},
			{
				"name": "MGUKCODE",
				"type": "String"
			},
			{
				"name": "COST",
				"type": "Decimal"
			},
			{
				"name": "ORIGDESC",
				"type": "String"
			},
			{
				"name": "FROMDATE",
				"type": "DateTime"
			},
			{
				"name": "TODATE",
				"type": "DateTime"
			},
			{
				"name": "ITEMS",
				"type": "Decimal"
			},
			{
				"name": "DATEDUE",
				"type": "DateTime"
			},
			{
				"name": "DDDATE",
				"type": "DateTime"
			},
			{
				"name": "CMNUM_IT",
				"type": "Double"
			},
			{
				"name": "MG_IT_PREVYR",
				"type": "String"
			},
			{
				"name": "EXCLDD",
				"type": "String"
			},
			{
				"name": "WCALCUSED",
				"type": "DateTime"
			},
			{
				"name": "INTCALCDATE",
				"type": "DateTime"
			},
			{
				"name": "PRVYINTCALCDATE",
				"type": "DateTime"
			},
			{
				"name": "UK_SCFLAG",
				"type": "String"
			},
			{
				"name": "DATEFLAG",
				"type": "String"
			},
			{
				"name": "DRAPKEY1",
				"type": "String"
			},
			{
				"name": "DRAPKEY2",
				"type": "Double"
			},
			{
				"name": "LATECALC",
				"type": "String"
			},
			{
				"name": "IDE_CM_PROCNO",
				"type": "String"
			},
			{
				"name": "IDE_CM_LATE1",
				"type": "DateTime"
			},
			{
				"name": "IDE_CM_LATE2",
				"type": "DateTime"
			},
			{
				"name": "IDE_CM_RUNID1",
				"type": "String"
			},
			{
				"name": "IDE_CM_RUNID2",
				"type": "String"
			},
			{
				"name": "CR_TEMP",
				"type": "Decimal"
			},
			{
				"name": "DDNOS",
				"type": "String"
			},
			{
				"name": "LASTDATE",
				"type": "DateTime"
			},
			{
				"name": "IIT_PREVYR",
				"type": "String"
			},
			{
				"name": "LLCNTR",
				"type": "Int16"
			},
			{
				"name": "EINVOICEID",
				"type": "String"
			},
			{
				"name": "EXCLUDEFLAG",
				"type": "String"
			},
			{
				"name": "EINVOICE_REASON",
				"type": "String"
			},
			{
				"name": "EINVOICE_REASON_OTHER",
				"type": "String"
			},
			{
				"name": "UPD_DUEDATE",
				"type": "DateTime"
			}
		],
		"typeProperties": {
			"tableName": "[mri].[CMLEDG]"
		}
	},
	"type": "Microsoft.DataFactory/factories/datasets"
}