{
	"name": "SQLDataWarehouse_staging_magnet_weekly_sales",
	"properties": {
		"linkedServiceName": {
			"referenceName": "SQLDataWarehouse",
			"type": "LinkedServiceReference"
		},
		"folder": {
			"name": "SQL Data Warehouse"
		},
		"annotations": [],
		"type": "AzureSqlDWTable",
		"structure": [
			{
				"name": "TENANTID",
				"type": "String"
			},
			{
				"name": "TENANT",
				"type": "String"
			},
			{
				"name": "DATE",
				"type": "String"
			},
			{
				"name": "CENTRE",
				"type": "String"
			},
			{
				"name": "UNITREF",
				"type": "String"
			},
			{
				"name": "LEASEID",
				"type": "String"
			},
			{
				"name": "NETT",
				"type": "String"
			},
			{
				"name": "GROSS",
				"type": "String"
			},
			{
				"name": "TRANS",
				"type": "String"
			},
			{
				"name": "ITEMS",
				"type": "String"
			},
			{
				"name": "FOOTFALL",
				"type": "String"
			},
			{
				"name": "COMMENTS",
				"type": "String"
			}
		],
		"typeProperties": {
			"tableName": "[staging].[magnet_weekly_sales]"
		}
	},
	"type": "Microsoft.DataFactory/factories/datasets"
}