{
	"name": "SQLDataWarehouse_sqllon04_building",
	"properties": {
		"linkedServiceName": {
			"referenceName": "SQLDataWarehouse",
			"type": "LinkedServiceReference"
		},
		"folder": {
			"name": "SQL Data Warehouse"
		},
		"annotations": [],
		"type": "AzureSqlDWTable",
		"structure": [
			{
				"name": "Building_ID",
				"type": "Int32"
			},
			{
				"name": "Building_Name",
				"type": "String"
			},
			{
				"name": "MRI_Building_ID",
				"type": "String"
			},
			{
				"name": "magNET_Phase_Group",
				"type": "String"
			},
			{
				"name": "Centre_ID",
				"type": "Int32"
			},
			{
				"name": "Created_Datetime",
				"type": "DateTime"
			},
			{
				"name": "Updated_Datetime",
				"type": "DateTime"
			},
			{
				"name": "MRI_Entity_ID",
				"type": "String"
			}
		],
		"typeProperties": {
			"tableName": "[SQL-LON-04].[Building]"
		}
	},
	"type": "Microsoft.DataFactory/factories/datasets"
}