{
	"name": "SQLDataWarehouse_staging_salesforce_marketing_cloud_journeys",
	"properties": {
		"linkedServiceName": {
			"referenceName": "SQLDataWarehouse",
			"type": "LinkedServiceReference"
		},
		"folder": {
			"name": "SQL Data Warehouse"
		},
		"annotations": [],
		"type": "AzureSqlDWTable",
		"structure": [
			{
				"name": "VersionID",
				"type": "String"
			},
			{
				"name": "JourneyID",
				"type": "String"
			},
			{
				"name": "JourneyName",
				"type": "String"
			},
			{
				"name": "VersionNumber",
				"type": "String"
			},
			{
				"name": "CreatedDate",
				"type": "String"
			},
			{
				"name": "LastPublishedDate",
				"type": "String"
			},
			{
				"name": "ModifiedDate",
				"type": "String"
			},
			{
				"name": "JourneyStatus",
				"type": "String"
			}
		],
		"typeProperties": {
			"tableName": "[staging].[salesforce_marketing_cloud_journey]"
		}
	},
	"type": "Microsoft.DataFactory/factories/datasets"
}