{
	"name": "SQLDataWarehouse_sqllon04_dailyplanner",
	"properties": {
		"linkedServiceName": {
			"referenceName": "SQLDataWarehouse",
			"type": "LinkedServiceReference"
		},
		"folder": {
			"name": "SQL Data Warehouse"
		},
		"annotations": [],
		"type": "AzureSqlDWTable",
		"structure": [
			{
				"name": "DailyPlanner_ID",
				"type": "Int32"
			},
			{
				"name": "Centre_ID",
				"type": "Int32"
			},
			{
				"name": "TheDate",
				"type": "Date"
			},
			{
				"name": "percentage",
				"type": "Decimal"
			},
			{
				"name": "Created_Datetime",
				"type": "DateTime"
			},
			{
				"name": "Updated_Datetime",
				"type": "DateTime"
			}
		],
		"typeProperties": {
			"tableName": "[SQL-LON-04].[DailyPlanner]"
		}
	},
	"type": "Microsoft.DataFactory/factories/datasets"
}