{
	"name": "SQLDataWarehouse_staging_skyfii_profile_custom_attribute",
	"properties": {
		"linkedServiceName": {
			"referenceName": "SQLDataWarehouse",
			"type": "LinkedServiceReference"
		},
		"folder": {
			"name": "SQL Data Warehouse"
		},
		"annotations": [],
		"type": "AzureSqlDWTable",
		"structure": [
			{
				"name": "skyfii_id",
				"type": "Int64"
			},
			{
				"name": "attribute_name",
				"type": "String"
			},
			{
				"name": "attribute_value",
				"type": "String"
			},
			{
				"name": "last_modified",
				"type": "Int64"
			}
		],
		"typeProperties": {
			"tableName": "[staging].[skyfii_profile_custom_attribute]"
		}
	},
	"type": "Microsoft.DataFactory/factories/datasets"
}