{
	"name": "SQLDataWarehouse_staging_dark_sky_hourly",
	"properties": {
		"linkedServiceName": {
			"referenceName": "SQLDataWarehouse",
			"type": "LinkedServiceReference"
		},
		"folder": {
			"name": "SQL Data Warehouse"
		},
		"annotations": [],
		"type": "AzureSqlDWTable",
		"structure": [
			{
				"name": "apparent_temperature",
				"type": "Decimal"
			},
			{
				"name": "cloud_cover",
				"type": "Decimal"
			},
			{
				"name": "dew_point",
				"type": "Decimal"
			},
			{
				"name": "humidity",
				"type": "Decimal"
			},
			{
				"name": "latitude",
				"type": "Decimal"
			},
			{
				"name": "longitude",
				"type": "Decimal"
			},
			{
				"name": "offset",
				"type": "Int16"
			},
			{
				"name": "ozone",
				"type": "Decimal"
			},
			{
				"name": "precip_intensity",
				"type": "Decimal"
			},
			{
				"name": "precip_probability",
				"type": "Decimal"
			},
			{
				"name": "precip_type",
				"type": "String"
			},
			{
				"name": "pressure",
				"type": "Decimal"
			},
			{
				"name": "summary",
				"type": "String"
			},
			{
				"name": "temperature",
				"type": "Decimal"
			},
			{
				"name": "time",
				"type": "Int64"
			},
			{
				"name": "uv_index",
				"type": "Int16"
			},
			{
				"name": "visibility",
				"type": "Decimal"
			},
			{
				"name": "wind_bearing",
				"type": "Int16"
			},
			{
				"name": "wind_gust",
				"type": "Decimal"
			},
			{
				"name": "wind_speed",
				"type": "Decimal"
			}
		],
		"typeProperties": {
			"tableName": "[staging].[dark_sky_hourly]"
		}
	},
	"type": "Microsoft.DataFactory/factories/datasets"
}