{
	"name": "SQLDataWarehouse_staging_salesforce_marketing_cloud_job",
	"properties": {
		"linkedServiceName": {
			"referenceName": "SQLDataWarehouse",
			"type": "LinkedServiceReference"
		},
		"folder": {
			"name": "SQL Data Warehouse"
		},
		"annotations": [],
		"type": "AzureSqlDWTable",
		"structure": [
			{
				"name": "JobID",
				"type": "Int32"
			},
			{
				"name": "EmailID",
				"type": "Int32"
			},
			{
				"name": "AccountID",
				"type": "Int32"
			},
			{
				"name": "AccountUserID",
				"type": "Int32"
			},
			{
				"name": "FromName",
				"type": "String"
			},
			{
				"name": "FromEmail",
				"type": "String"
			},
			{
				"name": "SchedTime",
				"type": "DateTime"
			},
			{
				"name": "PickupTime",
				"type": "DateTime"
			},
			{
				"name": "DeliveredTime",
				"type": "DateTime"
			},
			{
				"name": "EventID",
				"type": "String"
			},
			{
				"name": "IsMultipart",
				"type": "Boolean"
			},
			{
				"name": "JobType",
				"type": "String"
			},
			{
				"name": "JobStatus",
				"type": "String"
			},
			{
				"name": "ModifiedBy",
				"type": "Int32"
			},
			{
				"name": "ModifiedDate",
				"type": "DateTime"
			},
			{
				"name": "EmailName",
				"type": "String"
			},
			{
				"name": "EmailSubject",
				"type": "String"
			},
			{
				"name": "IsWrapped",
				"type": "Boolean"
			},
			{
				"name": "TestEmailAddr",
				"type": "String"
			},
			{
				"name": "Category",
				"type": "String"
			},
			{
				"name": "BccEmail",
				"type": "String"
			},
			{
				"name": "OriginalSchedTime",
				"type": "DateTime"
			},
			{
				"name": "CreatedDate",
				"type": "DateTime"
			},
			{
				"name": "CharacterSet",
				"type": "String"
			},
			{
				"name": "IPAddress",
				"type": "String"
			},
			{
				"name": "SalesForceTotalSubscriberCount",
				"type": "Int32"
			},
			{
				"name": "SalesForceErrorSubscriberCount",
				"type": "Int32"
			},
			{
				"name": "SendType",
				"type": "String"
			},
			{
				"name": "DynamicEmailSubject",
				"type": "String"
			},
			{
				"name": "SuppressTracking",
				"type": "Boolean"
			},
			{
				"name": "SendClassificationType",
				"type": "String"
			},
			{
				"name": "SendClassification",
				"type": "String"
			},
			{
				"name": "ResolveLinksWithCurrentData",
				"type": "Boolean"
			},
			{
				"name": "EmailSendDefinition",
				"type": "String"
			},
			{
				"name": "DeduplicateByEmail",
				"type": "Boolean"
			},
			{
				"name": "TriggererSendDefinitionObjectID",
				"type": "String"
			},
			{
				"name": "TriggeredSendCustomerKey",
				"type": "String"
			}
		],
		"typeProperties": {
			"tableName": "[staging].[salesforce_marketing_cloud_job]"
		}
	},
	"type": "Microsoft.DataFactory/factories/datasets"
}