{
	"name": "SQLDataWarehouse_staging_google_analytics_daily_summary",
	"properties": {
		"linkedServiceName": {
			"referenceName": "SQLDataWarehouse",
			"type": "LinkedServiceReference"
		},
		"folder": {
			"name": "SQL Data Warehouse"
		},
		"annotations": [],
		"type": "AzureSqlDWTable",
		"structure": [
			{
				"name": "profileId",
				"type": "String"
			},
			{
				"name": "date",
				"type": "String"
			},
			{
				"name": "bounces",
				"type": "String"
			},
			{
				"name": "newUsers",
				"type": "String"
			},
			{
				"name": "pageviews",
				"type": "String"
			},
			{
				"name": "sessionDuration",
				"type": "String"
			},
			{
				"name": "sessions",
				"type": "String"
			},
			{
				"name": "uniquePageviews",
				"type": "String"
			}
		],
		"typeProperties": {
			"tableName": "[staging].[google_analytics_daily_summary]"
		}
	},
	"type": "Microsoft.DataFactory/factories/datasets"
}