{
	"name": "SQLDataWarehouse_staging_magnet_phase",
	"properties": {
		"linkedServiceName": {
			"referenceName": "SQLDataWarehouse",
			"type": "LinkedServiceReference"
		},
		"folder": {
			"name": "SQL Data Warehouse"
		},
		"annotations": [],
		"type": "AzureSqlDWTable",
		"structure": [
			{
				"name": "ID",
				"type": "String"
			},
			{
				"name": "PHASE",
				"type": "String"
			},
			{
				"name": "YEAREND",
				"type": "String"
			},
			{
				"name": "PHASESTARTDATE",
				"type": "String"
			},
			{
				"name": "CENTREID",
				"type": "String"
			}
		],
		"typeProperties": {
			"tableName": "[staging].[magnet_phase]"
		}
	},
	"type": "Microsoft.DataFactory/factories/datasets"
}