{
	"name": "SQLDataWarehouse_staging_coniq_offer",
	"properties": {
		"linkedServiceName": {
			"referenceName": "SQLDataWarehouse",
			"type": "LinkedServiceReference"
		},
		"folder": {
			"name": "SQL Data Warehouse"
		},
		"annotations": [],
		"type": "AzureSqlDWTable",
		"structure": [
			{
				"name": "id",
				"type": "Int32"
			},
			{
				"name": "title",
				"type": "String"
			},
			{
				"name": "offer_type",
				"type": "String"
			},
			{
				"name": "description",
				"type": "String"
			},
			{
				"name": "image_url",
				"type": "String"
			},
			{
				"name": "logo_url",
				"type": "String"
			},
			{
				"name": "website",
				"type": "String"
			},
			{
				"name": "start_date",
				"type": "DateTime"
			},
			{
				"name": "expiry_date",
				"type": "DateTime"
			},
			{
				"name": "valid_start_time",
				"type": "String"
			},
			{
				"name": "valid_end_time",
				"type": "String"
			},
			{
				"name": "staff_message",
				"type": "String"
			},
			{
				"name": "created_datetime_utc",
				"type": "String"
			},
			{
				"name": "modified_datetime_utc",
				"type": "String"
			},
			{
				"name": "external_id",
				"type": "String"
			}
		],
		"typeProperties": {
			"tableName": "[staging].[coniq_offer]"
		}
	},
	"type": "Microsoft.DataFactory/factories/datasets"
}