{
	"name": "SQLDataWarehouse_staging_coniq_location_opening_period",
	"properties": {
		"linkedServiceName": {
			"referenceName": "SQLDataWarehouse",
			"type": "LinkedServiceReference"
		},
		"folder": {
			"name": "SQL Data Warehouse"
		},
		"annotations": [],
		"type": "AzureSqlDWTable",
		"structure": [
			{
				"name": "location_id",
				"type": "Int32"
			},
			{
				"name": "day_index",
				"type": "Int16"
			},
			{
				"name": "opens",
				"type": "String"
			},
			{
				"name": "closes",
				"type": "String"
			}
		],
		"typeProperties": {
			"tableName": "[staging].[coniq_location_opening_period]"
		}
	},
	"type": "Microsoft.DataFactory/factories/datasets"
}