{
	"name": "SQLDataWarehouse_sqllon04_unitareatracker",
	"properties": {
		"linkedServiceName": {
			"referenceName": "SQLDataWarehouse",
			"type": "LinkedServiceReference"
		},
		"folder": {
			"name": "SQL Data Warehouse"
		},
		"annotations": [],
		"type": "AzureSqlDWTable",
		"structure": [
			{
				"name": "UnitAreaTracker_ID",
				"type": "Int32"
			},
			{
				"name": "TheDate",
				"type": "Date"
			},
			{
				"name": "Unit_ID",
				"type": "Int32"
			},
			{
				"name": "AreaFT",
				"type": "Decimal"
			},
			{
				"name": "AreaM",
				"type": "Decimal"
			}
		],
		"typeProperties": {
			"tableName": "[SQL-LON-04].[UnitAreaTracker]"
		}
	},
	"type": "Microsoft.DataFactory/factories/datasets"
}