{
	"name": "SQLDataWarehouse_sqllon04_unitareahistory",
	"properties": {
		"linkedServiceName": {
			"referenceName": "SQLDataWarehouse",
			"type": "LinkedServiceReference"
		},
		"folder": {
			"name": "SQL Data Warehouse"
		},
		"annotations": [],
		"type": "AzureSqlDWTable",
		"structure": [
			{
				"name": "Unit_Area_History_ID",
				"type": "Int32"
			},
			{
				"name": "AreaFT",
				"type": "Decimal"
			},
			{
				"name": "AreaM",
				"type": "Decimal"
			},
			{
				"name": "Effective_From",
				"type": "DateTime"
			},
			{
				"name": "AreaFT_Leased",
				"type": "Decimal"
			},
			{
				"name": "AreaM_Leased",
				"type": "Decimal"
			},
			{
				"name": "Unit_ID",
				"type": "Int32"
			},
			{
				"name": "Created_Datetime",
				"type": "DateTime"
			},
			{
				"name": "Updated_Datetime",
				"type": "DateTime"
			}
		],
		"typeProperties": {
			"tableName": "[SQL-LON-04].[UnitAreaHistory]"
		}
	},
	"type": "Microsoft.DataFactory/factories/datasets"
}