{
	"name": "SQLLON04CompassStagingCPC_CounterType",
	"properties": {
		"linkedServiceName": {
			"referenceName": "SQLLON04CompassStaging",
			"type": "LinkedServiceReference"
		},
		"folder": {
			"name": "SQL-LON-04"
		},
		"annotations": [],
		"type": "SqlServerTable",
		"structure": [
			{
				"name": "CPC_CounterType_ID",
				"type": "Int32"
			},
			{
				"name": "Counter_ID",
				"type": "Int32"
			},
			{
				"name": "Counter_Type",
				"type": "String"
			},
			{
				"name": "Counter_Group",
				"type": "String"
			},
			{
				"name": "Counter_Description",
				"type": "String"
			},
			{
				"name": "FilExt",
				"type": "Int32"
			},
			{
				"name": "DataCol",
				"type": "Int32"
			},
			{
				"name": "Centre_ID",
				"type": "Int32"
			},
			{
				"name": "Created_Datetime",
				"type": "DateTime"
			},
			{
				"name": "Updated_Datetime",
				"type": "DateTime"
			}
		],
		"typeProperties": {
			"tableName": "[dbo].[CPC_CounterType]"
		}
	},
	"type": "Microsoft.DataFactory/factories/datasets"
}