{
	"name": "SQLLON04CompassStagingLease",
	"properties": {
		"linkedServiceName": {
			"referenceName": "SQLLON04CompassStaging",
			"type": "LinkedServiceReference"
		},
		"folder": {
			"name": "SQL-LON-04"
		},
		"annotations": [],
		"type": "SqlServerTable",
		"structure": [
			{
				"name": "Lease_ID",
				"type": "Int32"
			},
			{
				"name": "Lease_Start",
				"type": "Date"
			},
			{
				"name": "Lease_End",
				"type": "Date"
			},
			{
				"name": "MRI_LeaseID",
				"type": "String"
			},
			{
				"name": "magNET_LeaseID",
				"type": "Int32"
			},
			{
				"name": "Rent_Start",
				"type": "Date"
			},
			{
				"name": "Vacate_Date",
				"type": "Date"
			},
			{
				"name": "Unit_ID",
				"type": "Int32"
			},
			{
				"name": "Brand_ID",
				"type": "Int32"
			},
			{
				"name": "Occupancy_Name",
				"type": "String"
			},
			{
				"name": "Legal_Name",
				"type": "String"
			},
			{
				"name": "Sales_Start",
				"type": "Date"
			},
			{
				"name": "Sales_End",
				"type": "Date"
			},
			{
				"name": "Created_Datetime",
				"type": "DateTime"
			},
			{
				"name": "Updated_Datetime",
				"type": "DateTime"
			}
		],
		"typeProperties": {
			"tableName": "[dbo].[Lease]"
		}
	},
	"type": "Microsoft.DataFactory/factories/datasets"
}