{
	"name": "SQLLON04CompassStagingNationalityGroup",
	"properties": {
		"linkedServiceName": {
			"referenceName": "SQLLON04CompassStaging",
			"type": "LinkedServiceReference"
		},
		"folder": {
			"name": "SQL-LON-04"
		},
		"annotations": [],
		"type": "SqlServerTable",
		"structure": [
			{
				"name": "NationalityGroup_ID",
				"type": "Int32"
			},
			{
				"name": "NationalityGroup_Name",
				"type": "String"
			}
		],
		"typeProperties": {
			"tableName": "[dbo].[NationalityGroup]"
		}
	},
	"type": "Microsoft.DataFactory/factories/datasets"
}