{
	"name": "SQLLON04CompassStagingDailySalesBudget",
	"properties": {
		"linkedServiceName": {
			"referenceName": "SQLLON04CompassStaging",
			"type": "LinkedServiceReference"
		},
		"folder": {
			"name": "SQL-LON-04"
		},
		"annotations": [],
		"type": "SqlServerTable",
		"structure": [
			{
				"name": "DailySalesBudget_ID",
				"type": "Int32"
			},
			{
				"name": "Centre_ID",
				"type": "Int32"
			},
			{
				"name": "Unit_ID",
				"type": "Int32"
			},
			{
				"name": "Brand_ID",
				"type": "Int32"
			},
			{
				"name": "TheDate",
				"type": "DateTime"
			},
			{
				"name": "Budget",
				"type": "Decimal"
			},
			{
				"name": "Year",
				"type": "Int32"
			},
			{
				"name": "Created_Datetime",
				"type": "DateTime"
			},
			{
				"name": "Updated_Datetime",
				"type": "DateTime"
			}
		],
		"typeProperties": {
			"tableName": "[dbo].[DailySalesBudget]"
		}
	},
	"type": "Microsoft.DataFactory/factories/datasets"
}