{
	"name": "SQLLON04CompassStagingMagNET_Unit_History",
	"properties": {
		"linkedServiceName": {
			"referenceName": "SQLLON04CompassStaging",
			"type": "LinkedServiceReference"
		},
		"folder": {
			"name": "SQL-LON-04"
		},
		"annotations": [],
		"type": "SqlServerTable",
		"structure": [
			{
				"name": "magNET_Unit_History_ID",
				"type": "Int32"
			},
			{
				"name": "UnitID",
				"type": "Int32"
			},
			{
				"name": "UnitRef",
				"type": "String"
			},
			{
				"name": "UnitName",
				"type": "String"
			},
			{
				"name": "AreaFT",
				"type": "Decimal"
			},
			{
				"name": "AreaM",
				"type": "Decimal"
			},
			{
				"name": "Effective_From",
				"type": "Date"
			},
			{
				"name": "Phase_ID",
				"type": "Int32"
			},
			{
				"name": "Processed_Unit",
				"type": "Boolean"
			},
			{
				"name": "Processed_Area",
				"type": "Boolean"
			},
			{
				"name": "Created_Datetime",
				"type": "DateTime"
			},
			{
				"name": "Updated_Datetime",
				"type": "DateTime"
			},
			{
				"name": "magNET_Lease_ID",
				"type": "Int32"
			}
		],
		"typeProperties": {
			"tableName": "[dbo].[magNET_Unit_History]"
		}
	},
	"type": "Microsoft.DataFactory/factories/datasets"
}