{
	"name": "SQLLON04CompassStagingTaxFreeSales",
	"properties": {
		"linkedServiceName": {
			"referenceName": "SQLLON04CompassStaging",
			"type": "LinkedServiceReference"
		},
		"folder": {
			"name": "SQL-LON-04"
		},
		"annotations": [],
		"type": "SqlServerTable",
		"structure": [
			{
				"name": "TaxFreeSales_ID",
				"type": "Int32"
			},
			{
				"name": "TheDate",
				"type": "Date"
			},
			{
				"name": "Period",
				"type": "String"
			},
			{
				"name": "Centre_ID",
				"type": "Int32"
			},
			{
				"name": "Nationality_ID",
				"type": "Int32"
			},
			{
				"name": "TaxFreeProvider_ID",
				"type": "Int32"
			},
			{
				"name": "Sales",
				"type": "Decimal"
			},
			{
				"name": "Transactions",
				"type": "Int32"
			},
			{
				"name": "Created_Datetime",
				"type": "DateTime"
			},
			{
				"name": "Updated_Datetime",
				"type": "DateTime"
			}
		],
		"typeProperties": {
			"tableName": "[dbo].[TaxFreeSales]"
		}
	},
	"type": "Microsoft.DataFactory/factories/datasets"
}