{
	"name": "SQLLON04CompassStagingUnitAreaTracker",
	"properties": {
		"linkedServiceName": {
			"referenceName": "SQLLON04CompassStaging",
			"type": "LinkedServiceReference"
		},
		"folder": {
			"name": "SQL-LON-04"
		},
		"annotations": [],
		"type": "SqlServerTable",
		"structure": [
			{
				"name": "UnitAreaTracker_ID",
				"type": "Int32"
			},
			{
				"name": "TheDate",
				"type": "Date"
			},
			{
				"name": "Unit_ID",
				"type": "Int32"
			},
			{
				"name": "AreaFT",
				"type": "Decimal"
			},
			{
				"name": "AreaM",
				"type": "Decimal"
			}
		],
		"typeProperties": {
			"tableName": "[dbo].[UnitAreaTracker]"
		}
	},
	"type": "Microsoft.DataFactory/factories/datasets"
}