{
	"name": "SQLLON04CompassStagingBrand",
	"properties": {
		"linkedServiceName": {
			"referenceName": "SQLLON04CompassStaging",
			"type": "LinkedServiceReference"
		},
		"folder": {
			"name": "SQL-LON-04"
		},
		"annotations": [],
		"type": "SqlServerTable",
		"structure": [
			{
				"name": "Brand_ID",
				"type": "Int32"
			},
			{
				"name": "Brand_Name",
				"type": "String"
			},
			{
				"name": "magNET_Tenant_ID",
				"type": "Int32"
			},
			{
				"name": "magNET_Tenant_Name",
				"type": "String"
			},
			{
				"name": "Brand_Priority",
				"type": "Int32"
			},
			{
				"name": "BrandGrouping_ID",
				"type": "Int32"
			},
			{
				"name": "SalesCategory_ID",
				"type": "Int32"
			},
			{
				"name": "Created_Datetime",
				"type": "DateTime"
			},
			{
				"name": "Updated_Datetime",
				"type": "DateTime"
			}
		],
		"typeProperties": {
			"tableName": "[dbo].[Brand]"
		}
	},
	"type": "Microsoft.DataFactory/factories/datasets"
}