{
	"name": "SQLLON04CompassStagingCentreDaysClosed",
	"properties": {
		"linkedServiceName": {
			"referenceName": "SQLLON04CompassStaging",
			"type": "LinkedServiceReference"
		},
		"folder": {
			"name": "SQL-LON-04"
		},
		"annotations": [],
		"type": "SqlServerTable",
		"structure": [
			{
				"name": "CentreClosed_ID",
				"type": "Int32"
			},
			{
				"name": "TheDate",
				"type": "DateTime"
			},
			{
				"name": "Centre_ID",
				"type": "Int32"
			},
			{
				"name": "Created_Datetime",
				"type": "DateTime"
			},
			{
				"name": "Updated_Datetime",
				"type": "DateTime"
			}
		],
		"typeProperties": {
			"tableName": "[dbo].[CentreDaysClosed]"
		}
	},
	"type": "Microsoft.DataFactory/factories/datasets"
}