{
	"name": "ArtFTP",
	"type": "Microsoft.DataFactory/factories/linkedservices",
	"properties": {
		"annotations": [],
		"type": "FileServer",
		"typeProperties": {
			"host": "\\\\dataplatform-ir\\art\\",
			"userId": "data-platform",
			"password": {
				"type": "AzureKeyVaultSecret",
				"store": {
					"referenceName": "dataplatformkeyvault",
					"type": "LinkedServiceReference"
				},
				"secretName": "data-platform-ir-password"
			}
		},
		"connectVia": {
			"referenceName": "data-platform-ir",
			"type": "IntegrationRuntimeReference"
		}
	}
}