{
	"name": "dataplatformbatch",
	"type": "Microsoft.DataFactory/factories/linkedservices",
	"properties": {
		"annotations": [],
		"type": "AzureBatch",
		"typeProperties": {
			"accountName": "dataplatformbatch",
			"accessKey": {
				"type": "AzureKeyVaultSecret",
				"store": {
					"referenceName": "dataplatformkeyvault",
					"type": "LinkedServiceReference"
				},
				"secretName": "dataplatformbatch-access-key"
			},
			"batchUri": "https://dataplatformbatch.northeurope.batch.azure.com",
			"poolName": "data-platform-batch-pool-2",
			"linkedServiceName": {
				"referenceName": "dataplatformstoragearea",
				"type": "LinkedServiceReference"
			}
		}
	}
}