{
	"name": "MRIProduction",
	"type": "Microsoft.DataFactory/factories/linkedservices",
	"properties": {
		"annotations": [],
		"type": "SqlServer",
		"typeProperties": {
			"connectionString": "Integrated Security=False;Data Source=10.0.10.136;Initial Catalog=mglive;User ID=data.platform",
			"password": {
				"type": "AzureKeyVaultSecret",
				"store": {
					"referenceName": "dataplatformkeyvault",
					"type": "LinkedServiceReference"
				},
				"secretName": "mri-password"
			}
		},
		"connectVia": {
			"referenceName": "data-platform-ir",
			"type": "IntegrationRuntimeReference"
		}
	}
}