{
	"name": "MRIReplica",
	"type": "Microsoft.DataFactory/factories/linkedservices",
	"properties": {
		"annotations": [],
		"type": "SqlServer",
		"typeProperties": {
			"connectionString": "Integrated Security=False;Data Source=dataplatform-ir;Initial Catalog=MGLIVEREPLICA;User ID=dataplatformconfig",
			"password": {
				"type": "AzureKeyVaultSecret",
				"store": {
					"referenceName": "dataplatformkeyvault",
					"type": "LinkedServiceReference"
				},
				"secretName": "mri-replica-password"
			}
		},
		"connectVia": {
			"referenceName": "data-platform-ir",
			"type": "IntegrationRuntimeReference"
		}
	}
}