{
	"name": "SalesforceMarketingCloudFTP",
	"type": "Microsoft.DataFactory/factories/linkedservices",
	"properties": {
		"annotations": [],
		"type": "FtpServer",
		"typeProperties": {
			"host": "ftp.s7.exacttarget.com",
			"port": "",
			"enableSsl": false,
			"enableServerCertificateValidation": false,
			"authenticationType": "Basic",
			"userName": "7201334",
			"password": {
				"type": "AzureKeyVaultSecret",
				"store": {
					"referenceName": "dataplatformkeyvault",
					"type": "LinkedServiceReference"
				},
				"secretName": "salesforce-marketing-cloud-ftp-password"
			}
		}
	}
}