{
	"name": "SalesforceMarketingCloudFTPEnterprise2",
	"type": "Microsoft.DataFactory/factories/linkedservices",
	"properties": {
		"annotations": [],
		"type": "Sftp",
		"typeProperties": {
			"host": "mc8xfbf09zyy6-lcsjg4pvj749cy.ftp.marketingcloudops.com",
			"port": 22,
			"skipHostKeyValidation": true,
			"authenticationType": "Basic",
			"userName": "7329714",
			"password": {
				"type": "AzureKeyVaultSecret",
				"store": {
					"referenceName": "dataplatformkeyvault",
					"type": "LinkedServiceReference"
				},
				"secretName": "salesforce-marketing-cloud-ftp-enterprise-2-password",
				"secretVersion": "36eba9c257554f82891fb5668994461a"
			}
		}
	}
}