{
	"name": "SkyFiiProfileAPI",
	"type": "Microsoft.DataFactory/factories/linkedservices",
	"properties": {
		"annotations": [],
		"type": "RestService",
		"typeProperties": {
			"url": "https://api-ie.skyfii.com/v1/api/user/",
			"enableServerCertificateValidation": true,
			"authenticationType": "Basic",
			"userName": "mcarthurglen-api",
			"password": {
				"type": "AzureKeyVaultSecret",
				"store": {
					"referenceName": "dataplatformkeyvault",
					"type": "LinkedServiceReference"
				},
				"secretName": "skyfii-profile-api-password",
				"secretVersion": ""
			}
		}
	}
}