{
	"name": "SQLDataWarehouseLargeResourceClass",
	"type": "Microsoft.DataFactory/factories/linkedservices",
	"properties": {
		"annotations": [],
		"type": "AzureSqlDW",
		"typeProperties": {
			"connectionString": "Integrated Security=False;Encrypt=True;Connection Timeout=30;Data Source=data-platform-sql-data-warehouse-server.database.windows.net;Initial Catalog=data-plaform-sql-data-warehouse;User ID=etllarge",
			"password": {
				"type": "AzureKeyVaultSecret",
				"store": {
					"referenceName": "dataplatformkeyvault",
					"type": "LinkedServiceReference"
				},
				"secretName": "data-plaform-sql-data-warehouse-etllarge-password"
			}
		}
	}
}