{
	"name": "SQLLON04CompassStaging",
	"type": "Microsoft.DataFactory/factories/linkedservices",
	"properties": {
		"annotations": [],
		"type": "SqlServer",
		"typeProperties": {
			"connectionString": "Integrated Security=False;Data Source=SQL-LON-04;Initial Catalog=\"Compass Staging\";User ID=data.platform",
			"password": {
				"type": "AzureKeyVaultSecret",
				"store": {
					"referenceName": "dataplatformkeyvault",
					"type": "LinkedServiceReference"
				},
				"secretName": "sql-lon-04-password"
			}
		},
		"connectVia": {
			"referenceName": "data-platform-ir",
			"type": "IntegrationRuntimeReference"
		}
	}
}