{
	"name": "AdHoc",
	"properties": {
		"activities": [
			{
				"name": "CheckMagNETHistoryTablesLastProcessedDate",
				"type": "Lookup",
				"dependsOn": [],
				"policy": {
					"timeout": "7.00:00:00",
					"retry": 0,
					"retryIntervalInSeconds": 30,
					"secureOutput": false,
					"secureInput": false
				},
				"userProperties": [],
				"typeProperties": {
					"source": {
						"type": "SqlDWSource",
						"sqlReaderQuery": {
							"value": "WITH magnet_history_tables_last_processed_date AS\n(\nSELECT table_name,\n       CAST(MAX(processed_at) AS DATE) AS last_processed_date\nFROM staging.magnet_process_log \nGROUP BY table_name\n)\nSELECT MAX(CASE WHEN last_processed_date = DATEADD(DAY,-3,CAST(GETDATE() AS DATE)) THEN 1 ELSE 0 END) AS proceed FROM magnet_history_tables_last_processed_date;",
							"type": "Expression"
						}
					},
					"dataset": {
						"referenceName": "SQLDataWarehouse",
						"type": "DatasetReference"
					},
					"firstRowOnly": false
				}
			},
			{
				"name": "CheckIfMagNETHistoryTablesLastProcessed7DaysAgo",
				"type": "IfCondition",
				"dependsOn": [
					{
						"activity": "CheckMagNETHistoryTablesLastProcessedDate",
						"dependencyConditions": [
							"Succeeded"
						]
					}
				],
				"userProperties": [],
				"typeProperties": {
					"expression": {
						"value": "@{equals(activity('CheckMagNETHistoryTablesLastProcessedDate').output.value[0].proceed,1)}",
						"type": "Expression"
					},
					"ifTrueActivities": [
						{
							"name": "SendNotification",
							"type": "WebActivity",
							"dependsOn": [
								{
									"activity": "LookupMagNETHistoryTablesLastProcessedDate",
									"dependencyConditions": [
										"Succeeded"
									]
								}
							],
							"policy": {
								"timeout": "7.00:00:00",
								"retry": 0,
								"retryIntervalInSeconds": 30,
								"secureOutput": false,
								"secureInput": false
							},
							"userProperties": [],
							"typeProperties": {
								"url": "https://prod-27.northeurope.logic.azure.com:443/workflows/c60713f975e749908f906a68b22e938b/triggers/manual/paths/invoke?api-version=2016-10-01&sp=%2Ftriggers%2Fmanual%2Frun&sv=1.0&sig=ztJz5MZLxS61TLzOGQk6SRPuqUwduRX0Y5QY22Q4Jsc",
								"method": "POST",
								"headers": {
									"Content-Type": "application/json"
								},
								"body": {
									"activity": "The following magnet_history tables have not been processed for 7 days",
									"message": "@{activity('LookupMagNETHistoryTablesLastProcessedDate').output.value}",
									"dataFactoryName": "@{pipeline().DataFactory}",
									"Name": "@{pipeline().Pipeline}",
									"NotificationRecipient": "@pipeline().parameters.NotificationRecipient"
								}
							}
						},
						{
							"name": "LookupMagNETHistoryTablesLastProcessedDate",
							"type": "Lookup",
							"dependsOn": [],
							"policy": {
								"timeout": "7.00:00:00",
								"retry": 0,
								"retryIntervalInSeconds": 30,
								"secureOutput": false,
								"secureInput": false
							},
							"userProperties": [],
							"typeProperties": {
								"source": {
									"type": "SqlDWSource",
									"sqlReaderQuery": {
										"value": "SELECT table_name,\n       CAST(MAX(processed_at) AS DATE) AS last_processed_date\nFROM staging.magnet_process_log \nGROUP BY table_name\nHAVING CAST(MAX(processed_at) AS DATE) = DATEADD(DAY,-3,CAST(GETDATE() AS DATE))\nORDER BY 2 DESC",
										"type": "Expression"
									}
								},
								"dataset": {
									"referenceName": "SQLDataWarehouse",
									"type": "DatasetReference"
								},
								"firstRowOnly": false
							}
						}
					]
				}
			}
		],
		"parameters": {
			"NotificationRecipient": {
				"type": "string",
				"defaultValue": "data.platform@mcarthurglen.com"
			}
		},
		"folder": {
			"name": "Other"
		},
		"annotations": []
	},
	"type": "Microsoft.DataFactory/factories/pipelines"
}