{
	"name": "Calendar445",
	"properties": {
		"activities": [
			{
				"name": "Calendar445",
				"type": "Copy",
				"dependsOn": [],
				"policy": {
					"timeout": "7.00:00:00",
					"retry": 0,
					"retryIntervalInSeconds": 30,
					"secureOutput": false,
					"secureInput": false
				},
				"userProperties": [],
				"typeProperties": {
					"source": {
						"type": "BlobSource",
						"recursive": true
					},
					"sink": {
						"type": "SqlDWSink",
						"allowPolyBase": true,
						"writeBatchSize": 10000,
						"preCopyScript": "TRUNCATE TABLE staging.calendar445_20191127",
						"polyBaseSettings": {
							"rejectValue": 0,
							"rejectType": "value",
							"useTypeDefault": true
						},
						"disableMetricsCollection": false
					},
					"enableStaging": true,
					"stagingSettings": {
						"linkedServiceName": {
							"referenceName": "dataplatformstoragearea",
							"type": "LinkedServiceReference"
						},
						"enableCompression": true
					},
					"translator": {
						"type": "TabularTranslator",
						"columnMappings": {
							"_date": "_date",
							"445_DYE_DaysInMonth": "445_DYE_DaysInMonth",
							"445_DYE_DaysInQuarter": "445_DYE_DaysInQuarter",
							"445_DYE_DaysInYear": "445_DYE_DaysInYear",
							"445_DYE_Year": "445_DYE_Year",
							"445_DYE_Week_Nr": "445_DYE_Week_Nr",
							"445_DYE_Week_Desc": "445_DYE_Week_Desc",
							"445_DYE_Quarter_Nr": "445_DYE_Quarter_Nr",
							"445_DYE_Quarter_Desc": "445_DYE_Quarter_Desc",
							"445_Month_Nr": "445_Month_Nr",
							"445_Month_Desc": "445_Month_Desc",
							"445_MYE_DaysInMonth": "445_MYE_DaysInMonth",
							"445_MYE_DaysInQuarter": "445_MYE_DaysInQuarter",
							"445_MYE_DaysInYear": "445_MYE_DaysInYear",
							"445_MYE_Year": "445_MYE_Year",
							"445_MYE_Week_Nr": "445_MYE_Week_Nr",
							"445_MYE_Week_Desc": "445_MYE_Week_Desc",
							"445_MYE_Quarter_Nr": "445_MYE_Quarter_Nr",
							"445_MYE_Quarter_Desc": "445_MYE_Quarter_Desc"
						}
					}
				},
				"inputs": [
					{
						"referenceName": "BlobStorage445Calendar",
						"type": "DatasetReference"
					}
				],
				"outputs": [
					{
						"referenceName": "SQLDataWarehouse_staging_calendar445",
						"type": "DatasetReference"
					}
				]
			}
		],
		"folder": {
			"name": "Other"
		},
		"annotations": []
	},
	"type": "Microsoft.DataFactory/factories/pipelines"
}