{
	"name": "ConiqCustomers",
	"properties": {
		"activities": [
			{
				"name": "GetCustomers",
				"type": "Lookup",
				"dependsOn": [],
				"policy": {
					"timeout": "7.00:00:00",
					"retry": 0,
					"retryIntervalInSeconds": 30,
					"secureOutput": false,
					"secureInput": false
				},
				"userProperties": [],
				"typeProperties": {
					"source": {
						"type": "SqlDWSource",
						"sqlReaderQuery": {
							"value": "WITH \nlast_modified AS (SELECT MAX(modified_datetime_utc) AS timestamp FROM coniq.customer),\nloyalty_customers AS \n(\nSELECT DISTINCT\n       MAG_Contact__c AS customer_id,\n       CONCAT('/customer?external_id=',MAG_Contact__c) AS relative_url\nFROM salesforce_service_cloud.loyalty l\nLEFT JOIN coniq.customer c ON l.MAG_Contact__c = c.external_id\nLEFT JOIN last_modified ON 1=1\nWHERE MAG_Contact__c IS NOT NULL\nAND (c.external_id IS NULL OR l.LastModifiedDate >= DATEADD(day, -1, last_modified.timestamp))\n),\ntransaction_customers AS\n(\nSELECT DISTINCT\n       t.customer_external_id AS customer_id,\n       CONCAT('/customer?external_id=',t.customer_external_id) AS relative_url\nFROM coniq.transactions t\nLEFT JOIN coniq.customer c ON t.customer_external_id = c.external_id\nLEFT JOIN last_modified ON 1=1\nWHERE t.customer_external_id IS NOT NULL\nAND (c.external_id IS NULL OR t.date_recorded_utc >= DATEADD(day,-1,last_modified.timestamp) OR t.date_redeemed_utc >= DATEADD(day,-1,last_modified.timestamp))\n)\nSELECT DISTINCT customer_id, relative_url FROM loyalty_customers\nUNION\nSELECT DISTINCT customer_id, relative_url FROM transaction_customers;",
							"type": "Expression"
						}
					},
					"dataset": {
						"referenceName": "SQLDataWarehouse",
						"type": "DatasetReference"
					},
					"firstRowOnly": false
				}
			},
			{
				"name": "ForEachCustomer",
				"type": "ForEach",
				"dependsOn": [
					{
						"activity": "GetCustomers",
						"dependencyConditions": [
							"Succeeded"
						]
					}
				],
				"userProperties": [],
				"typeProperties": {
					"items": {
						"value": "@activity('GetCustomers').output.value",
						"type": "Expression"
					},
					"isSequential": true,
					"activities": [
						{
							"name": "ConiqCustomersAPIGetRequest",
							"type": "Copy",
							"dependsOn": [],
							"policy": {
								"timeout": "7.00:00:00",
								"retry": 0,
								"retryIntervalInSeconds": 30,
								"secureOutput": false,
								"secureInput": false
							},
							"userProperties": [],
							"typeProperties": {
								"source": {
									"type": "RestSource",
									"httpRequestTimeout": "00:01:40",
									"requestInterval": "00.00:00:00.010"
								},
								"sink": {
									"type": "BlobSink"
								},
								"enableStaging": false,
								"dataIntegrationUnits": 0
							},
							"inputs": [
								{
									"referenceName": "ConiqCustomersAPIGetRequest",
									"type": "DatasetReference",
									"parameters": {
										"coniq_api_key": {
											"value": "@pipeline().parameters.coniq_api_key",
											"type": "Expression"
										},
										"relative_url": {
											"value": "@{item().relative_url}",
											"type": "Expression"
										}
									}
								}
							],
							"outputs": [
								{
									"referenceName": "BlobStorageConiqCustomersOutput",
									"type": "DatasetReference",
									"parameters": {
										"customer_id": {
											"value": "@{item().customer_id}",
											"type": "Expression"
										}
									}
								}
							]
						},
						{
							"name": "ConiqCustomersAPIGetRequestFailure",
							"type": "WebActivity",
							"dependsOn": [
								{
									"activity": "ConiqCustomersAPIGetRequest",
									"dependencyConditions": [
										"Failed"
									]
								}
							],
							"policy": {
								"timeout": "7.00:00:00",
								"retry": 0,
								"retryIntervalInSeconds": 30,
								"secureOutput": false,
								"secureInput": false
							},
							"userProperties": [],
							"typeProperties": {
								"url": "https://prod-17.northeurope.logic.azure.com:443/workflows/b5b00e5596e94affb317290e4964e4a4/triggers/manual/paths/invoke?api-version=2016-10-01&sp=%2Ftriggers%2Fmanual%2Frun&sv=1.0&sig=55j9tHX1WsutSx6HqYyFcX80ICAhwCoE06KuGGetqb8",
								"method": "POST",
								"headers": {
									"Content-Type": "application/json"
								},
								"body": {
									"activity": "ConiqCustomersAPIGetRequest",
									"message": "@{activity('ConiqCustomersAPIGetRequest').error.message}",
									"dataFactoryName": "@{pipeline().DataFactory}",
									"pipelineName": "@{pipeline().Pipeline}",
									"FailureNotificationRecipient": "@pipeline().parameters.FailureNotificationRecipient"
								}
							}
						}
					]
				}
			},
			{
				"name": "GetCustomersFailure",
				"type": "WebActivity",
				"dependsOn": [
					{
						"activity": "GetCustomers",
						"dependencyConditions": [
							"Failed"
						]
					}
				],
				"policy": {
					"timeout": "7.00:00:00",
					"retry": 0,
					"retryIntervalInSeconds": 30,
					"secureOutput": false,
					"secureInput": false
				},
				"userProperties": [],
				"typeProperties": {
					"url": "https://prod-17.northeurope.logic.azure.com:443/workflows/b5b00e5596e94affb317290e4964e4a4/triggers/manual/paths/invoke?api-version=2016-10-01&sp=%2Ftriggers%2Fmanual%2Frun&sv=1.0&sig=55j9tHX1WsutSx6HqYyFcX80ICAhwCoE06KuGGetqb8",
					"method": "POST",
					"headers": {
						"Content-Type": "application/json"
					},
					"body": {
						"activity": "GetCustomers",
						"message": "@{activity('GetCustomers').error.message}",
						"dataFactoryName": "@{pipeline().DataFactory}",
						"pipelineName": "@{pipeline().Pipeline}",
						"FailureNotificationRecipient": "@pipeline().parameters.FailureNotificationRecipient"
					}
				}
			},
			{
				"name": "ForEachCustomerFailure",
				"type": "WebActivity",
				"dependsOn": [
					{
						"activity": "ForEachCustomer",
						"dependencyConditions": [
							"Failed"
						]
					}
				],
				"policy": {
					"timeout": "7.00:00:00",
					"retry": 0,
					"retryIntervalInSeconds": 30,
					"secureOutput": false,
					"secureInput": false
				},
				"userProperties": [],
				"typeProperties": {
					"url": "https://prod-17.northeurope.logic.azure.com:443/workflows/b5b00e5596e94affb317290e4964e4a4/triggers/manual/paths/invoke?api-version=2016-10-01&sp=%2Ftriggers%2Fmanual%2Frun&sv=1.0&sig=55j9tHX1WsutSx6HqYyFcX80ICAhwCoE06KuGGetqb8",
					"method": "POST",
					"headers": {
						"Content-Type": "application/json"
					},
					"body": {
						"activity": "ForEachCustomer",
						"message": "@{activity('ForEachCustomer').error.message}",
						"dataFactoryName": "@{pipeline().DataFactory}",
						"pipelineName": "@{pipeline().Pipeline}",
						"FailureNotificationRecipient": "@pipeline().parameters.FailureNotificationRecipient"
					}
				}
			},
			{
				"name": "CopyCustomers",
				"type": "Copy",
				"dependsOn": [
					{
						"activity": "ForEachCustomer",
						"dependencyConditions": [
							"Succeeded"
						]
					}
				],
				"policy": {
					"timeout": "7.00:00:00",
					"retry": 0,
					"retryIntervalInSeconds": 30,
					"secureOutput": false,
					"secureInput": false
				},
				"userProperties": [],
				"typeProperties": {
					"source": {
						"type": "BlobSource",
						"recursive": true
					},
					"sink": {
						"type": "SqlDWSink",
						"allowPolyBase": true,
						"writeBatchSize": 10000,
						"preCopyScript": "TRUNCATE TABLE staging.coniq_customer;",
						"polyBaseSettings": {
							"rejectValue": 0,
							"rejectType": "value",
							"useTypeDefault": false
						}
					},
					"enableStaging": true,
					"stagingSettings": {
						"linkedServiceName": {
							"referenceName": "dataplatformstoragearea",
							"type": "LinkedServiceReference"
						},
						"enableCompression": true
					},
					"enableSkipIncompatibleRow": false,
					"dataIntegrationUnits": 0,
					"translator": {
						"type": "TabularTranslator",
						"columnMappings": {
							"id": "id",
							"title": "title",
							"first_name": "first_name",
							"last_name": "last_name",
							"email": "email",
							"phone_country_code": "phone_country_code",
							"phone_number": "phone_number",
							"address1": "address1",
							"address2": "address2",
							"city": "city",
							"county": "county",
							"postcode": "postcode",
							"company": "company",
							"country": "country",
							"date_of_birth": "date_of_birth",
							"gender": "gender",
							"external_id": "external_id",
							"allow_email": "allow_email",
							"allow_phone": "allow_phone",
							"allow_post": "allow_post",
							"created_datetime_utc": "created_datetime_utc",
							"modified_datetime_utc": "modified_datetime_utc",
							"preferred_language": "preferred_language"
						}
					}
				},
				"inputs": [
					{
						"referenceName": "BlobStorageConiqCustomers",
						"type": "DatasetReference",
						"parameters": {
							"request_name": {
								"value": "@pipeline().parameters.request_name",
								"type": "Expression"
							}
						}
					}
				],
				"outputs": [
					{
						"referenceName": "SQLDataWarehouse_staging_coniq_customer",
						"type": "DatasetReference"
					}
				]
			},
			{
				"name": "CopyCustomersFailure",
				"type": "WebActivity",
				"dependsOn": [
					{
						"activity": "CopyCustomers",
						"dependencyConditions": [
							"Failed"
						]
					}
				],
				"policy": {
					"timeout": "7.00:00:00",
					"retry": 0,
					"retryIntervalInSeconds": 30,
					"secureOutput": false,
					"secureInput": false
				},
				"userProperties": [],
				"typeProperties": {
					"url": "https://prod-17.northeurope.logic.azure.com:443/workflows/b5b00e5596e94affb317290e4964e4a4/triggers/manual/paths/invoke?api-version=2016-10-01&sp=%2Ftriggers%2Fmanual%2Frun&sv=1.0&sig=55j9tHX1WsutSx6HqYyFcX80ICAhwCoE06KuGGetqb8",
					"method": "POST",
					"headers": {
						"Content-Type": "application/json"
					},
					"body": {
						"activity": "CopyCustomers",
						"message": "@{activity('CopyCustomers').error.message}",
						"dataFactoryName": "@{pipeline().DataFactory}",
						"pipelineName": "@{pipeline().Pipeline}",
						"FailureNotificationRecipient": "@pipeline().parameters.FailureNotificationRecipient"
					}
				}
			},
			{
				"name": "CopyCustomerSources",
				"type": "Copy",
				"dependsOn": [
					{
						"activity": "CopyCustomers",
						"dependencyConditions": [
							"Succeeded"
						]
					}
				],
				"policy": {
					"timeout": "7.00:00:00",
					"retry": 0,
					"retryIntervalInSeconds": 30,
					"secureOutput": false,
					"secureInput": false
				},
				"userProperties": [],
				"typeProperties": {
					"source": {
						"type": "BlobSource",
						"recursive": true
					},
					"sink": {
						"type": "SqlDWSink",
						"allowPolyBase": true,
						"writeBatchSize": 10000,
						"preCopyScript": "TRUNCATE TABLE staging.coniq_customer_source;",
						"polyBaseSettings": {
							"rejectValue": 0,
							"rejectType": "value",
							"useTypeDefault": false
						}
					},
					"enableStaging": true,
					"stagingSettings": {
						"linkedServiceName": {
							"referenceName": "dataplatformstoragearea",
							"type": "LinkedServiceReference"
						},
						"enableCompression": true
					},
					"enableSkipIncompatibleRow": false,
					"dataIntegrationUnits": 0,
					"translator": {
						"type": "TabularTranslator",
						"columnMappings": {
							"coniq_customer_id": "coniq_customer_id",
							"signup": "signup",
							"source_date": "source_date",
							"reference": "reference",
							"channel": "channel"
						}
					}
				},
				"inputs": [
					{
						"referenceName": "BlobStorageConiqCustomerSources",
						"type": "DatasetReference",
						"parameters": {
							"request_name": {
								"value": "@pipeline().parameters.request_name",
								"type": "Expression"
							}
						}
					}
				],
				"outputs": [
					{
						"referenceName": "SQLDataWarehouse_staging_coniq_customer_source",
						"type": "DatasetReference"
					}
				]
			},
			{
				"name": "CopyCustomerSourcesFailure",
				"type": "WebActivity",
				"dependsOn": [
					{
						"activity": "CopyCustomerSources",
						"dependencyConditions": [
							"Failed"
						]
					}
				],
				"policy": {
					"timeout": "7.00:00:00",
					"retry": 0,
					"retryIntervalInSeconds": 30,
					"secureOutput": false,
					"secureInput": false
				},
				"userProperties": [],
				"typeProperties": {
					"url": "https://prod-17.northeurope.logic.azure.com:443/workflows/b5b00e5596e94affb317290e4964e4a4/triggers/manual/paths/invoke?api-version=2016-10-01&sp=%2Ftriggers%2Fmanual%2Frun&sv=1.0&sig=55j9tHX1WsutSx6HqYyFcX80ICAhwCoE06KuGGetqb8",
					"method": "POST",
					"headers": {
						"Content-Type": "application/json"
					},
					"body": {
						"activity": "CopyCustomerSources",
						"message": "@{activity('CopyCustomerSources').error.message}",
						"dataFactoryName": "@{pipeline().DataFactory}",
						"pipelineName": "@{pipeline().Pipeline}",
						"FailureNotificationRecipient": "@pipeline().parameters.FailureNotificationRecipient"
					}
				}
			},
			{
				"name": "sp_insert_coniq_customer",
				"type": "SqlServerStoredProcedure",
				"dependsOn": [
					{
						"activity": "CopyCustomers",
						"dependencyConditions": [
							"Succeeded"
						]
					}
				],
				"policy": {
					"timeout": "7.00:00:00",
					"retry": 0,
					"retryIntervalInSeconds": 30,
					"secureOutput": false,
					"secureInput": false
				},
				"userProperties": [],
				"typeProperties": {
					"storedProcedureName": "[dbo].[sp_insert_coniq_customer]"
				},
				"linkedServiceName": {
					"referenceName": "SQLDataWarehouse",
					"type": "LinkedServiceReference"
				}
			},
			{
				"name": "sp_insert_coniq_customerFailure",
				"type": "WebActivity",
				"dependsOn": [
					{
						"activity": "sp_insert_coniq_customer",
						"dependencyConditions": [
							"Failed"
						]
					}
				],
				"policy": {
					"timeout": "7.00:00:00",
					"retry": 0,
					"retryIntervalInSeconds": 30,
					"secureOutput": false,
					"secureInput": false
				},
				"userProperties": [],
				"typeProperties": {
					"url": "https://prod-17.northeurope.logic.azure.com:443/workflows/b5b00e5596e94affb317290e4964e4a4/triggers/manual/paths/invoke?api-version=2016-10-01&sp=%2Ftriggers%2Fmanual%2Frun&sv=1.0&sig=55j9tHX1WsutSx6HqYyFcX80ICAhwCoE06KuGGetqb8",
					"method": "POST",
					"headers": {
						"Content-Type": "application/json"
					},
					"body": {
						"activity": "sp_insert_coniq_customer",
						"message": "@{activity('sp_insert_coniq_customer').error.message}",
						"dataFactoryName": "@{pipeline().DataFactory}",
						"pipelineName": "@{pipeline().Pipeline}",
						"FailureNotificationRecipient": "@pipeline().parameters.FailureNotificationRecipient"
					}
				}
			},
			{
				"name": "sp_update_coniq_customer",
				"type": "SqlServerStoredProcedure",
				"dependsOn": [
					{
						"activity": "sp_insert_coniq_customer",
						"dependencyConditions": [
							"Succeeded"
						]
					}
				],
				"policy": {
					"timeout": "7.00:00:00",
					"retry": 0,
					"retryIntervalInSeconds": 30,
					"secureOutput": false,
					"secureInput": false
				},
				"userProperties": [],
				"typeProperties": {
					"storedProcedureName": "[dbo].[sp_update_coniq_customer]"
				},
				"linkedServiceName": {
					"referenceName": "SQLDataWarehouse",
					"type": "LinkedServiceReference"
				}
			},
			{
				"name": "sp_update_coniq_customerFailure",
				"type": "WebActivity",
				"dependsOn": [
					{
						"activity": "sp_update_coniq_customer",
						"dependencyConditions": [
							"Failed"
						]
					}
				],
				"policy": {
					"timeout": "7.00:00:00",
					"retry": 0,
					"retryIntervalInSeconds": 30,
					"secureOutput": false,
					"secureInput": false
				},
				"userProperties": [],
				"typeProperties": {
					"url": "https://prod-17.northeurope.logic.azure.com:443/workflows/b5b00e5596e94affb317290e4964e4a4/triggers/manual/paths/invoke?api-version=2016-10-01&sp=%2Ftriggers%2Fmanual%2Frun&sv=1.0&sig=55j9tHX1WsutSx6HqYyFcX80ICAhwCoE06KuGGetqb8",
					"method": "POST",
					"headers": {
						"Content-Type": "application/json"
					},
					"body": {
						"activity": "sp_update_coniq_customer",
						"message": "@{activity('sp_update_coniq_customer').error.message}",
						"dataFactoryName": "@{pipeline().DataFactory}",
						"pipelineName": "@{pipeline().Pipeline}",
						"FailureNotificationRecipient": "@pipeline().parameters.FailureNotificationRecipient"
					}
				}
			},
			{
				"name": "sp_insert_coniq_customer_source",
				"type": "SqlServerStoredProcedure",
				"dependsOn": [
					{
						"activity": "CopyCustomerSources",
						"dependencyConditions": [
							"Succeeded"
						]
					}
				],
				"policy": {
					"timeout": "7.00:00:00",
					"retry": 0,
					"retryIntervalInSeconds": 30,
					"secureOutput": false,
					"secureInput": false
				},
				"userProperties": [],
				"typeProperties": {
					"storedProcedureName": "[dbo].[sp_insert_coniq_customer_source]"
				},
				"linkedServiceName": {
					"referenceName": "SQLDataWarehouse",
					"type": "LinkedServiceReference"
				}
			},
			{
				"name": "sp_insert_coniq_customer_sourceFailure",
				"type": "WebActivity",
				"dependsOn": [
					{
						"activity": "sp_insert_coniq_customer_source",
						"dependencyConditions": [
							"Failed"
						]
					}
				],
				"policy": {
					"timeout": "7.00:00:00",
					"retry": 0,
					"retryIntervalInSeconds": 30,
					"secureOutput": false,
					"secureInput": false
				},
				"userProperties": [],
				"typeProperties": {
					"url": "https://prod-17.northeurope.logic.azure.com:443/workflows/b5b00e5596e94affb317290e4964e4a4/triggers/manual/paths/invoke?api-version=2016-10-01&sp=%2Ftriggers%2Fmanual%2Frun&sv=1.0&sig=55j9tHX1WsutSx6HqYyFcX80ICAhwCoE06KuGGetqb8",
					"method": "POST",
					"headers": {
						"Content-Type": "application/json"
					},
					"body": {
						"activity": "sp_insert_coniq_customer_source",
						"message": "@{activity('sp_insert_coniq_customer_source').error.message}",
						"dataFactoryName": "@{pipeline().DataFactory}",
						"pipelineName": "@{pipeline().Pipeline}",
						"FailureNotificationRecipient": "@pipeline().parameters.FailureNotificationRecipient"
					}
				}
			}
		],
		"parameters": {
			"FailureNotificationRecipient": {
				"type": "String",
				"defaultValue": "data.platform@mcarthurglen.com"
			},
			"coniq_api_key": {
				"type": "String",
				"defaultValue": "ApiKey key=\"3a3d6812c3564b3e6d29d2adaa0a1a00257f9a75\""
			},
			"request_name": {
				"type": "String",
				"defaultValue": "customers"
			}
		},
		"folder": {
			"name": "Coniq"
		},
		"annotations": []
	},
	"type": "Microsoft.DataFactory/factories/pipelines"
}