{
	"name": "ConiqTransactions",
	"properties": {
		"activities": [
			{
				"name": "GetRelativeURLs",
				"type": "Lookup",
				"dependsOn": [],
				"policy": {
					"timeout": "7.00:00:00",
					"retry": 0,
					"retryIntervalInSeconds": 30,
					"secureOutput": false,
					"secureInput": false
				},
				"userProperties": [],
				"typeProperties": {
					"source": {
						"type": "SqlDWSource",
						"sqlReaderQuery": {
							"value": "WITH \nrow_ids AS\n(SELECT 1 AS id UNION ALL\n SELECT 1 UNION ALL\n SELECT 1 UNION ALL\n SELECT 1 UNION ALL\n SELECT 1 UNION ALL\n SELECT 1 UNION ALL\n SELECT 1 UNION ALL\n SELECT 1 UNION ALL\n SELECT 1 UNION ALL\n SELECT 1),\nseries AS (\nSELECT ROW_NUMBER ( ) OVER (ORDER BY i.id) AS id\nFROM row_ids i\nCROSS JOIN row_ids ii\nCROSS JOIN row_ids iii),\noffset_params AS (\nSELECT (id*100)-100 AS offset\nFROM series\nWHERE (id*100)-100 <= 20000),\ndate_redeemed_utc AS (\nSELECT MAX(date_redeemed_utc) AS date_redeemed_utc \nFROM coniq.transactions\nWHERE date_redeemed_utc < DATEADD(day,-21,GETDATE())\n)\nSELECT CONCAT('/transactions?redeemed_from=',REPLACE(CONVERT(NVARCHAR(19), date_redeemed_utc, 126),':','%3A'),'%2B00%3A00','&redeemed_to=',REPLACE(CONVERT(NVARCHAR(19), GETDATE(), 126),':','%3A'),'%2B00%3A00','&limit=100&offset=',offset_params.offset) AS relative_url,\n       CONCAT(REPLACE(CONVERT(NVARCHAR(19), date_redeemed_utc, 126),':','%3A'),'%2B00%3A00','_',REPLACE(CONVERT(NVARCHAR(19), GETDATE(), 126),':','%3A'),'%2B00%3A00','_limit_100_offset_',offset_params.offset) AS storage_name\nFROM date_redeemed_utc\nJOIN offset_params ON 1=1\nORDER BY offset_params.offset;",
							"type": "Expression"
						}
					},
					"dataset": {
						"referenceName": "SQLDataWarehouse",
						"type": "DatasetReference"
					},
					"firstRowOnly": false
				}
			},
			{
				"name": "ForEachRelativeURL",
				"type": "ForEach",
				"dependsOn": [
					{
						"activity": "GetRelativeURLs",
						"dependencyConditions": [
							"Succeeded"
						]
					}
				],
				"userProperties": [],
				"typeProperties": {
					"items": {
						"value": "@activity('GetRelativeURLs').output.value",
						"type": "Expression"
					},
					"isSequential": true,
					"activities": [
						{
							"name": "ConiqTransactionsAPIGETRequest",
							"type": "Copy",
							"dependsOn": [],
							"policy": {
								"timeout": "7.00:00:00",
								"retry": 0,
								"retryIntervalInSeconds": 30,
								"secureOutput": false,
								"secureInput": false
							},
							"userProperties": [],
							"typeProperties": {
								"source": {
									"type": "RestSource",
									"httpRequestTimeout": "00:01:40",
									"requestInterval": "00.00:00:00.010"
								},
								"sink": {
									"type": "BlobSink"
								},
								"enableStaging": false
							},
							"inputs": [
								{
									"referenceName": "ConiqTransactionsAPIGetRequest",
									"type": "DatasetReference",
									"parameters": {
										"coniq_api_key": {
											"value": "@pipeline().parameters.coniq_api_key",
											"type": "Expression"
										},
										"relative_url": {
											"value": "@{item().relative_url}",
											"type": "Expression"
										},
										"storage_name": {
											"value": "@{item().storage_name}",
											"type": "Expression"
										}
									}
								}
							],
							"outputs": [
								{
									"referenceName": "BlobStorageConiqTransactionsOutput",
									"type": "DatasetReference",
									"parameters": {
										"request_name": {
											"value": "@pipeline().parameters.request_name",
											"type": "Expression"
										},
										"storage_name": {
											"value": "@{item().storage_name}",
											"type": "Expression"
										}
									}
								}
							]
						},
						{
							"name": "ConiqTransactionsAPIGETRequestFailure",
							"type": "WebActivity",
							"dependsOn": [
								{
									"activity": "ConiqTransactionsAPIGETRequest",
									"dependencyConditions": [
										"Failed"
									]
								}
							],
							"policy": {
								"timeout": "7.00:00:00",
								"retry": 0,
								"retryIntervalInSeconds": 30,
								"secureOutput": false,
								"secureInput": false
							},
							"userProperties": [],
							"typeProperties": {
								"url": "https://prod-17.northeurope.logic.azure.com:443/workflows/b5b00e5596e94affb317290e4964e4a4/triggers/manual/paths/invoke?api-version=2016-10-01&sp=%2Ftriggers%2Fmanual%2Frun&sv=1.0&sig=55j9tHX1WsutSx6HqYyFcX80ICAhwCoE06KuGGetqb8",
								"method": "POST",
								"headers": {
									"Content-Type": "application/json"
								},
								"body": {
									"activity": "ConiqTransactionsAPIGETRequest",
									"message": "@{activity('ConiqTransactionsAPIGETRequest').error.message}",
									"dataFactoryName": "@{pipeline().DataFactory}",
									"pipelineName": "@{pipeline().Pipeline}",
									"FailureNotificationRecipient": "@pipeline().parameters.FailureNotificationRecipient"
								}
							}
						}
					]
				}
			},
			{
				"name": "GetRelativeURLsFailure",
				"type": "WebActivity",
				"dependsOn": [
					{
						"activity": "GetRelativeURLs",
						"dependencyConditions": [
							"Failed"
						]
					}
				],
				"policy": {
					"timeout": "7.00:00:00",
					"retry": 0,
					"retryIntervalInSeconds": 30,
					"secureOutput": false,
					"secureInput": false
				},
				"userProperties": [],
				"typeProperties": {
					"url": "https://prod-17.northeurope.logic.azure.com:443/workflows/b5b00e5596e94affb317290e4964e4a4/triggers/manual/paths/invoke?api-version=2016-10-01&sp=%2Ftriggers%2Fmanual%2Frun&sv=1.0&sig=55j9tHX1WsutSx6HqYyFcX80ICAhwCoE06KuGGetqb8",
					"method": "POST",
					"headers": {
						"Content-Type": "application/json"
					},
					"body": {
						"activity": "GetRelativeURLs",
						"message": "@{activity('GetRelativeURLs').error.message}",
						"dataFactoryName": "@{pipeline().DataFactory}",
						"pipelineName": "@{pipeline().Pipeline}",
						"FailureNotificationRecipient": "@pipeline().parameters.FailureNotificationRecipient"
					}
				}
			},
			{
				"name": "ForEachRelativeURLFailure",
				"type": "WebActivity",
				"dependsOn": [
					{
						"activity": "ForEachRelativeURL",
						"dependencyConditions": [
							"Failed"
						]
					}
				],
				"policy": {
					"timeout": "7.00:00:00",
					"retry": 0,
					"retryIntervalInSeconds": 30,
					"secureOutput": false,
					"secureInput": false
				},
				"userProperties": [],
				"typeProperties": {
					"url": "https://prod-17.northeurope.logic.azure.com:443/workflows/b5b00e5596e94affb317290e4964e4a4/triggers/manual/paths/invoke?api-version=2016-10-01&sp=%2Ftriggers%2Fmanual%2Frun&sv=1.0&sig=55j9tHX1WsutSx6HqYyFcX80ICAhwCoE06KuGGetqb8",
					"method": "POST",
					"headers": {
						"Content-Type": "application/json"
					},
					"body": {
						"activity": "ForEachRelativeURL",
						"message": "@{activity('ForEachRelativeURL').error.message}",
						"dataFactoryName": "@{pipeline().DataFactory}",
						"pipelineName": "@{pipeline().Pipeline}",
						"FailureNotificationRecipient": "@pipeline().parameters.FailureNotificationRecipient"
					}
				}
			},
			{
				"name": "CopyConiqTransactions",
				"type": "Copy",
				"dependsOn": [
					{
						"activity": "ForEachRelativeURL",
						"dependencyConditions": [
							"Succeeded"
						]
					}
				],
				"policy": {
					"timeout": "7.00:00:00",
					"retry": 0,
					"retryIntervalInSeconds": 30,
					"secureOutput": false,
					"secureInput": false
				},
				"userProperties": [],
				"typeProperties": {
					"source": {
						"type": "BlobSource",
						"recursive": true
					},
					"sink": {
						"type": "SqlDWSink",
						"allowPolyBase": true,
						"writeBatchSize": 10000,
						"preCopyScript": "TRUNCATE TABLE staging.coniq_transactions;",
						"polyBaseSettings": {
							"rejectValue": 0,
							"rejectType": "value",
							"useTypeDefault": false
						}
					},
					"enableStaging": true,
					"stagingSettings": {
						"linkedServiceName": {
							"referenceName": "dataplatformstoragearea",
							"type": "LinkedServiceReference"
						},
						"enableCompression": true
					},
					"enableSkipIncompatibleRow": false,
					"dataIntegrationUnits": 0,
					"translator": {
						"type": "TabularTranslator",
						"columnMappings": {
							"id": "id",
							"offer_id": "offer_id",
							"offer_name": "offer_name",
							"customer_id": "customer_id",
							"customer_name": "customer_name",
							"customer_external_id": "customer_external_id",
							"location_id": "location_id",
							"location_name": "location_name",
							"location_external_id": "location_external_id",
							"amount": "amount",
							"date_recorded_utc": "date_recorded_utc",
							"date_redeemed_utc": "date_redeemed_utc",
							"barcode_number": "barcode_number",
							"channel": "channel"
						}
					}
				},
				"inputs": [
					{
						"referenceName": "BlobStorageConiqTransactions",
						"type": "DatasetReference",
						"parameters": {
							"request_name": {
								"value": "@pipeline().parameters.request_name",
								"type": "Expression"
							}
						}
					}
				],
				"outputs": [
					{
						"referenceName": "SQLDataWarehouse_staging_coniq_transactions",
						"type": "DatasetReference"
					}
				]
			},
			{
				"name": "sp_insert_coniq_transactions",
				"type": "SqlServerStoredProcedure",
				"dependsOn": [
					{
						"activity": "CopyConiqTransactions",
						"dependencyConditions": [
							"Succeeded"
						]
					}
				],
				"policy": {
					"timeout": "7.00:00:00",
					"retry": 0,
					"retryIntervalInSeconds": 30,
					"secureOutput": false,
					"secureInput": false
				},
				"userProperties": [],
				"typeProperties": {
					"storedProcedureName": "[dbo].[sp_insert_coniq_transactions]"
				},
				"linkedServiceName": {
					"referenceName": "SQLDataWarehouse",
					"type": "LinkedServiceReference"
				}
			},
			{
				"name": "CopyConiqTransactionsFailure",
				"type": "WebActivity",
				"dependsOn": [
					{
						"activity": "CopyConiqTransactions",
						"dependencyConditions": [
							"Failed"
						]
					}
				],
				"policy": {
					"timeout": "7.00:00:00",
					"retry": 0,
					"retryIntervalInSeconds": 30,
					"secureOutput": false,
					"secureInput": false
				},
				"userProperties": [],
				"typeProperties": {
					"url": "https://prod-17.northeurope.logic.azure.com:443/workflows/b5b00e5596e94affb317290e4964e4a4/triggers/manual/paths/invoke?api-version=2016-10-01&sp=%2Ftriggers%2Fmanual%2Frun&sv=1.0&sig=55j9tHX1WsutSx6HqYyFcX80ICAhwCoE06KuGGetqb8",
					"method": "POST",
					"headers": {
						"Content-Type": "application/json"
					},
					"body": {
						"activity": "CopyConiqTransactions",
						"message": "@{activity('CopyConiqTransactions').error.message}",
						"dataFactoryName": "@{pipeline().DataFactory}",
						"pipelineName": "@{pipeline().Pipeline}",
						"FailureNotificationRecipient": "@pipeline().parameters.FailureNotificationRecipient"
					}
				}
			},
			{
				"name": "sp_insert_coniq_transactionsFailure",
				"type": "WebActivity",
				"dependsOn": [
					{
						"activity": "sp_insert_coniq_transactions",
						"dependencyConditions": [
							"Failed"
						]
					}
				],
				"policy": {
					"timeout": "7.00:00:00",
					"retry": 0,
					"retryIntervalInSeconds": 30,
					"secureOutput": false,
					"secureInput": false
				},
				"userProperties": [],
				"typeProperties": {
					"url": "https://prod-17.northeurope.logic.azure.com:443/workflows/b5b00e5596e94affb317290e4964e4a4/triggers/manual/paths/invoke?api-version=2016-10-01&sp=%2Ftriggers%2Fmanual%2Frun&sv=1.0&sig=55j9tHX1WsutSx6HqYyFcX80ICAhwCoE06KuGGetqb8",
					"method": "POST",
					"headers": {
						"Content-Type": "application/json"
					},
					"body": {
						"activity": "sp_insert_coniq_transactions",
						"message": "@{activity('sp_insert_coniq_transactions').error.message}",
						"dataFactoryName": "@{pipeline().DataFactory}",
						"pipelineName": "@{pipeline().Pipeline}",
						"FailureNotificationRecipient": "@pipeline().parameters.FailureNotificationRecipient"
					}
				}
			},
			{
				"name": "sp_update_coniq_transaction",
				"type": "SqlServerStoredProcedure",
				"dependsOn": [
					{
						"activity": "sp_insert_coniq_transactions",
						"dependencyConditions": [
							"Succeeded"
						]
					}
				],
				"policy": {
					"timeout": "7.00:00:00",
					"retry": 0,
					"retryIntervalInSeconds": 30,
					"secureOutput": false,
					"secureInput": false
				},
				"userProperties": [],
				"typeProperties": {
					"storedProcedureName": "[dbo].[sp_update_coniq_transaction]"
				},
				"linkedServiceName": {
					"referenceName": "SQLDataWarehouse",
					"type": "LinkedServiceReference"
				}
			},
			{
				"name": "sp_update_coniq_transactionFailure",
				"type": "WebActivity",
				"dependsOn": [
					{
						"activity": "sp_update_coniq_transaction",
						"dependencyConditions": [
							"Failed"
						]
					}
				],
				"policy": {
					"timeout": "7.00:00:00",
					"retry": 0,
					"retryIntervalInSeconds": 30,
					"secureOutput": false,
					"secureInput": false
				},
				"userProperties": [],
				"typeProperties": {
					"url": "https://prod-17.northeurope.logic.azure.com:443/workflows/b5b00e5596e94affb317290e4964e4a4/triggers/manual/paths/invoke?api-version=2016-10-01&sp=%2Ftriggers%2Fmanual%2Frun&sv=1.0&sig=55j9tHX1WsutSx6HqYyFcX80ICAhwCoE06KuGGetqb8",
					"method": "POST",
					"headers": {
						"Content-Type": "application/json"
					},
					"body": {
						"activity": "sp_update_coniq_transaction",
						"message": "@{activity('sp_update_coniq_transaction').error.message}",
						"dataFactoryName": "@{pipeline().DataFactory}",
						"pipelineName": "@{pipeline().Pipeline}",
						"FailureNotificationRecipient": "@pipeline().parameters.FailureNotificationRecipient"
					}
				}
			}
		],
		"parameters": {
			"FailureNotificationRecipient": {
				"type": "String",
				"defaultValue": "data.platform@mcarthurglen.com"
			},
			"coniq_api_key": {
				"type": "String",
				"defaultValue": "ApiKey key=\"3a3d6812c3564b3e6d29d2adaa0a1a00257f9a75\""
			},
			"request_name": {
				"type": "String",
				"defaultValue": "transactions"
			}
		},
		"folder": {
			"name": "Coniq"
		},
		"annotations": []
	},
	"type": "Microsoft.DataFactory/factories/pipelines"
}