{
	"name": "ConiqBarcodes",
	"properties": {
		"activities": [
			{
				"name": "GetBarcodes",
				"type": "Lookup",
				"dependsOn": [],
				"policy": {
					"timeout": "7.00:00:00",
					"retry": 0,
					"retryIntervalInSeconds": 30,
					"secureOutput": false,
					"secureInput": false
				},
				"userProperties": [],
				"typeProperties": {
					"source": {
						"type": "SqlDWSource",
						"sqlReaderQuery": {
							"value": "WITH \nlast_modified AS (SELECT MAX(created_datetime_utc) AS timestamp FROM coniq.barcode),\nloyalty_barcodes AS \n(\nSELECT DISTINCT \n       l.MAG_Barcode_Number__c AS barcode_number,\n       CONCAT('/barcode?barcode_number=',l.MAG_Barcode_Number__c) AS relative_url\nFROM salesforce_service_cloud.loyalty l\nLEFT JOIN coniq.barcode b ON l.MAG_Barcode_Number__c = b.barcode_number\nLEFT JOIN last_modified ON 1=1\nWHERE MAG_Barcode_Number__c IS NOT NULL\nAND b.barcode_number IS NULL\n),\ntransaction_barcodes AS\n(\nSELECT DISTINCT\n       t.barcode_number,\n       CONCAT('/barcode?barcode_number=',t.barcode_number) AS relative_url\nFROM coniq.transactions t\nLEFT JOIN coniq.barcode b ON t.barcode_number = b.barcode_number\nLEFT JOIN last_modified ON 1=1\nWHERE t.barcode_number IS NOT NULL\nAND b.barcode_number IS NULL\n)\nSELECT DISTINCT barcode_number, relative_url FROM loyalty_barcodes\nUNION\nSELECT DISTINCT barcode_number, relative_url FROM transaction_barcodes;",
							"type": "Expression"
						}
					},
					"dataset": {
						"referenceName": "SQLDataWarehouse",
						"type": "DatasetReference"
					},
					"firstRowOnly": false
				}
			},
			{
				"name": "ForEachBarcode",
				"type": "ForEach",
				"dependsOn": [
					{
						"activity": "GetBarcodes",
						"dependencyConditions": [
							"Succeeded"
						]
					}
				],
				"userProperties": [],
				"typeProperties": {
					"items": {
						"value": "@activity('GetBarcodes').output.value",
						"type": "Expression"
					},
					"isSequential": true,
					"activities": [
						{
							"name": "ConiqBarcodesAPIGetRequest",
							"type": "Copy",
							"dependsOn": [],
							"policy": {
								"timeout": "7.00:00:00",
								"retry": 0,
								"retryIntervalInSeconds": 30,
								"secureOutput": false,
								"secureInput": false
							},
							"userProperties": [],
							"typeProperties": {
								"source": {
									"type": "RestSource",
									"httpRequestTimeout": "00:01:40",
									"requestInterval": "00.00:00:00.010"
								},
								"sink": {
									"type": "BlobSink"
								},
								"enableStaging": false,
								"dataIntegrationUnits": 0
							},
							"inputs": [
								{
									"referenceName": "ConiqBarcodesAPIGetRequest",
									"type": "DatasetReference",
									"parameters": {
										"coniq_api_key": {
											"value": "@pipeline().parameters.coniq_api_key",
											"type": "Expression"
										},
										"relative_url": {
											"value": "@{item().relative_url} ",
											"type": "Expression"
										}
									}
								}
							],
							"outputs": [
								{
									"referenceName": "BlobStorageConiqBarcodesOutput",
									"type": "DatasetReference",
									"parameters": {
										"barcode_number": {
											"value": "@{item().barcode_number}",
											"type": "Expression"
										}
									}
								}
							]
						},
						{
							"name": "ConiqBarcodesAPIGetRequestFailure",
							"type": "WebActivity",
							"dependsOn": [
								{
									"activity": "ConiqBarcodesAPIGetRequest",
									"dependencyConditions": [
										"Failed"
									]
								}
							],
							"policy": {
								"timeout": "7.00:00:00",
								"retry": 0,
								"retryIntervalInSeconds": 30,
								"secureOutput": false,
								"secureInput": false
							},
							"userProperties": [],
							"typeProperties": {
								"url": "https://prod-17.northeurope.logic.azure.com:443/workflows/b5b00e5596e94affb317290e4964e4a4/triggers/manual/paths/invoke?api-version=2016-10-01&sp=%2Ftriggers%2Fmanual%2Frun&sv=1.0&sig=55j9tHX1WsutSx6HqYyFcX80ICAhwCoE06KuGGetqb8",
								"method": "POST",
								"headers": {
									"Content-Type": "application/json"
								},
								"body": {
									"activity": "ConiqBarcodesAPIGetRequest",
									"message": "@{activity('ConiqBarcodesAPIGetRequest').error.message}",
									"dataFactoryName": "@{pipeline().DataFactory}",
									"pipelineName": "@{pipeline().Pipeline}",
									"FailureNotificationRecipient": "@pipeline().parameters.FailureNotificationRecipient"
								}
							}
						}
					]
				}
			},
			{
				"name": "CopyBarcodes",
				"type": "Copy",
				"dependsOn": [
					{
						"activity": "ForEachBarcode",
						"dependencyConditions": [
							"Succeeded"
						]
					}
				],
				"policy": {
					"timeout": "7.00:00:00",
					"retry": 0,
					"retryIntervalInSeconds": 30,
					"secureOutput": false,
					"secureInput": false
				},
				"userProperties": [],
				"typeProperties": {
					"source": {
						"type": "BlobSource",
						"recursive": true
					},
					"sink": {
						"type": "SqlDWSink",
						"allowPolyBase": true,
						"writeBatchSize": 10000,
						"preCopyScript": "TRUNCATE TABLE staging.coniq_barcode;",
						"polyBaseSettings": {
							"rejectValue": 0,
							"rejectType": "value",
							"useTypeDefault": false
						}
					},
					"enableStaging": true,
					"stagingSettings": {
						"linkedServiceName": {
							"referenceName": "dataplatformstoragearea",
							"type": "LinkedServiceReference"
						},
						"enableCompression": true
					},
					"enableSkipIncompatibleRow": false,
					"dataIntegrationUnits": 0,
					"translator": {
						"type": "TabularTranslator",
						"columnMappings": {
							"barcode_number": "barcode_number",
							"offer_id": "offer_id",
							"customer_id": "customer_id",
							"channel": "channel",
							"tracking_code": "tracking_code",
							"image_url": "image_url",
							"active": "active",
							"expiry_date": "expiry_date",
							"created_datetime_utc": "created_datetime_utc"
						}
					}
				},
				"inputs": [
					{
						"referenceName": "BlobStorageConiqBarcodes",
						"type": "DatasetReference",
						"parameters": {
							"request_name": {
								"value": "@pipeline().parameters.request_name",
								"type": "Expression"
							}
						}
					}
				],
				"outputs": [
					{
						"referenceName": "SQLDataWarehouse_staging_coniq_barcode",
						"type": "DatasetReference"
					}
				]
			},
			{
				"name": "GetBarcodesFailure",
				"type": "WebActivity",
				"dependsOn": [
					{
						"activity": "GetBarcodes",
						"dependencyConditions": [
							"Failed"
						]
					}
				],
				"policy": {
					"timeout": "7.00:00:00",
					"retry": 0,
					"retryIntervalInSeconds": 30,
					"secureOutput": false,
					"secureInput": false
				},
				"userProperties": [],
				"typeProperties": {
					"url": "https://prod-17.northeurope.logic.azure.com:443/workflows/b5b00e5596e94affb317290e4964e4a4/triggers/manual/paths/invoke?api-version=2016-10-01&sp=%2Ftriggers%2Fmanual%2Frun&sv=1.0&sig=55j9tHX1WsutSx6HqYyFcX80ICAhwCoE06KuGGetqb8",
					"method": "POST",
					"headers": {
						"Content-Type": "application/json"
					},
					"body": {
						"activity": "GetBarcodes",
						"message": "@{activity('GetBarcodes').error.message}",
						"dataFactoryName": "@{pipeline().DataFactory}",
						"pipelineName": "@{pipeline().Pipeline}",
						"FailureNotificationRecipient": "@pipeline().parameters.FailureNotificationRecipient"
					}
				}
			},
			{
				"name": "ForEachBarcodeFailure",
				"type": "WebActivity",
				"dependsOn": [
					{
						"activity": "ForEachBarcode",
						"dependencyConditions": [
							"Failed"
						]
					}
				],
				"policy": {
					"timeout": "7.00:00:00",
					"retry": 0,
					"retryIntervalInSeconds": 30,
					"secureOutput": false,
					"secureInput": false
				},
				"userProperties": [],
				"typeProperties": {
					"url": "https://prod-17.northeurope.logic.azure.com:443/workflows/b5b00e5596e94affb317290e4964e4a4/triggers/manual/paths/invoke?api-version=2016-10-01&sp=%2Ftriggers%2Fmanual%2Frun&sv=1.0&sig=55j9tHX1WsutSx6HqYyFcX80ICAhwCoE06KuGGetqb8",
					"method": "POST",
					"headers": {
						"Content-Type": "application/json"
					},
					"body": {
						"activity": "ForEachBarcode",
						"message": "@{activity('ForEachBarcode').error.message}",
						"dataFactoryName": "@{pipeline().DataFactory}",
						"pipelineName": "@{pipeline().Pipeline}",
						"FailureNotificationRecipient": "@pipeline().parameters.FailureNotificationRecipient"
					}
				}
			},
			{
				"name": "CopyBarcodesFailure",
				"type": "WebActivity",
				"dependsOn": [
					{
						"activity": "CopyBarcodes",
						"dependencyConditions": [
							"Failed"
						]
					}
				],
				"policy": {
					"timeout": "7.00:00:00",
					"retry": 0,
					"retryIntervalInSeconds": 30,
					"secureOutput": false,
					"secureInput": false
				},
				"userProperties": [],
				"typeProperties": {
					"url": "https://prod-17.northeurope.logic.azure.com:443/workflows/b5b00e5596e94affb317290e4964e4a4/triggers/manual/paths/invoke?api-version=2016-10-01&sp=%2Ftriggers%2Fmanual%2Frun&sv=1.0&sig=55j9tHX1WsutSx6HqYyFcX80ICAhwCoE06KuGGetqb8",
					"method": "POST",
					"headers": {
						"Content-Type": "application/json"
					},
					"body": {
						"activity": "CopyBarcodes",
						"message": "@{activity('CopyBarcodes').error.message}",
						"dataFactoryName": "@{pipeline().DataFactory}",
						"pipelineName": "@{pipeline().Pipeline}",
						"FailureNotificationRecipient": "@pipeline().parameters.FailureNotificationRecipient"
					}
				}
			},
			{
				"name": "sp_insert_coniq_barcode",
				"type": "SqlServerStoredProcedure",
				"dependsOn": [
					{
						"activity": "CopyBarcodes",
						"dependencyConditions": [
							"Succeeded"
						]
					}
				],
				"policy": {
					"timeout": "7.00:00:00",
					"retry": 0,
					"retryIntervalInSeconds": 30,
					"secureOutput": false,
					"secureInput": false
				},
				"userProperties": [],
				"typeProperties": {
					"storedProcedureName": "[dbo].[sp_insert_coniq_barcode]"
				},
				"linkedServiceName": {
					"referenceName": "SQLDataWarehouse",
					"type": "LinkedServiceReference"
				}
			},
			{
				"name": "sp_insert_coniq_barcodeFailure",
				"type": "WebActivity",
				"dependsOn": [
					{
						"activity": "sp_insert_coniq_barcode",
						"dependencyConditions": [
							"Failed"
						]
					}
				],
				"policy": {
					"timeout": "7.00:00:00",
					"retry": 0,
					"retryIntervalInSeconds": 30,
					"secureOutput": false,
					"secureInput": false
				},
				"userProperties": [],
				"typeProperties": {
					"url": "https://prod-17.northeurope.logic.azure.com:443/workflows/b5b00e5596e94affb317290e4964e4a4/triggers/manual/paths/invoke?api-version=2016-10-01&sp=%2Ftriggers%2Fmanual%2Frun&sv=1.0&sig=55j9tHX1WsutSx6HqYyFcX80ICAhwCoE06KuGGetqb8",
					"method": "POST",
					"headers": {
						"Content-Type": "application/json"
					},
					"body": {
						"activity": "sp_insert_coniq_barcode",
						"message": "@{activity('sp_insert_coniq_barcode').error.message}",
						"dataFactoryName": "@{pipeline().DataFactory}",
						"pipelineName": "@{pipeline().Pipeline}",
						"FailureNotificationRecipient": "@pipeline().parameters.FailureNotificationRecipient"
					}
				}
			},
			{
				"name": "sp_update_coniq_barcode",
				"type": "SqlServerStoredProcedure",
				"dependsOn": [
					{
						"activity": "sp_insert_coniq_barcode",
						"dependencyConditions": [
							"Succeeded"
						]
					}
				],
				"policy": {
					"timeout": "7.00:00:00",
					"retry": 0,
					"retryIntervalInSeconds": 30,
					"secureOutput": false,
					"secureInput": false
				},
				"userProperties": [],
				"typeProperties": {
					"storedProcedureName": "[dbo].[sp_update_coniq_barcode]"
				},
				"linkedServiceName": {
					"referenceName": "SQLDataWarehouse",
					"type": "LinkedServiceReference"
				}
			},
			{
				"name": "sp_update_coniq_barcodeFailure",
				"type": "WebActivity",
				"dependsOn": [
					{
						"activity": "sp_update_coniq_barcode",
						"dependencyConditions": [
							"Failed"
						]
					}
				],
				"policy": {
					"timeout": "7.00:00:00",
					"retry": 0,
					"retryIntervalInSeconds": 30,
					"secureOutput": false,
					"secureInput": false
				},
				"userProperties": [],
				"typeProperties": {
					"url": "https://prod-17.northeurope.logic.azure.com:443/workflows/b5b00e5596e94affb317290e4964e4a4/triggers/manual/paths/invoke?api-version=2016-10-01&sp=%2Ftriggers%2Fmanual%2Frun&sv=1.0&sig=55j9tHX1WsutSx6HqYyFcX80ICAhwCoE06KuGGetqb8",
					"method": "POST",
					"headers": {
						"Content-Type": "application/json"
					},
					"body": {
						"activity": "sp_update_coniq_barcode",
						"message": "@{activity('sp_update_coniq_barcode').error.message}",
						"dataFactoryName": "@{pipeline().DataFactory}",
						"pipelineName": "@{pipeline().Pipeline}",
						"FailureNotificationRecipient": "@pipeline().parameters.FailureNotificationRecipient"
					}
				}
			}
		],
		"parameters": {
			"FailureNotificationRecipient": {
				"type": "String",
				"defaultValue": "data.platform@mcarthurglen.com"
			},
			"coniq_api_key": {
				"type": "String",
				"defaultValue": "ApiKey key=\"3a3d6812c3564b3e6d29d2adaa0a1a00257f9a75\""
			},
			"request_name": {
				"type": "String",
				"defaultValue": "barcodes"
			}
		},
		"folder": {
			"name": "Coniq"
		},
		"annotations": []
	},
	"type": "Microsoft.DataFactory/factories/pipelines"
}