{
	"name": "ConiqLocationGroups",
	"properties": {
		"activities": [
			{
				"name": "ConiqLocationGroupsExtract",
				"type": "Copy",
				"dependsOn": [],
				"policy": {
					"timeout": "7.00:00:00",
					"retry": 0,
					"retryIntervalInSeconds": 30,
					"secureOutput": false,
					"secureInput": false
				},
				"userProperties": [],
				"typeProperties": {
					"source": {
						"type": "RestSource",
						"httpRequestTimeout": "00:01:40",
						"requestInterval": "00.00:00:00.010"
					},
					"sink": {
						"type": "BlobSink"
					},
					"enableStaging": false
				},
				"inputs": [
					{
						"referenceName": "ConiqLocationGroupsAPIGetRequest",
						"type": "DatasetReference",
						"parameters": {
							"coniq_api_key": {
								"value": "@pipeline().parameters.coniq_api_key",
								"type": "Expression"
							}
						}
					}
				],
				"outputs": [
					{
						"referenceName": "BlobStorageConiqOutput",
						"type": "DatasetReference",
						"parameters": {
							"request_name": {
								"value": "@pipeline().parameters.request_name",
								"type": "Expression"
							}
						}
					}
				]
			},
			{
				"name": "ConiqLocationGroupsMapLoad",
				"type": "Copy",
				"dependsOn": [
					{
						"activity": "ConiqLocationGroupsExtract",
						"dependencyConditions": [
							"Succeeded"
						]
					}
				],
				"policy": {
					"timeout": "7.00:00:00",
					"retry": 0,
					"retryIntervalInSeconds": 30,
					"secureOutput": false,
					"secureInput": false
				},
				"userProperties": [],
				"typeProperties": {
					"source": {
						"type": "BlobSource",
						"recursive": true
					},
					"sink": {
						"type": "SqlDWSink",
						"allowPolyBase": true,
						"writeBatchSize": 10000,
						"preCopyScript": "TRUNCATE TABLE staging.coniq_location_group;",
						"polyBaseSettings": {
							"rejectValue": 0,
							"rejectType": "value",
							"useTypeDefault": false
						}
					},
					"enableStaging": true,
					"stagingSettings": {
						"linkedServiceName": {
							"referenceName": "dataplatformstoragearea",
							"type": "LinkedServiceReference"
						},
						"enableCompression": true
					},
					"translator": {
						"type": "TabularTranslator",
						"columnMappings": {
							"id": "id",
							"name": "name",
							"type": "type",
							"key": "key"
						}
					}
				},
				"inputs": [
					{
						"referenceName": "BlobStorageConiqLocationGroups",
						"type": "DatasetReference",
						"parameters": {
							"request_name": {
								"value": "@pipeline().parameters.request_name",
								"type": "Expression"
							}
						}
					}
				],
				"outputs": [
					{
						"referenceName": "SQLDataWarehouse_staging_coniq_location_group",
						"type": "DatasetReference"
					}
				]
			},
			{
				"name": "ConiqLocationGroupsLocationGroupsMapLoad",
				"type": "Copy",
				"dependsOn": [
					{
						"activity": "ConiqLocationGroupsMapLoad",
						"dependencyConditions": [
							"Succeeded"
						]
					}
				],
				"policy": {
					"timeout": "7.00:00:00",
					"retry": 0,
					"retryIntervalInSeconds": 30,
					"secureOutput": false,
					"secureInput": false
				},
				"userProperties": [],
				"typeProperties": {
					"source": {
						"type": "BlobSource",
						"recursive": true
					},
					"sink": {
						"type": "SqlDWSink",
						"allowPolyBase": true,
						"writeBatchSize": 10000,
						"preCopyScript": "TRUNCATE TABLE staging.coniq_location_group_map;",
						"polyBaseSettings": {
							"rejectValue": 0,
							"rejectType": "value",
							"useTypeDefault": false
						}
					},
					"enableStaging": true,
					"stagingSettings": {
						"linkedServiceName": {
							"referenceName": "dataplatformstoragearea",
							"type": "LinkedServiceReference"
						},
						"enableCompression": true
					},
					"translator": {
						"type": "TabularTranslator",
						"columnMappings": {
							"location_group_id": "location_group_id",
							"location_id": "location_id"
						}
					}
				},
				"inputs": [
					{
						"referenceName": "BlobStorageConiqLocationGroupMaps",
						"type": "DatasetReference",
						"parameters": {
							"request_name": {
								"value": "@pipeline().parameters.request_name",
								"type": "Expression"
							}
						}
					}
				],
				"outputs": [
					{
						"referenceName": "SQLDataWarehouse_staging_coniq_location_group_map",
						"type": "DatasetReference"
					}
				]
			},
			{
				"name": "ConiqLocationGroupsExtractFailure",
				"type": "WebActivity",
				"dependsOn": [
					{
						"activity": "ConiqLocationGroupsExtract",
						"dependencyConditions": [
							"Failed"
						]
					}
				],
				"policy": {
					"timeout": "7.00:00:00",
					"retry": 0,
					"retryIntervalInSeconds": 30,
					"secureOutput": false,
					"secureInput": false
				},
				"userProperties": [],
				"typeProperties": {
					"url": "https://prod-17.northeurope.logic.azure.com:443/workflows/b5b00e5596e94affb317290e4964e4a4/triggers/manual/paths/invoke?api-version=2016-10-01&sp=%2Ftriggers%2Fmanual%2Frun&sv=1.0&sig=55j9tHX1WsutSx6HqYyFcX80ICAhwCoE06KuGGetqb8",
					"method": "POST",
					"headers": {
						"Content-Type": "application/json"
					},
					"body": {
						"activity": "ConiqLocationGroupsExtract",
						"message": "@{activity('ConiqLocationGroupsExtract').error.message}",
						"dataFactoryName": "@{pipeline().DataFactory}",
						"pipelineName": "@{pipeline().Pipeline}",
						"FailureNotificationRecipient": "@pipeline().parameters.FailureNotificationRecipient"
					}
				}
			},
			{
				"name": "ConiqLocationGroupsMapLoadFailure",
				"type": "WebActivity",
				"dependsOn": [
					{
						"activity": "ConiqLocationGroupsMapLoad",
						"dependencyConditions": [
							"Failed"
						]
					}
				],
				"policy": {
					"timeout": "7.00:00:00",
					"retry": 0,
					"retryIntervalInSeconds": 30,
					"secureOutput": false,
					"secureInput": false
				},
				"userProperties": [],
				"typeProperties": {
					"url": "https://prod-17.northeurope.logic.azure.com:443/workflows/b5b00e5596e94affb317290e4964e4a4/triggers/manual/paths/invoke?api-version=2016-10-01&sp=%2Ftriggers%2Fmanual%2Frun&sv=1.0&sig=55j9tHX1WsutSx6HqYyFcX80ICAhwCoE06KuGGetqb8",
					"method": "POST",
					"headers": {
						"Content-Type": "application/json"
					},
					"body": {
						"activity": "ConiqLocationGroupsMapLoad",
						"message": "@{activity('ConiqLocationGroupsMapLoad').error.message}",
						"dataFactoryName": "@{pipeline().DataFactory}",
						"pipelineName": "@{pipeline().Pipeline}",
						"FailureNotificationRecipient": "@pipeline().parameters.FailureNotificationRecipient"
					}
				}
			},
			{
				"name": "ConiqLocationGroupsLocationGroupsMapLoadFailure",
				"type": "WebActivity",
				"dependsOn": [
					{
						"activity": "ConiqLocationGroupsLocationGroupsMapLoad",
						"dependencyConditions": [
							"Failed"
						]
					}
				],
				"policy": {
					"timeout": "7.00:00:00",
					"retry": 0,
					"retryIntervalInSeconds": 30,
					"secureOutput": false,
					"secureInput": false
				},
				"userProperties": [],
				"typeProperties": {
					"url": "https://prod-17.northeurope.logic.azure.com:443/workflows/b5b00e5596e94affb317290e4964e4a4/triggers/manual/paths/invoke?api-version=2016-10-01&sp=%2Ftriggers%2Fmanual%2Frun&sv=1.0&sig=55j9tHX1WsutSx6HqYyFcX80ICAhwCoE06KuGGetqb8",
					"method": "POST",
					"headers": {
						"Content-Type": "application/json"
					},
					"body": {
						"activity": "ConiqLocationGroupsLocationGroupsMapLoad",
						"message": "@{activity('ConiqLocationGroupsLocationGroupsMapLoad').error.message}",
						"dataFactoryName": "@{pipeline().DataFactory}",
						"pipelineName": "@{pipeline().Pipeline}",
						"FailureNotificationRecipient": "@pipeline().parameters.FailureNotificationRecipient"
					}
				}
			},
			{
				"name": "sp_insert_coniq_location_group",
				"type": "SqlServerStoredProcedure",
				"dependsOn": [
					{
						"activity": "ConiqLocationGroupsMapLoad",
						"dependencyConditions": [
							"Succeeded"
						]
					}
				],
				"policy": {
					"timeout": "7.00:00:00",
					"retry": 0,
					"retryIntervalInSeconds": 30,
					"secureOutput": false,
					"secureInput": false
				},
				"userProperties": [],
				"typeProperties": {
					"storedProcedureName": "[dbo].[sp_insert_coniq_location_group]"
				},
				"linkedServiceName": {
					"referenceName": "SQLDataWarehouse",
					"type": "LinkedServiceReference"
				}
			},
			{
				"name": "sp_insert_coniq_location_groupFailure",
				"type": "WebActivity",
				"dependsOn": [
					{
						"activity": "sp_insert_coniq_location_group",
						"dependencyConditions": [
							"Failed"
						]
					}
				],
				"policy": {
					"timeout": "7.00:00:00",
					"retry": 0,
					"retryIntervalInSeconds": 30,
					"secureOutput": false,
					"secureInput": false
				},
				"userProperties": [],
				"typeProperties": {
					"url": "https://prod-17.northeurope.logic.azure.com:443/workflows/b5b00e5596e94affb317290e4964e4a4/triggers/manual/paths/invoke?api-version=2016-10-01&sp=%2Ftriggers%2Fmanual%2Frun&sv=1.0&sig=55j9tHX1WsutSx6HqYyFcX80ICAhwCoE06KuGGetqb8",
					"method": "POST",
					"headers": {
						"Content-Type": "application/json"
					},
					"body": {
						"activity": "sp_insert_coniq_location_group",
						"message": "@{activity('sp_insert_coniq_location_group').error.message}",
						"dataFactoryName": "@{pipeline().DataFactory}",
						"pipelineName": "@{pipeline().Pipeline}",
						"FailureNotificationRecipient": "@pipeline().parameters.FailureNotificationRecipient"
					}
				}
			},
			{
				"name": "sp_update_coniq_location_group",
				"type": "SqlServerStoredProcedure",
				"dependsOn": [
					{
						"activity": "sp_insert_coniq_location_group",
						"dependencyConditions": [
							"Succeeded"
						]
					}
				],
				"policy": {
					"timeout": "7.00:00:00",
					"retry": 0,
					"retryIntervalInSeconds": 30,
					"secureOutput": false,
					"secureInput": false
				},
				"userProperties": [],
				"typeProperties": {
					"storedProcedureName": "[dbo].[sp_update_coniq_location_group]"
				},
				"linkedServiceName": {
					"referenceName": "SQLDataWarehouse",
					"type": "LinkedServiceReference"
				}
			},
			{
				"name": "sp_update_coniq_location_groupFailure",
				"type": "WebActivity",
				"dependsOn": [
					{
						"activity": "sp_update_coniq_location_group",
						"dependencyConditions": [
							"Failed"
						]
					}
				],
				"policy": {
					"timeout": "7.00:00:00",
					"retry": 0,
					"retryIntervalInSeconds": 30,
					"secureOutput": false,
					"secureInput": false
				},
				"userProperties": [],
				"typeProperties": {
					"url": "https://prod-17.northeurope.logic.azure.com:443/workflows/b5b00e5596e94affb317290e4964e4a4/triggers/manual/paths/invoke?api-version=2016-10-01&sp=%2Ftriggers%2Fmanual%2Frun&sv=1.0&sig=55j9tHX1WsutSx6HqYyFcX80ICAhwCoE06KuGGetqb8",
					"method": "POST",
					"headers": {
						"Content-Type": "application/json"
					},
					"body": {
						"activity": "sp_update_coniq_location_group",
						"message": "@{activity('sp_update_coniq_location_group').error.message}",
						"dataFactoryName": "@{pipeline().DataFactory}",
						"pipelineName": "@{pipeline().Pipeline}",
						"FailureNotificationRecipient": "@pipeline().parameters.FailureNotificationRecipient"
					}
				}
			},
			{
				"name": "sp_insert_coniq_location_group_map",
				"type": "SqlServerStoredProcedure",
				"dependsOn": [
					{
						"activity": "ConiqLocationGroupsLocationGroupsMapLoad",
						"dependencyConditions": [
							"Succeeded"
						]
					}
				],
				"policy": {
					"timeout": "7.00:00:00",
					"retry": 0,
					"retryIntervalInSeconds": 30,
					"secureOutput": false,
					"secureInput": false
				},
				"userProperties": [],
				"typeProperties": {
					"storedProcedureName": "[dbo].[sp_insert_coniq_location_group_map]"
				},
				"linkedServiceName": {
					"referenceName": "SQLDataWarehouse",
					"type": "LinkedServiceReference"
				}
			},
			{
				"name": "sp_insert_coniq_location_group_mapFailure",
				"type": "WebActivity",
				"dependsOn": [
					{
						"activity": "sp_insert_coniq_location_group_map",
						"dependencyConditions": [
							"Failed"
						]
					}
				],
				"policy": {
					"timeout": "7.00:00:00",
					"retry": 0,
					"retryIntervalInSeconds": 30,
					"secureOutput": false,
					"secureInput": false
				},
				"userProperties": [],
				"typeProperties": {
					"url": "https://prod-17.northeurope.logic.azure.com:443/workflows/b5b00e5596e94affb317290e4964e4a4/triggers/manual/paths/invoke?api-version=2016-10-01&sp=%2Ftriggers%2Fmanual%2Frun&sv=1.0&sig=55j9tHX1WsutSx6HqYyFcX80ICAhwCoE06KuGGetqb8",
					"method": "POST",
					"headers": {
						"Content-Type": "application/json"
					},
					"body": {
						"activity": "sp_insert_coniq_location_group_map",
						"message": "@{activity('sp_insert_coniq_location_group_map').error.message}",
						"dataFactoryName": "@{pipeline().DataFactory}",
						"pipelineName": "@{pipeline().Pipeline}",
						"FailureNotificationRecipient": "@pipeline().parameters.FailureNotificationRecipient"
					}
				}
			}
		],
		"parameters": {
			"FailureNotificationRecipient": {
				"type": "String",
				"defaultValue": "data.platform@mcarthurglen.com"
			},
			"coniq_api_key": {
				"type": "String",
				"defaultValue": "ApiKey key=\"3a3d6812c3564b3e6d29d2adaa0a1a00257f9a75\""
			},
			"request_name": {
				"type": "String",
				"defaultValue": "locationgroups"
			}
		},
		"folder": {
			"name": "Coniq"
		},
		"annotations": []
	},
	"type": "Microsoft.DataFactory/factories/pipelines"
}