{
	"name": "Coniq",
	"properties": {
		"activities": [
			{
				"name": "Start",
				"type": "Wait",
				"dependsOn": [],
				"userProperties": [],
				"typeProperties": {
					"waitTimeInSeconds": 1
				}
			},
			{
				"name": "ConiqBarcodes",
				"type": "ExecutePipeline",
				"dependsOn": [
					{
						"activity": "ConiqTransactions",
						"dependencyConditions": [
							"Succeeded"
						]
					}
				],
				"userProperties": [],
				"typeProperties": {
					"pipeline": {
						"referenceName": "ConiqBarcodes",
						"type": "PipelineReference"
					},
					"waitOnCompletion": true
				}
			},
			{
				"name": "ConiqLocations",
				"type": "ExecutePipeline",
				"dependsOn": [
					{
						"activity": "ConiqTransactions",
						"dependencyConditions": [
							"Succeeded"
						]
					}
				],
				"userProperties": [],
				"typeProperties": {
					"pipeline": {
						"referenceName": "ConiqLocations",
						"type": "PipelineReference"
					},
					"waitOnCompletion": true
				}
			},
			{
				"name": "ConiqLocationGroups",
				"type": "ExecutePipeline",
				"dependsOn": [
					{
						"activity": "ConiqLocations",
						"dependencyConditions": [
							"Succeeded"
						]
					}
				],
				"userProperties": [],
				"typeProperties": {
					"pipeline": {
						"referenceName": "ConiqLocationGroups",
						"type": "PipelineReference"
					},
					"waitOnCompletion": true
				}
			},
			{
				"name": "ConiqOffers",
				"type": "ExecutePipeline",
				"dependsOn": [
					{
						"activity": "ConiqTransactions",
						"dependencyConditions": [
							"Succeeded"
						]
					}
				],
				"userProperties": [],
				"typeProperties": {
					"pipeline": {
						"referenceName": "ConiqOffers",
						"type": "PipelineReference"
					},
					"waitOnCompletion": true
				}
			},
			{
				"name": "ConiqTransactions",
				"type": "ExecutePipeline",
				"dependsOn": [
					{
						"activity": "Start",
						"dependencyConditions": [
							"Succeeded"
						]
					}
				],
				"userProperties": [],
				"typeProperties": {
					"pipeline": {
						"referenceName": "ConiqTransactions",
						"type": "PipelineReference"
					},
					"waitOnCompletion": true
				}
			},
			{
				"name": "ConiqReporting",
				"type": "ExecutePipeline",
				"dependsOn": [
					{
						"activity": "ConiqLocationGroups",
						"dependencyConditions": [
							"Succeeded"
						]
					},
					{
						"activity": "ConiqOffers",
						"dependencyConditions": [
							"Succeeded"
						]
					},
					{
						"activity": "ConiqBarcodes",
						"dependencyConditions": [
							"Succeeded"
						]
					},
					{
						"activity": "ConiqCustomersByDate",
						"dependencyConditions": [
							"Succeeded"
						]
					}
				],
				"userProperties": [],
				"typeProperties": {
					"pipeline": {
						"referenceName": "ConiqReporting",
						"type": "PipelineReference"
					},
					"waitOnCompletion": true
				}
			},
			{
				"name": "ConiqCustomersByDate",
				"type": "ExecutePipeline",
				"dependsOn": [
					{
						"activity": "ConiqTransactions",
						"dependencyConditions": [
							"Succeeded"
						]
					}
				],
				"userProperties": [],
				"typeProperties": {
					"pipeline": {
						"referenceName": "ConiqCustomersByDate",
						"type": "PipelineReference"
					},
					"waitOnCompletion": true
				}
			}
		],
		"folder": {
			"name": "Coniq"
		},
		"annotations": []
	},
	"type": "Microsoft.DataFactory/factories/pipelines"
}