{
	"name": "DarkSkyAPI_APIKey3OLD",
	"properties": {
		"activities": [
			{
				"name": "GetLocationsAndDates",
				"type": "Lookup",
				"dependsOn": [],
				"policy": {
					"timeout": "7.00:00:00",
					"retry": 0,
					"retryIntervalInSeconds": 30,
					"secureOutput": false,
					"secureInput": false
				},
				"userProperties": [],
				"typeProperties": {
					"source": {
						"type": "SqlDWSource",
						"sqlReaderQuery": {
							"value": "WITH _dates AS\n(SELECT DISTINCT ca._date, l.id AS location_id\nFROM calendar ca\nFULL OUTER JOIN [location].[location] l ON 1=1\nWHERE ca._date >= '2018-01-01'\nAND l.type = 'Centre'\nAND l.id NOT IN (113)\nAND ca._date < CAST(GETDATE() AS DATE)),\n_hours AS\n(SELECT d.location_id,d._date,COUNT(DISTINCT w.time) AS hours_processed\nFROM _dates d\nLEFT JOIN weather.hourly w ON d._date = w._date AND d.location_id = w.location_id\nGROUP BY d.location_id,d._date),\ndays_and_hours AS (\nSELECT l.id AS location_id,\n       l.latitude,\n       l.longitude,\n       CONVERT(VARCHAR(10), ca._date, 112) AS yyyymmdd,\n       CONCAT(@{pipeline().parameters.dark_sky_api_key},'/',l.latitude,',',l.longitude,',',ca.unix_timestamp,'?exclude=currently,minutely,alerts&units=uk2') as relative_url\nFROM _dates da\nLEFT JOIN weather.daily wd ON da._date = wd._date AND da.location_id = wd.location_id\nLEFT JOIN [location].[location] l ON da.location_id = l.id\nLEFT JOIN calendar ca ON da._date = ca._date\nWHERE wd._date IS NULL\n/*UNION\nSELECT l.id AS location_id,\n       l.latitude,\n       l.longitude,\n       CONVERT(VARCHAR(10), ca._date, 112) AS yyyymmdd,\n       CONCAT(@{pipeline().parameters.dark_sky_api_key},'/',l.latitude,',',l.longitude,',',ca.unix_timestamp,'?exclude=currently,minutely,alerts&units=uk2') as relative_url\nFROM _hours h\nLEFT JOIN weather.hourly wh ON h._date = wh._date AND h.location_id = wh.location_id\nLEFT JOIN [location].[location] l ON h.location_id = l.id\nLEFT JOIN calendar ca ON h._date = ca._date\nWHERE (wh._date IS NULL OR COALESCE(h.hours_processed,0) < 24)*/\n)\nSELECT TOP 900 *\nFROM days_and_hours\nORDER BY 4 DESC;",
							"type": "Expression"
						}
					},
					"dataset": {
						"referenceName": "SQLDataWarehouse_location_location",
						"type": "DatasetReference"
					},
					"firstRowOnly": false
				}
			},
			{
				"name": "ForEachLocationAndDate",
				"type": "ForEach",
				"dependsOn": [
					{
						"activity": "GetLocationsAndDates",
						"dependencyConditions": [
							"Succeeded"
						]
					}
				],
				"userProperties": [],
				"typeProperties": {
					"items": {
						"value": "@activity('GetLocationsAndDates').output.value",
						"type": "Expression"
					},
					"isSequential": true,
					"activities": [
						{
							"name": "DarkSkyAPIGetRequest",
							"type": "Copy",
							"dependsOn": [],
							"policy": {
								"timeout": "7.00:00:00",
								"retry": 0,
								"retryIntervalInSeconds": 30,
								"secureOutput": false,
								"secureInput": false
							},
							"userProperties": [],
							"typeProperties": {
								"source": {
									"type": "RestSource",
									"httpRequestTimeout": "00:01:40",
									"requestInterval": "00.00:00:00.010"
								},
								"sink": {
									"type": "BlobSink"
								},
								"enableStaging": false,
								"dataIntegrationUnits": 0
							},
							"inputs": [
								{
									"referenceName": "DarkSkyAPIGetRequest",
									"type": "DatasetReference",
									"parameters": {
										"relative_url": {
											"value": "@{item().relative_url} ",
											"type": "Expression"
										}
									}
								}
							],
							"outputs": [
								{
									"referenceName": "BlobStorageDarkSkyOutput",
									"type": "DatasetReference",
									"parameters": {
										"location_id": {
											"value": "@{item().location_id}",
											"type": "Expression"
										},
										"yyyymmdd": {
											"value": "@{item().yyyymmdd}",
											"type": "Expression"
										}
									}
								}
							]
						}
					]
				}
			},
			{
				"name": "CopyDarkSkyDataHourly",
				"type": "Copy",
				"dependsOn": [
					{
						"activity": "ForEachLocationAndDate",
						"dependencyConditions": [
							"Succeeded"
						]
					}
				],
				"policy": {
					"timeout": "7.00:00:00",
					"retry": 0,
					"retryIntervalInSeconds": 30,
					"secureOutput": false,
					"secureInput": false
				},
				"userProperties": [],
				"typeProperties": {
					"source": {
						"type": "BlobSource",
						"recursive": true
					},
					"sink": {
						"type": "SqlDWSink",
						"allowPolyBase": true,
						"writeBatchSize": 10000,
						"preCopyScript": "TRUNCATE TABLE staging.dark_sky_hourly;",
						"polyBaseSettings": {
							"rejectValue": 0,
							"rejectType": "value",
							"useTypeDefault": false
						}
					},
					"enableStaging": true,
					"stagingSettings": {
						"linkedServiceName": {
							"referenceName": "dataplatformstoragearea",
							"type": "LinkedServiceReference"
						},
						"enableCompression": true
					},
					"enableSkipIncompatibleRow": false,
					"dataIntegrationUnits": 0,
					"translator": {
						"type": "TabularTranslator",
						"columnMappings": {
							"apparentTemperature": "apparent_temperature",
							"cloudCover": "cloud_cover",
							"dewPoint": "dew_point",
							"humidity": "humidity",
							"latitude": "latitude",
							"longitude": "longitude",
							"offset": "offset",
							"ozone": "ozone",
							"precipIntensity": "precip_intensity",
							"precipProbability": "precip_probability",
							"precipType": "precip_type",
							"pressure": "pressure",
							"summary": "summary",
							"temperature": "temperature",
							"time": "time",
							"uvIndex": "uv_index",
							"visibility": "visibility",
							"windBearing": "wind_bearing",
							"windGust": "wind_gust",
							"windSpeed": "wind_speed"
						}
					}
				},
				"inputs": [
					{
						"referenceName": "BlobStorageDarkSkyHourly",
						"type": "DatasetReference"
					}
				],
				"outputs": [
					{
						"referenceName": "SQLDataWarehouse_staging_dark_sky_hourly",
						"type": "DatasetReference"
					}
				]
			},
			{
				"name": "CopyDarkSkyDataDaily",
				"type": "Copy",
				"dependsOn": [
					{
						"activity": "CopyDarkSkyDataHourly",
						"dependencyConditions": [
							"Succeeded"
						]
					}
				],
				"policy": {
					"timeout": "7.00:00:00",
					"retry": 0,
					"retryIntervalInSeconds": 30,
					"secureOutput": false,
					"secureInput": false
				},
				"userProperties": [],
				"typeProperties": {
					"source": {
						"type": "BlobSource",
						"recursive": true
					},
					"sink": {
						"type": "SqlDWSink",
						"allowPolyBase": true,
						"writeBatchSize": 10000,
						"preCopyScript": "TRUNCATE TABLE staging.dark_sky_daily;",
						"polyBaseSettings": {
							"rejectValue": 0,
							"rejectType": "value",
							"useTypeDefault": false
						}
					},
					"enableStaging": true,
					"stagingSettings": {
						"linkedServiceName": {
							"referenceName": "dataplatformstoragearea",
							"type": "LinkedServiceReference"
						},
						"enableCompression": true
					},
					"dataIntegrationUnits": 0,
					"translator": {
						"type": "TabularTranslator",
						"columnMappings": {
							"apparentTemperatureHigh": "apparent_temperature_high",
							"apparentTemperatureHighTime": "apparent_temperature_high_time",
							"apparentTemperatureLow": "apparent_temperature_low",
							"apparentTemperatureLowTime": "apparent_temperature_low_time",
							"apparentTemperatureMax": "apparent_temperature_max",
							"apparentTemperatureMaxTime": "apparent_temperature_max_time",
							"apparentTemperatureMin": "apparent_temperature_min",
							"apparentTemperatureMinTime": "apparent_temperature_min_time",
							"cloudCover": "cloud_cover",
							"dewPoint": "dew_point",
							"humidity": "humidity",
							"latitude": "latitude",
							"longitude": "longitude",
							"moonPhase": "moon_phase",
							"offset": "offset",
							"ozone": "ozone",
							"precipIntensity": "precip_intensity",
							"precipIntensityMax": "precip_intensity_max",
							"precipIntensityMaxTime": "precip_intensity_max_time",
							"precipProbability": "precip_probability",
							"precipType": "precip_type",
							"pressure": "pressure",
							"summary": "summary",
							"sunriseTime": "sunrise_time",
							"sunsetTime": "sunset_time",
							"temperatureHigh": "temperature_high",
							"temperatureHighTime": "temperature_high_time",
							"temperatureLow": "temperature_low",
							"temperatureLowTime": "temperature_low_time",
							"temperatureMax": "temperature_max",
							"temperatureMaxTime": "temperature_max_time",
							"temperatureMin": "temperature_min",
							"temperatureMinTime": "temperature_min_time",
							"time": "time",
							"uvIndex": "uv_index",
							"uvIndexTime": "uv_index_time",
							"visibility": "visibility",
							"windBearing": "wind_bearing",
							"windGust": "wind_gust",
							"windGustTime": "wind_gust_time",
							"windSpeed": "wind_speed"
						}
					}
				},
				"inputs": [
					{
						"referenceName": "BlobStorageDarkSkyDaily",
						"type": "DatasetReference"
					}
				],
				"outputs": [
					{
						"referenceName": "SQLDataWarehouse_staging_dark_sky_daily",
						"type": "DatasetReference"
					}
				]
			},
			{
				"name": "sp_insert_weather_hourly",
				"type": "SqlServerStoredProcedure",
				"dependsOn": [
					{
						"activity": "CopyDarkSkyDataHourly",
						"dependencyConditions": [
							"Succeeded"
						]
					}
				],
				"policy": {
					"timeout": "7.00:00:00",
					"retry": 0,
					"retryIntervalInSeconds": 30,
					"secureOutput": false,
					"secureInput": false
				},
				"userProperties": [],
				"typeProperties": {
					"storedProcedureName": "[dbo].[sp_insert_weather_hourly]"
				},
				"linkedServiceName": {
					"referenceName": "SQLDataWarehouse",
					"type": "LinkedServiceReference"
				}
			},
			{
				"name": "sp_insert_weather_daily",
				"type": "SqlServerStoredProcedure",
				"dependsOn": [
					{
						"activity": "CopyDarkSkyDataDaily",
						"dependencyConditions": [
							"Succeeded"
						]
					}
				],
				"policy": {
					"timeout": "7.00:00:00",
					"retry": 0,
					"retryIntervalInSeconds": 30,
					"secureOutput": false,
					"secureInput": false
				},
				"userProperties": [],
				"typeProperties": {
					"storedProcedureName": "[dbo].[sp_insert_weather_daily]"
				},
				"linkedServiceName": {
					"referenceName": "SQLDataWarehouse",
					"type": "LinkedServiceReference"
				}
			},
			{
				"name": "GetLocationsAndDatesFailure",
				"type": "WebActivity",
				"dependsOn": [
					{
						"activity": "GetLocationsAndDates",
						"dependencyConditions": [
							"Failed"
						]
					}
				],
				"policy": {
					"timeout": "7.00:00:00",
					"retry": 0,
					"retryIntervalInSeconds": 30,
					"secureOutput": false,
					"secureInput": false
				},
				"userProperties": [],
				"typeProperties": {
					"url": "https://prod-17.northeurope.logic.azure.com:443/workflows/b5b00e5596e94affb317290e4964e4a4/triggers/manual/paths/invoke?api-version=2016-10-01&sp=%2Ftriggers%2Fmanual%2Frun&sv=1.0&sig=55j9tHX1WsutSx6HqYyFcX80ICAhwCoE06KuGGetqb8",
					"method": "POST",
					"headers": {
						"Content-Type": "application/json"
					},
					"body": {
						"activity": "GetLocationsAndDates",
						"message": "@{activity('GetLocationsAndDates').error.message}",
						"dataFactoryName": "@{pipeline().DataFactory}",
						"pipelineName": "@{pipeline().Pipeline}",
						"FailureNotificationRecipient": "@pipeline().parameters.FailureNotificationRecipient"
					}
				}
			},
			{
				"name": "ForEachLocationAndDateFailure",
				"type": "WebActivity",
				"dependsOn": [
					{
						"activity": "ForEachLocationAndDate",
						"dependencyConditions": [
							"Failed"
						]
					}
				],
				"policy": {
					"timeout": "7.00:00:00",
					"retry": 0,
					"retryIntervalInSeconds": 30,
					"secureOutput": false,
					"secureInput": false
				},
				"userProperties": [],
				"typeProperties": {
					"url": "https://prod-17.northeurope.logic.azure.com:443/workflows/b5b00e5596e94affb317290e4964e4a4/triggers/manual/paths/invoke?api-version=2016-10-01&sp=%2Ftriggers%2Fmanual%2Frun&sv=1.0&sig=55j9tHX1WsutSx6HqYyFcX80ICAhwCoE06KuGGetqb8",
					"method": "POST",
					"headers": {
						"Content-Type": "application/json"
					},
					"body": {
						"activity": "ForEachLocationAndDate",
						"message": "@{activity('ForEachLocationAndDate').error.message}",
						"dataFactoryName": "@{pipeline().DataFactory}",
						"pipelineName": "@{pipeline().Pipeline}",
						"FailureNotificationRecipient": "@pipeline().parameters.FailureNotificationRecipient"
					}
				}
			},
			{
				"name": "CopyDarkSkyDataHourlyFailure",
				"type": "WebActivity",
				"dependsOn": [
					{
						"activity": "CopyDarkSkyDataHourly",
						"dependencyConditions": [
							"Failed"
						]
					}
				],
				"policy": {
					"timeout": "7.00:00:00",
					"retry": 0,
					"retryIntervalInSeconds": 30,
					"secureOutput": false,
					"secureInput": false
				},
				"userProperties": [],
				"typeProperties": {
					"url": "https://prod-17.northeurope.logic.azure.com:443/workflows/b5b00e5596e94affb317290e4964e4a4/triggers/manual/paths/invoke?api-version=2016-10-01&sp=%2Ftriggers%2Fmanual%2Frun&sv=1.0&sig=55j9tHX1WsutSx6HqYyFcX80ICAhwCoE06KuGGetqb8",
					"method": "POST",
					"headers": {
						"Content-Type": "application/json"
					},
					"body": {
						"activity": "CopyDarkSkyDataHourly",
						"message": "@{activity('CopyDarkSkyDataHourly').error.message}",
						"dataFactoryName": "@{pipeline().DataFactory}",
						"pipelineName": "@{pipeline().Pipeline}",
						"FailureNotificationRecipient": "@pipeline().parameters.FailureNotificationRecipient"
					}
				}
			},
			{
				"name": "CopyDarkSkyDataDailyFailure",
				"type": "WebActivity",
				"dependsOn": [
					{
						"activity": "CopyDarkSkyDataDaily",
						"dependencyConditions": [
							"Failed"
						]
					}
				],
				"policy": {
					"timeout": "7.00:00:00",
					"retry": 0,
					"retryIntervalInSeconds": 30,
					"secureOutput": false,
					"secureInput": false
				},
				"userProperties": [],
				"typeProperties": {
					"url": "https://prod-17.northeurope.logic.azure.com:443/workflows/b5b00e5596e94affb317290e4964e4a4/triggers/manual/paths/invoke?api-version=2016-10-01&sp=%2Ftriggers%2Fmanual%2Frun&sv=1.0&sig=55j9tHX1WsutSx6HqYyFcX80ICAhwCoE06KuGGetqb8",
					"method": "POST",
					"headers": {
						"Content-Type": "application/json"
					},
					"body": {
						"activity": "CopyDarkSkyDataDaily",
						"message": "@{activity('CopyDarkSkyDataDaily').error.message}",
						"dataFactoryName": "@{pipeline().DataFactory}",
						"pipelineName": "@{pipeline().Pipeline}",
						"FailureNotificationRecipient": "@pipeline().parameters.FailureNotificationRecipient"
					}
				}
			},
			{
				"name": "sp_insert_weather_hourlyFailure",
				"type": "WebActivity",
				"dependsOn": [
					{
						"activity": "sp_insert_weather_hourly",
						"dependencyConditions": [
							"Failed"
						]
					}
				],
				"policy": {
					"timeout": "7.00:00:00",
					"retry": 0,
					"retryIntervalInSeconds": 30,
					"secureOutput": false,
					"secureInput": false
				},
				"userProperties": [],
				"typeProperties": {
					"url": "https://prod-17.northeurope.logic.azure.com:443/workflows/b5b00e5596e94affb317290e4964e4a4/triggers/manual/paths/invoke?api-version=2016-10-01&sp=%2Ftriggers%2Fmanual%2Frun&sv=1.0&sig=55j9tHX1WsutSx6HqYyFcX80ICAhwCoE06KuGGetqb8",
					"method": "POST",
					"headers": {
						"Content-Type": "application/json"
					},
					"body": {
						"activity": "sp_insert_weather_hourly",
						"message": "@{activity('sp_insert_weather_hourly').error.message}",
						"dataFactoryName": "@{pipeline().DataFactory}",
						"pipelineName": "@{pipeline().Pipeline}",
						"FailureNotificationRecipient": "@pipeline().parameters.FailureNotificationRecipient"
					}
				}
			},
			{
				"name": "sp_insert_weather_dailyFailure",
				"type": "WebActivity",
				"dependsOn": [
					{
						"activity": "sp_insert_weather_daily",
						"dependencyConditions": [
							"Failed"
						]
					}
				],
				"policy": {
					"timeout": "7.00:00:00",
					"retry": 0,
					"retryIntervalInSeconds": 30,
					"secureOutput": false,
					"secureInput": false
				},
				"userProperties": [],
				"typeProperties": {
					"url": "https://prod-17.northeurope.logic.azure.com:443/workflows/b5b00e5596e94affb317290e4964e4a4/triggers/manual/paths/invoke?api-version=2016-10-01&sp=%2Ftriggers%2Fmanual%2Frun&sv=1.0&sig=55j9tHX1WsutSx6HqYyFcX80ICAhwCoE06KuGGetqb8",
					"method": "POST",
					"headers": {
						"Content-Type": "application/json"
					},
					"body": {
						"activity": "sp_insert_weather_daily",
						"message": "@{activity('sp_insert_weather_daily').error.message}",
						"dataFactoryName": "@{pipeline().DataFactory}",
						"pipelineName": "@{pipeline().Pipeline}",
						"FailureNotificationRecipient": "@pipeline().parameters.FailureNotificationRecipient"
					}
				}
			}
		],
		"parameters": {
			"dark_sky_api_key": {
				"type": "String",
				"defaultValue": "'0c3f5bb7077fe56bcc13d5172a4880e1'"
			},
			"FailureNotificationRecipient": {
				"type": "String",
				"defaultValue": "data.platform@mcarthurglen.com"
			}
		},
		"folder": {
			"name": "Weather"
		},
		"annotations": []
	},
	"type": "Microsoft.DataFactory/factories/pipelines"
}