{
	"name": "DarkSkyAPIReporting",
	"properties": {
		"activities": [
			{
				"name": "sp_insert_reporting_weather_dailyFailure",
				"type": "WebActivity",
				"dependsOn": [
					{
						"activity": "sp_insert_reporting_weather_daily",
						"dependencyConditions": [
							"Failed"
						]
					}
				],
				"policy": {
					"timeout": "7.00:00:00",
					"retry": 0,
					"retryIntervalInSeconds": 30,
					"secureOutput": false,
					"secureInput": false
				},
				"userProperties": [],
				"typeProperties": {
					"url": "https://prod-17.northeurope.logic.azure.com:443/workflows/b5b00e5596e94affb317290e4964e4a4/triggers/manual/paths/invoke?api-version=2016-10-01&sp=%2Ftriggers%2Fmanual%2Frun&sv=1.0&sig=55j9tHX1WsutSx6HqYyFcX80ICAhwCoE06KuGGetqb8",
					"method": "POST",
					"headers": {
						"Content-Type": "application/json"
					},
					"body": {
						"activity": "sp_insert_reporting_weather_daily",
						"message": "@{activity('sp_insert_reporting_weather_daily').error.message}",
						"dataFactoryName": "@{pipeline().DataFactory}",
						"pipelineName": "@{pipeline().Pipeline}",
						"FailureNotificationRecipient": "@pipeline().parameters.FailureNotificationRecipient"
					}
				}
			},
			{
				"name": "sp_insert_reporting_weather_daily",
				"type": "SqlServerStoredProcedure",
				"dependsOn": [],
				"policy": {
					"timeout": "7.00:00:00",
					"retry": 0,
					"retryIntervalInSeconds": 30,
					"secureOutput": false,
					"secureInput": false
				},
				"userProperties": [],
				"typeProperties": {
					"storedProcedureName": "[dbo].[sp_insert_reporting_weather_daily]"
				},
				"linkedServiceName": {
					"referenceName": "SQLDataWarehouse",
					"type": "LinkedServiceReference"
				}
			}
		],
		"parameters": {
			"dark_sky_api_key_mag": {
				"type": "String",
				"defaultValue": "'5302b598ffa5b1b9e8d90e4d87eca717'"
			},
			"FailureNotificationRecipient": {
				"type": "String",
				"defaultValue": "data.platform@mcarthurglen.com"
			},
			"dark_sky_api_key_ng": {
				"type": "String",
				"defaultValue": "'64997a8ccbb63eb83af2d9000147ba63'"
			},
			"dark_sky_api_key": {
				"type": "String",
				"defaultValue": "'0c3f5bb7077fe56bcc13d5172a4880e1'"
			}
		},
		"folder": {
			"name": "Weather"
		},
		"annotations": []
	},
	"type": "Microsoft.DataFactory/factories/pipelines"
}