{
	"name": "DarkSkyAPI",
	"properties": {
		"activities": [
			{
				"name": "DarkSkyAPI_APIKey1",
				"type": "ExecutePipeline",
				"dependsOn": [],
				"userProperties": [],
				"typeProperties": {
					"pipeline": {
						"referenceName": "DarkSkyAPI_APIKey1",
						"type": "PipelineReference"
					},
					"waitOnCompletion": true
				}
			},
			{
				"name": "DarkSkyAPI_APIKey2",
				"type": "ExecutePipeline",
				"dependsOn": [
					{
						"activity": "DarkSkyAPI_APIKey1",
						"dependencyConditions": [
							"Succeeded"
						]
					}
				],
				"userProperties": [],
				"typeProperties": {
					"pipeline": {
						"referenceName": "DarkSkyAPI_APIKey2",
						"type": "PipelineReference"
					},
					"waitOnCompletion": true
				}
			},
			{
				"name": "DarkSkyAPI_APIKey3",
				"type": "ExecutePipeline",
				"dependsOn": [
					{
						"activity": "DarkSkyAPI_APIKey2",
						"dependencyConditions": [
							"Succeeded"
						]
					}
				],
				"userProperties": [],
				"typeProperties": {
					"pipeline": {
						"referenceName": "DarkSkyAPI_APIKey3",
						"type": "PipelineReference"
					},
					"waitOnCompletion": true
				}
			},
			{
				"name": "DarkSkyAPIReporting",
				"type": "ExecutePipeline",
				"dependsOn": [
					{
						"activity": "DarkSkyAPI_APIKey3",
						"dependencyConditions": [
							"Succeeded"
						]
					}
				],
				"userProperties": [],
				"typeProperties": {
					"pipeline": {
						"referenceName": "DarkSkyAPIReporting",
						"type": "PipelineReference"
					},
					"waitOnCompletion": true
				}
			}
		],
		"folder": {
			"name": "Weather"
		},
		"annotations": []
	},
	"type": "Microsoft.DataFactory/factories/pipelines"
}