{
	"name": "DatabaseSize",
	"properties": {
		"activities": [
			{
				"name": "DatabaseSizeInGB",
				"type": "Lookup",
				"dependsOn": [],
				"policy": {
					"timeout": "7.00:00:00",
					"retry": 0,
					"retryIntervalInSeconds": 30,
					"secureOutput": false,
					"secureInput": false
				},
				"userProperties": [],
				"typeProperties": {
					"source": {
						"type": "SqlDWSource",
						"sqlReaderQuery": "SELECT CONVERT(BIGINT, DATABASEPROPERTYEX('data-plaform-sql-data-warehouse', 'MaxSizeInBytes'))/1024/1024/1024 AS DatabaseSizeInGB"
					},
					"dataset": {
						"referenceName": "SQLDataWarehouse",
						"type": "DatasetReference"
					},
					"firstRowOnly": false
				}
			},
			{
				"name": "EmailDatabaseSizeInGB",
				"type": "WebActivity",
				"dependsOn": [
					{
						"activity": "DatabaseSizeInGB",
						"dependencyConditions": [
							"Succeeded"
						]
					}
				],
				"policy": {
					"timeout": "7.00:00:00",
					"retry": 0,
					"retryIntervalInSeconds": 30,
					"secureOutput": false,
					"secureInput": false
				},
				"userProperties": [],
				"typeProperties": {
					"url": "https://prod-27.northeurope.logic.azure.com:443/workflows/c60713f975e749908f906a68b22e938b/triggers/manual/paths/invoke?api-version=2016-10-01&sp=%2Ftriggers%2Fmanual%2Frun&sv=1.0&sig=ztJz5MZLxS61TLzOGQk6SRPuqUwduRX0Y5QY22Q4Jsc",
					"method": "POST",
					"headers": {
						"Content-Type": "application/json"
					},
					"body": {
						"activity": "DatabaseSizeInGB",
						"message": "@{activity('DatabaseSizeInGB').output.Value[0]}",
						"dataFactoryName": "@{pipeline().DataFactory}",
						"Name": "@{pipeline().Pipeline}",
						"NotificationRecipient": "@pipeline().parameters.NotificationRecipient"
					}
				}
			}
		],
		"parameters": {
			"NotificationRecipient": {
				"type": "String",
				"defaultValue": "data.platform@mcarthurglen.com"
			}
		},
		"folder": {
			"name": "Other"
		},
		"annotations": []
	},
	"type": "Microsoft.DataFactory/factories/pipelines"
}