{
	"name": "iAuditor_items",
	"properties": {
		"activities": [
			{
				"name": "iAuditor_items",
				"type": "Copy",
				"dependsOn": [],
				"policy": {
					"timeout": "7.00:00:00",
					"retry": 0,
					"retryIntervalInSeconds": 30,
					"secureOutput": false,
					"secureInput": false
				},
				"userProperties": [
					{
						"name": "Source",
						"value": "iauditor/all/audit_00006F5D7A114CE59AD572E3E878E726.json"
					},
					{
						"name": "Destination",
						"value": "dbo.iAuditori"
					}
				],
				"typeProperties": {
					"source": {
						"type": "BlobSource",
						"recursive": true
					},
					"sink": {
						"type": "SqlDWSink",
						"allowPolyBase": false
					},
					"enableStaging": false,
					"translator": {
						"type": "TabularTranslator",
						"mappings": [
							{
								"source": {
									"name": "template_id",
									"type": "String"
								},
								"sink": {
									"name": "Template_id",
									"type": "String"
								}
							},
							{
								"source": {
									"name": "audit_id",
									"type": "String"
								},
								"sink": {
									"name": "audit_id",
									"type": "String"
								}
							},
							{
								"source": {
									"name": "archived",
									"type": "Boolean"
								},
								"sink": {
									"name": "archived",
									"type": "String"
								}
							},
							{
								"source": {
									"name": "created_at",
									"type": "String"
								},
								"sink": {
									"name": "created_at",
									"type": "DateTime"
								}
							},
							{
								"source": {
									"name": "modified_at",
									"type": "String"
								},
								"sink": {
									"name": "modified_at",
									"type": "DateTime"
								}
							},
							{
								"source": {
									"name": "audit_data.score",
									"type": "Int64"
								},
								"sink": {
									"name": "audit_data_score",
									"type": "String"
								}
							},
							{
								"source": {
									"name": "audit_data.total_score",
									"type": "Int64"
								},
								"sink": {
									"name": "audit_data_total_score",
									"type": "String"
								}
							},
							{
								"source": {
									"name": "audit_data.score_percentage",
									"type": "Double"
								},
								"sink": {
									"name": "audit_data_score_percentage",
									"type": "String"
								}
							},
							{
								"source": {
									"name": "audit_data.name",
									"type": "String"
								},
								"sink": {
									"name": "audit_data_name",
									"type": "String"
								}
							},
							{
								"source": {
									"name": "audit_data.duration",
									"type": "Int64"
								},
								"sink": {
									"name": "audit_data_duration",
									"type": "String"
								}
							},
							{
								"source": {
									"name": "audit_data.date_completed",
									"type": "String"
								},
								"sink": {
									"name": "audit_data.date_completed",
									"type": "DateTime"
								}
							},
							{
								"source": {
									"name": "audit_data.date_modified",
									"type": "String"
								},
								"sink": {
									"name": "audit_data.date_modified",
									"type": "DateTime"
								}
							},
							{
								"source": {
									"name": "audit_data.date_started",
									"type": "String"
								},
								"sink": {
									"name": "audit_data.date_started",
									"type": "DateTime"
								}
							},
							{
								"source": {
									"name": "audit_data.authorship.device_id",
									"type": "String"
								},
								"sink": {
									"name": "audit_data.authorship.device_id",
									"type": "String"
								}
							},
							{
								"source": {
									"name": "audit_data.authorship.owner",
									"type": "String"
								},
								"sink": {
									"name": "audit_data.authorship.owner",
									"type": "String"
								}
							},
							{
								"source": {
									"name": "audit_data.authorship.owner_id",
									"type": "String"
								},
								"sink": {
									"name": "audit_data.authorship.owner_id",
									"type": "String"
								}
							},
							{
								"source": {
									"name": "audit_data.authorship.author",
									"type": "String"
								},
								"sink": {
									"name": "audit_data.authorship.author",
									"type": "String"
								}
							},
							{
								"source": {
									"name": "audit_data.authorship.author_id",
									"type": "String"
								},
								"sink": {
									"name": "audit_data.authorship.author_id",
									"type": "String"
								}
							},
							{
								"source": {
									"name": "template_data.authorship.device_id",
									"type": "String"
								},
								"sink": {
									"name": "template_data.authorship.device_id",
									"type": "String"
								}
							},
							{
								"source": {
									"name": "template_data.authorship.owner",
									"type": "String"
								},
								"sink": {
									"name": "template_data.authorship.owner",
									"type": "String"
								}
							},
							{
								"source": {
									"name": "template_data.authorship.owner_id",
									"type": "String"
								},
								"sink": {
									"name": "template_data.authorship.owner_id",
									"type": "String"
								}
							},
							{
								"source": {
									"name": "template_data.authorship.author",
									"type": "String"
								},
								"sink": {
									"name": "template_data.authorship.author",
									"type": "String"
								}
							},
							{
								"source": {
									"name": "template_data.authorship.author_id",
									"type": "String"
								},
								"sink": {
									"name": "template_data.authorship.author_id",
									"type": "String"
								}
							},
							{
								"source": {
									"name": "template_data.metadata.description",
									"type": "String"
								},
								"sink": {
									"name": "template_data.metadata.description",
									"type": "String"
								}
							},
							{
								"source": {
									"name": "template_data.metadata.name",
									"type": "String"
								},
								"sink": {
									"name": "template_data.metadata.name",
									"type": "String"
								}
							},
							{
								"source": {
									"name": "item_id",
									"type": "String"
								},
								"sink": {
									"name": "item_id",
									"type": "String"
								}
							},
							{
								"source": {
									"name": "label",
									"type": "String"
								},
								"sink": {
									"name": "label",
									"type": "String"
								}
							},
							{
								"source": {
									"name": "type",
									"type": "String"
								},
								"sink": {
									"name": "type",
									"type": "String"
								}
							},
							{
								"source": {
									"name": "scoring",
									"type": "String"
								},
								"sink": {
									"name": "scoring",
									"type": "String"
								}
							},
							{
								"source": {
									"name": "parent_id",
									"type": "String"
								},
								"sink": {
									"name": "parent_id",
									"type": "String"
								}
							},
							{
								"source": {
									"name": "options"
								},
								"sink": {
									"name": "options",
									"type": "String"
								}
							},
							{
								"source": {
									"name": "responses",
									"type": "String"
								},
								"sink": {
									"name": "responses",
									"type": "String"
								}
							}
						]
					}
				},
				"inputs": [
					{
						"referenceName": "AzureBlob1",
						"type": "DatasetReference"
					}
				],
				"outputs": [
					{
						"referenceName": "AzureSqlDWTable12",
						"type": "DatasetReference"
					}
				]
			},
			{
				"name": "ErrorNotificationEmail",
				"type": "WebActivity",
				"dependsOn": [
					{
						"activity": "iAuditor_items",
						"dependencyConditions": [
							"Failed"
						]
					}
				],
				"policy": {
					"timeout": "7.00:00:00",
					"retry": 0,
					"retryIntervalInSeconds": 30,
					"secureOutput": false,
					"secureInput": false
				},
				"userProperties": [],
				"typeProperties": {
					"url": "https://prod-17.northeurope.logic.azure.com:443/workflows/b5b00e5596e94affb317290e4964e4a4/triggers/manual/paths/invoke?api-version=2016-10-01&sp=%2Ftriggers%2Fmanual%2Frun&sv=1.0&sig=55j9tHX1WsutSx6HqYyFcX80ICAhwCoE06KuGGetqb8",
					"method": "POST",
					"headers": {
						"Content-Type": {
							"value": "application/json",
							"type": "Expression"
						}
					},
					"body": {
						"value": "{\"activity\":\"iAuditor_items\",\"message\":\"@{activity('iAuditor_items').error.message}\",\"dataFactoryName\":\"@{pipeline().DataFactory}\",\"pipelineName\":\"@{pipeline().Pipeline}\",\"FailureNotificationRecipient\":\"@pipeline().parameters.FailureNotificationRecipient\"}",
						"type": "Expression"
					}
				}
			}
		],
		"parameters": {
			"FilePath": {
				"type": "string",
				"defaultValue": "@triggerBody().folderPath"
			},
			"FileName": {
				"type": "string",
				"defaultValue": "@triggerBody().fileName"
			},
			"FailureNotificationRecipient": {
				"type": "string",
				"defaultValue": "data.platform@mcarthurglen.com"
			}
		},
		"folder": {
			"name": "iAuditor"
		},
		"annotations": []
	},
	"type": "Microsoft.DataFactory/factories/pipelines"
}