{
	"name": "IGNORE_AzureMapsAPI",
	"properties": {
		"activities": [
			{
				"name": "GetLocationsAndDates",
				"type": "Lookup",
				"dependsOn": [],
				"policy": {
					"timeout": "7.00:00:00",
					"retry": 0,
					"retryIntervalInSeconds": 30,
					"secureOutput": false,
					"secureInput": false
				},
				"userProperties": [],
				"typeProperties": {
					"source": {
						"type": "SqlDWSource",
						"sqlReaderQuery": {
							"value": "SELECT ca._date, \n       l.id AS location_id,\n       l.latitude,\n       l.longitude,\n       CONVERT(VARCHAR(10), ca._date, 112) AS yyyymmdd,\n       'json?subscription-key=Q3_0x4kAhLNJbN2Yv4SDI_GsuEsotLACiQV05fl36cU&api-version=1.0&timestamp=2016-01-01T12:00:00Z&options=all&query=43.5945,4.99296' AS relative_url\nFROM calendar ca\nCROSS JOIN [location].[location] l\nWHERE ca._date = '2016-01-01'\nAND l.type = 'Centre'\nAND l.id = 1\nAND ca._date < CAST(GETDATE() AS DATE);",
							"type": "Expression"
						}
					},
					"dataset": {
						"referenceName": "SQLDataWarehouse_location_location",
						"type": "DatasetReference"
					},
					"firstRowOnly": false
				}
			},
			{
				"name": "ForEachLocationAndDate",
				"type": "ForEach",
				"dependsOn": [
					{
						"activity": "GetLocationsAndDates",
						"dependencyConditions": [
							"Succeeded"
						]
					}
				],
				"userProperties": [],
				"typeProperties": {
					"items": {
						"value": "@activity('GetLocationsAndDates').output.value",
						"type": "Expression"
					},
					"isSequential": true,
					"activities": [
						{
							"name": "AzureMapsAPIGetRequest",
							"type": "Copy",
							"dependsOn": [],
							"policy": {
								"timeout": "7.00:00:00",
								"retry": 0,
								"retryIntervalInSeconds": 30,
								"secureOutput": false,
								"secureInput": false
							},
							"userProperties": [],
							"typeProperties": {
								"source": {
									"type": "RestSource",
									"httpRequestTimeout": "00:01:40",
									"requestInterval": "00.00:00:00.010"
								},
								"sink": {
									"type": "BlobSink"
								},
								"enableStaging": false,
								"dataIntegrationUnits": 0
							},
							"inputs": [
								{
									"referenceName": "AzureMapsAPIGetRequest",
									"type": "DatasetReference",
									"parameters": {
										"relative_url": {
											"value": "@{item().relative_url} ",
											"type": "Expression"
										}
									}
								}
							],
							"outputs": [
								{
									"referenceName": "BlobStorageAzureMapsOutput",
									"type": "DatasetReference",
									"parameters": {
										"location_id": {
											"value": "@{item().location_id}",
											"type": "Expression"
										},
										"yyyymmdd": {
											"value": "@{item().yyyymmdd}",
											"type": "Expression"
										}
									}
								}
							]
						}
					]
				}
			},
			{
				"name": "CopyAzureMapsData",
				"type": "Copy",
				"dependsOn": [
					{
						"activity": "ForEachLocationAndDate",
						"dependencyConditions": [
							"Succeeded"
						]
					}
				],
				"policy": {
					"timeout": "7.00:00:00",
					"retry": 0,
					"retryIntervalInSeconds": 30,
					"secureOutput": false,
					"secureInput": false
				},
				"userProperties": [],
				"typeProperties": {
					"source": {
						"type": "BlobSource",
						"recursive": true
					},
					"sink": {
						"type": "SqlDWSink",
						"allowPolyBase": true,
						"writeBatchSize": 10000,
						"preCopyScript": "TRUNCATE TABLE staging.azure_maps_timezone;",
						"polyBaseSettings": {
							"rejectValue": 0,
							"rejectType": "value",
							"useTypeDefault": false
						}
					},
					"enableStaging": true,
					"stagingSettings": {
						"linkedServiceName": {
							"referenceName": "dataplatformstoragearea",
							"type": "LinkedServiceReference"
						},
						"enableCompression": true
					},
					"enableSkipIncompatibleRow": false,
					"dataIntegrationUnits": 0,
					"translator": {
						"type": "TabularTranslator",
						"columnMappings": {
							"UtcStart": "UtcStart"
						}
					}
				},
				"inputs": [
					{
						"referenceName": "BlobStorageAzureMapsDaily",
						"type": "DatasetReference"
					}
				],
				"outputs": [
					{
						"referenceName": "SQLDataWarehouse_staging_azure_maps_timezone",
						"type": "DatasetReference"
					}
				]
			},
			{
				"name": "GetLocationsAndDatesFailure",
				"type": "WebActivity",
				"dependsOn": [
					{
						"activity": "GetLocationsAndDates",
						"dependencyConditions": [
							"Failed"
						]
					}
				],
				"policy": {
					"timeout": "7.00:00:00",
					"retry": 0,
					"retryIntervalInSeconds": 30,
					"secureOutput": false,
					"secureInput": false
				},
				"userProperties": [],
				"typeProperties": {
					"url": "https://prod-17.northeurope.logic.azure.com:443/workflows/b5b00e5596e94affb317290e4964e4a4/triggers/manual/paths/invoke?api-version=2016-10-01&sp=%2Ftriggers%2Fmanual%2Frun&sv=1.0&sig=55j9tHX1WsutSx6HqYyFcX80ICAhwCoE06KuGGetqb8",
					"method": "POST",
					"headers": {
						"Content-Type": "application/json"
					},
					"body": {
						"activity": "GetLocationsAndDates",
						"message": "@{activity('GetLocationsAndDates').error.message}",
						"dataFactoryName": "@{pipeline().DataFactory}",
						"pipelineName": "@{pipeline().Pipeline}",
						"FailureNotificationRecipient": "@pipeline().parameters.FailureNotificationRecipient"
					}
				}
			},
			{
				"name": "ForEachLocationAndDateFailure",
				"type": "WebActivity",
				"dependsOn": [
					{
						"activity": "ForEachLocationAndDate",
						"dependencyConditions": [
							"Failed"
						]
					}
				],
				"policy": {
					"timeout": "7.00:00:00",
					"retry": 0,
					"retryIntervalInSeconds": 30,
					"secureOutput": false,
					"secureInput": false
				},
				"userProperties": [],
				"typeProperties": {
					"url": "https://prod-17.northeurope.logic.azure.com:443/workflows/b5b00e5596e94affb317290e4964e4a4/triggers/manual/paths/invoke?api-version=2016-10-01&sp=%2Ftriggers%2Fmanual%2Frun&sv=1.0&sig=55j9tHX1WsutSx6HqYyFcX80ICAhwCoE06KuGGetqb8",
					"method": "POST",
					"headers": {
						"Content-Type": "application/json"
					},
					"body": {
						"activity": "ForEachLocationAndDate",
						"message": "@{activity('ForEachLocationAndDate').error.message}",
						"dataFactoryName": "@{pipeline().DataFactory}",
						"pipelineName": "@{pipeline().Pipeline}",
						"FailureNotificationRecipient": "@pipeline().parameters.FailureNotificationRecipient"
					}
				}
			},
			{
				"name": "CopyAzureMapsDataFailure",
				"type": "WebActivity",
				"dependsOn": [
					{
						"activity": "CopyAzureMapsData",
						"dependencyConditions": [
							"Failed"
						]
					}
				],
				"policy": {
					"timeout": "7.00:00:00",
					"retry": 0,
					"retryIntervalInSeconds": 30,
					"secureOutput": false,
					"secureInput": false
				},
				"userProperties": [],
				"typeProperties": {
					"url": "https://prod-17.northeurope.logic.azure.com:443/workflows/b5b00e5596e94affb317290e4964e4a4/triggers/manual/paths/invoke?api-version=2016-10-01&sp=%2Ftriggers%2Fmanual%2Frun&sv=1.0&sig=55j9tHX1WsutSx6HqYyFcX80ICAhwCoE06KuGGetqb8",
					"method": "POST",
					"headers": {
						"Content-Type": "application/json"
					},
					"body": {
						"activity": "CopyAzureMapsData",
						"message": "@{activity('CopyAzureMapsData').error.message}",
						"dataFactoryName": "@{pipeline().DataFactory}",
						"pipelineName": "@{pipeline().Pipeline}",
						"FailureNotificationRecipient": "@pipeline().parameters.FailureNotificationRecipient"
					}
				}
			}
		],
		"parameters": {
			"azure_maps_api_key": {
				"type": "String",
				"defaultValue": "'Q3_0x4kAhLNJbN2Yv4SDI_GsuEsotLACiQV05fl36cU'"
			},
			"FailureNotificationRecipient": {
				"type": "String",
				"defaultValue": "neil.gibson@mcarthurglen.com"
			}
		},
		"folder": {
			"name": "Timezones"
		},
		"annotations": []
	},
	"type": "Microsoft.DataFactory/factories/pipelines"
}