{
	"name": "Investment Projects Key Indicators",
	"properties": {
		"activities": [
			{
				"name": "Load_Investment_Projects_Key_Indicators_Data",
				"type": "Copy",
				"dependsOn": [],
				"policy": {
					"timeout": "7.00:00:00",
					"retry": 0,
					"retryIntervalInSeconds": 30,
					"secureOutput": false,
					"secureInput": false
				},
				"userProperties": [
					{
						"name": "Source",
						"value": "uploads//Investment Projects Key Indicators.csv"
					},
					{
						"name": "Destination",
						"value": "[dbo].[InvestmentProjectsKeyIndicators]"
					}
				],
				"typeProperties": {
					"source": {
						"type": "BlobSource",
						"recursive": true
					},
					"sink": {
						"type": "SqlDWSink",
						"allowPolyBase": false
					},
					"enableStaging": false,
					"enableSkipIncompatibleRow": false,
					"translator": {
						"type": "TabularTranslator",
						"mappings": [
							{
								"source": {
									"name": "Property name",
									"type": "String"
								},
								"sink": {
									"name": "Property Name",
									"type": "String"
								}
							},
							{
								"source": {
									"name": "Year end",
									"type": "String"
								},
								"sink": {
									"name": "Year End",
									"type": "String"
								}
							},
							{
								"source": {
									"name": "Area (sqm)",
									"type": "Int32"
								},
								"sink": {
									"name": "Area (sqm)",
									"type": "Int32"
								}
							},
							{
								"source": {
									"name": "Budgeted footfall",
									"type": "Int32"
								},
								"sink": {
									"name": "Budgeted footfall",
									"type": "Int32"
								}
							},
							{
								"source": {
									"name": "Budgeted sales",
									"type": "Int32"
								},
								"sink": {
									"name": "Budgeted Sales",
									"type": "Int32"
								}
							},
							{
								"source": {
									"name": "Density (�psm)",
									"type": "Int16"
								},
								"sink": {
									"name": "Density (€psm)",
									"type": "Int16"
								}
							},
							{
								"source": {
									"name": "Annualised rent",
									"type": "Int32"
								},
								"sink": {
									"name": "Annualised Rent",
									"type": "Int32"
								}
							},
							{
								"source": {
									"name": "Rent (�psm)",
									"type": "Int16"
								},
								"sink": {
									"name": "Rent (€psm)",
									"type": "Int16"
								}
							},
							{
								"source": {
									"name": "Average Occupancy Cost\n(% of Sales)",
									"type": "Decimal"
								},
								"sink": {
									"name": "Average Occupancy Cost (% of Sales)",
									"type": "Decimal"
								}
							},
							{
								"source": {
									"name": "Budgeted Net Operating Profit ",
									"type": "Int32"
								},
								"sink": {
									"name": "Budgeted Net Operating Profit",
									"type": "Int32"
								}
							}
						]
					}
				},
				"inputs": [
					{
						"referenceName": "BlobStorage_Investment_Projects_Key_Indicators",
						"type": "DatasetReference"
					}
				],
				"outputs": [
					{
						"referenceName": "SQLDataWarehouse_Investment_Projects_Key_Indicators",
						"type": "DatasetReference"
					}
				]
			},
			{
				"name": "MoveFilesToSucessBlob",
				"type": "Copy",
				"dependsOn": [
					{
						"activity": "Load_Investment_Projects_Key_Indicators_Data",
						"dependencyConditions": [
							"Succeeded"
						]
					}
				],
				"policy": {
					"timeout": "7.00:00:00",
					"retry": 0,
					"retryIntervalInSeconds": 30,
					"secureOutput": false,
					"secureInput": false
				},
				"userProperties": [],
				"typeProperties": {
					"source": {
						"type": "BlobSource",
						"recursive": false
					},
					"sink": {
						"type": "DelimitedTextSink",
						"storeSettings": {
							"type": "AzureBlobStorageWriteSettings"
						},
						"formatSettings": {
							"type": "DelimitedTextWriteSettings",
							"quoteAllText": true,
							"fileExtension": ".txt"
						}
					},
					"enableStaging": false
				},
				"inputs": [
					{
						"referenceName": "BlobStorage_Investment_Projects_Key_Indicators",
						"type": "DatasetReference"
					}
				],
				"outputs": [
					{
						"referenceName": "Move_Investment_Projects_Key_Indicators",
						"type": "DatasetReference"
					}
				]
			},
			{
				"name": "Remove_Original_Files",
				"type": "Delete",
				"dependsOn": [
					{
						"activity": "MoveFilesToSucessBlob",
						"dependencyConditions": [
							"Succeeded"
						]
					}
				],
				"policy": {
					"timeout": "7.00:00:00",
					"retry": 0,
					"retryIntervalInSeconds": 30,
					"secureOutput": false,
					"secureInput": false
				},
				"userProperties": [],
				"typeProperties": {
					"dataset": {
						"referenceName": "BlobStorage_Investment_Projects_Key_Indicators",
						"type": "DatasetReference"
					},
					"enableLogging": false
				}
			},
			{
				"name": "ErrorNotificationEmail",
				"type": "WebActivity",
				"dependsOn": [
					{
						"activity": "Load_Investment_Projects_Key_Indicators_Data",
						"dependencyConditions": [
							"Failed"
						]
					}
				],
				"policy": {
					"timeout": "7.00:00:00",
					"retry": 0,
					"retryIntervalInSeconds": 30,
					"secureOutput": false,
					"secureInput": false
				},
				"userProperties": [],
				"typeProperties": {
					"url": "https://prod-17.northeurope.logic.azure.com:443/workflows/b5b00e5596e94affb317290e4964e4a4/triggers/manual/paths/invoke?api-version=2016-10-01&sp=%2Ftriggers%2Fmanual%2Frun&sv=1.0&sig=55j9tHX1WsutSx6HqYyFcX80ICAhwCoE06KuGGetqb8",
					"method": "POST",
					"headers": {
						"Content-Type": {
							"value": "application/json",
							"type": "Expression"
						}
					},
					"body": {
						"activity": "Load_Investment_Projects_Key_Indicators_Data",
						"message": "@{activity('Load_Investment_Projects_Key_Indicators_Data').error.message}",
						"dataFactoryName": "@{pipeline().DataFactory}",
						"pipelineName": "@{pipeline().Pipeline}",
						"FailureNotificationRecipient": "@pipeline().parameters.FailureNotificationRecipient"
					}
				}
			}
		],
		"parameters": {
			"FilePath": {
				"type": "string",
				"defaultValue": "@triggerBody().folderPath"
			},
			"FileName": {
				"type": "string",
				"defaultValue": "@triggerBody().fileName"
			},
			"FailureNotificationRecipient": {
				"type": "string",
				"defaultValue": "data.platform@mcarthurglen.com"
			}
		},
		"folder": {
			"name": "Uploads"
		},
		"annotations": []
	},
	"type": "Microsoft.DataFactory/factories/pipelines"
}