{
	"name": "JMAs Raw Data",
	"properties": {
		"activities": [
			{
				"name": "CopyCSVFromBlobStorage",
				"type": "Copy",
				"dependsOn": [],
				"policy": {
					"timeout": "7.00:00:00",
					"retry": 0,
					"retryIntervalInSeconds": 30,
					"secureOutput": false,
					"secureInput": false
				},
				"userProperties": [],
				"typeProperties": {
					"source": {
						"type": "BlobSource",
						"recursive": true
					},
					"sink": {
						"type": "SqlDWSink",
						"allowPolyBase": true,
						"preCopyScript": "TRUNCATE TABLE staging.upload_jmas_raw_data;",
						"polyBaseSettings": {
							"rejectValue": 0,
							"rejectType": "value",
							"useTypeDefault": false
						}
					},
					"enableStaging": true,
					"stagingSettings": {
						"linkedServiceName": {
							"referenceName": "dataplatformstoragearea",
							"type": "LinkedServiceReference"
						},
						"enableCompression": true
					},
					"translator": {
						"type": "TabularTranslator",
						"columnMappings": {
							"Company": "company",
							"Additional Company Name": "additional_company_name",
							"Tour Reference": "tour_reference",
							"BOOKER NAME": "booker_name",
							"TOUR LEADER NAME": "tour_leader_name",
							"CENTRE VISIT": "centre_visit",
							"DATE OF VISIT": "date_of_visit",
							"Month": "month",
							"Month Num": "month_num",
							"Year": "year",
							"TIME OF VISIT": "time_of_visit",
							"WINDOW": "window",
							"PAX": "pax",
							"DATE ADDED": "date_added",
							"COMMENTS": "comments",
							"Nationality": "nationality",
							"fgnMarketID": "fgnmarketid",
							"Investigating": "investigating",
							"No Show/Cancellation": "no_show_cancellation",
							"G2 DO NOT PAY": "g2_do_not_pay",
							"LastUpdated": "lastupdated",
							"Incentive": "incentive",
							"JMA Tracker": "jma_tracker"
						}
					}
				},
				"inputs": [
					{
						"referenceName": "BlobStorageUploadsJMAsRawData",
						"type": "DatasetReference"
					}
				],
				"outputs": [
					{
						"referenceName": "SQLDataWarehouse_staging_upload_jmas_raw_data",
						"type": "DatasetReference"
					}
				]
			},
			{
				"name": "CopyCSVFromBlobStorageFailure",
				"type": "WebActivity",
				"dependsOn": [
					{
						"activity": "CopyCSVFromBlobStorage",
						"dependencyConditions": [
							"Failed"
						]
					}
				],
				"policy": {
					"timeout": "7.00:00:00",
					"retry": 0,
					"retryIntervalInSeconds": 30,
					"secureOutput": false,
					"secureInput": false
				},
				"userProperties": [],
				"typeProperties": {
					"url": "https://prod-17.northeurope.logic.azure.com:443/workflows/b5b00e5596e94affb317290e4964e4a4/triggers/manual/paths/invoke?api-version=2016-10-01&sp=%2Ftriggers%2Fmanual%2Frun&sv=1.0&sig=55j9tHX1WsutSx6HqYyFcX80ICAhwCoE06KuGGetqb8",
					"method": "POST",
					"headers": {
						"Content-Type": "application/json"
					},
					"body": {
						"activity": "CopyCSVFromBlobStorage",
						"message": "@{activity('CopyCSVFromBlobStorage').error.message}",
						"dataFactoryName": "@{pipeline().DataFactory}",
						"pipelineName": "@{pipeline().Pipeline}",
						"FailureNotificationRecipient": "@pipeline().parameters.FailureNotificationRecipient"
					}
				}
			},
			{
				"name": "sp_insert_upload_jmas_raw_data",
				"type": "SqlServerStoredProcedure",
				"dependsOn": [
					{
						"activity": "CopyCSVFromBlobStorage",
						"dependencyConditions": [
							"Succeeded"
						]
					}
				],
				"policy": {
					"timeout": "7.00:00:00",
					"retry": 0,
					"retryIntervalInSeconds": 30,
					"secureOutput": false,
					"secureInput": false
				},
				"userProperties": [],
				"typeProperties": {
					"storedProcedureName": "[dbo].[sp_insert_upload_jmas_raw_data]"
				},
				"linkedServiceName": {
					"referenceName": "SQLDataWarehouse",
					"type": "LinkedServiceReference"
				}
			},
			{
				"name": "sp_insert_upload_jmas_raw_dataFailure",
				"type": "WebActivity",
				"dependsOn": [
					{
						"activity": "sp_insert_upload_jmas_raw_data",
						"dependencyConditions": [
							"Failed"
						]
					}
				],
				"policy": {
					"timeout": "7.00:00:00",
					"retry": 0,
					"retryIntervalInSeconds": 30,
					"secureOutput": false,
					"secureInput": false
				},
				"userProperties": [],
				"typeProperties": {
					"url": "https://prod-17.northeurope.logic.azure.com:443/workflows/b5b00e5596e94affb317290e4964e4a4/triggers/manual/paths/invoke?api-version=2016-10-01&sp=%2Ftriggers%2Fmanual%2Frun&sv=1.0&sig=55j9tHX1WsutSx6HqYyFcX80ICAhwCoE06KuGGetqb8",
					"method": "POST",
					"headers": {
						"Content-Type": "application/json"
					},
					"body": {
						"activity": "sp_insert_upload_jmas_raw_data",
						"message": "@{activity('sp_insert_upload_jmas_raw_data').error.message}",
						"dataFactoryName": "@{pipeline().DataFactory}",
						"pipelineName": "@{pipeline().Pipeline}",
						"FailureNotificationRecipient": "@pipeline().parameters.FailureNotificationRecipient"
					}
				}
			}
		],
		"parameters": {
			"FailureNotificationRecipient": {
				"type": "string",
				"defaultValue": "data.platform@mcarthurglen.com"
			}
		},
		"folder": {
			"name": "Uploads"
		},
		"annotations": []
	},
	"type": "Microsoft.DataFactory/factories/pipelines"
}