{
	"name": "MagNETLegacyProcessSyncDelayNotification",
	"properties": {
		"activities": [
			{
				"name": "LookupDaysSinceMagNETHistoryTablesLastProcessed",
				"type": "Lookup",
				"dependsOn": [],
				"policy": {
					"timeout": "7.00:00:00",
					"retry": 0,
					"retryIntervalInSeconds": 30,
					"secureOutput": false,
					"secureInput": false
				},
				"userProperties": [],
				"typeProperties": {
					"source": {
						"type": "SqlDWSource",
						"sqlReaderQuery": {
							"value": "SELECT DATEDIFF(DAY,CAST(MAX(processed_at) AS DATE),GETDATE()) AS days_since_last_processed\nFROM staging.magnet_process_log;",
							"type": "Expression"
						}
					},
					"dataset": {
						"referenceName": "SQLDataWarehouse",
						"type": "DatasetReference"
					},
					"firstRowOnly": false
				}
			},
			{
				"name": "IfDaysSinceMagNETHistoryTablesLastProcessedEquals3",
				"type": "IfCondition",
				"dependsOn": [
					{
						"activity": "LookupDaysSinceMagNETHistoryTablesLastProcessed",
						"dependencyConditions": [
							"Succeeded"
						]
					}
				],
				"userProperties": [],
				"typeProperties": {
					"expression": {
						"value": "@{equals(activity('LookupDaysSinceMagNETHistoryTablesLastProcessed').output.value[0].days_since_last_processed,3)}",
						"type": "Expression"
					},
					"ifTrueActivities": [
						{
							"name": "SendLookupDaysSinceMagNETHistoryTablesLastPNotification",
							"type": "WebActivity",
							"dependsOn": [
								{
									"activity": "LookupDaysSinceMagNETHistoryTablesLastProcessedByTable",
									"dependencyConditions": [
										"Succeeded"
									]
								}
							],
							"policy": {
								"timeout": "7.00:00:00",
								"retry": 0,
								"retryIntervalInSeconds": 30,
								"secureOutput": false,
								"secureInput": false
							},
							"userProperties": [],
							"typeProperties": {
								"url": "https://prod-27.northeurope.logic.azure.com:443/workflows/c60713f975e749908f906a68b22e938b/triggers/manual/paths/invoke?api-version=2016-10-01&sp=%2Ftriggers%2Fmanual%2Frun&sv=1.0&sig=ztJz5MZLxS61TLzOGQk6SRPuqUwduRX0Y5QY22Q4Jsc",
								"method": "POST",
								"headers": {
									"Content-Type": "application/json"
								},
								"body": {
									"activity": "magnet_history tables have not been processed for 3 days",
									"message": "@{activity('LookupDaysSinceMagNETHistoryTablesLastProcessedByTable').output.value}",
									"dataFactoryName": "@{pipeline().DataFactory}",
									"Name": "@{pipeline().Pipeline}",
									"NotificationRecipient": "@pipeline().parameters.NotificationRecipient"
								}
							}
						},
						{
							"name": "LookupDaysSinceMagNETHistoryTablesLastProcessedByTable",
							"type": "Lookup",
							"dependsOn": [],
							"policy": {
								"timeout": "7.00:00:00",
								"retry": 0,
								"retryIntervalInSeconds": 30,
								"secureOutput": false,
								"secureInput": false
							},
							"userProperties": [],
							"typeProperties": {
								"source": {
									"type": "SqlDWSource",
									"sqlReaderQuery": {
										"value": "SELECT table_name,\n       CAST(MAX(processed_at) AS DATE) AS last_processed_date\nFROM staging.magnet_process_log \nGROUP BY table_name\nHAVING CAST(MAX(processed_at) AS DATE) >= DATEADD(DAY,-7,CAST(GETDATE() AS DATE))\nORDER BY 1",
										"type": "Expression"
									}
								},
								"dataset": {
									"referenceName": "SQLDataWarehouse",
									"type": "DatasetReference"
								},
								"firstRowOnly": false
							}
						}
					]
				}
			},
			{
				"name": "LookupMagNETSQLLON04VolumesMatch",
				"type": "Lookup",
				"dependsOn": [
					{
						"activity": "IfDaysSinceMagNETHistoryTablesLastProcessedEquals3",
						"dependencyConditions": [
							"Succeeded"
						]
					}
				],
				"policy": {
					"timeout": "7.00:00:00",
					"retry": 0,
					"retryIntervalInSeconds": 30,
					"secureOutput": false,
					"secureInput": false
				},
				"userProperties": [],
				"typeProperties": {
					"source": {
						"type": "SqlDWSource",
						"sqlReaderQuery": {
							"value": "WITH sqllon04 AS\n(\nSELECT 'SQL-LON-04' AS table_schema, 'Brand' AS table_name, SUM(1) AS records FROM [SQL-LON-04].Brand\nUNION\nSELECT 'SQL-LON-04' AS table_schema, 'BrandGrouping' AS table_name, SUM(1) AS records FROM [SQL-LON-04].BrandGrouping\nUNION\nSELECT 'SQL-LON-04' AS table_schema, 'Building' AS table_name, SUM(1) AS records FROM [SQL-LON-04].Building\nUNION\nSELECT 'SQL-LON-04' AS table_schema, 'Centre' AS table_name, SUM(1) AS records FROM [SQL-LON-04].Centre\nUNION\nSELECT 'SQL-LON-04' AS table_schema, 'CentreDaysClosed' AS table_name, COUNT(DISTINCT CONCAT(Centre_ID,'-',TheDate)) AS records FROM [SQL-LON-04].CentreDaysClosed\nUNION\nSELECT 'SQL-LON-04' AS table_schema, 'CentreFootfallTotal' AS table_name, SUM(1) AS records FROM [SQL-LON-04].CentreFootfallTotal\nUNION\nSELECT 'SQL-LON-04' AS table_schema, 'CentrePeopleCount' AS table_name, SUM(1) AS records FROM [SQL-LON-04].CentrePeopleCount\nUNION\nSELECT 'SQL-LON-04' AS table_schema, 'CPC_CounterType' AS table_name, SUM(1) AS records FROM [SQL-LON-04].CPC_CounterType\nUNION\nSELECT 'SQL-LON-04' AS table_schema, 'DailyPlanner' AS table_name, SUM(1) AS records FROM [SQL-LON-04].DailyPlanner\nUNION\nSELECT 'SQL-LON-04' AS table_schema, 'DailySales' AS table_name, SUM(1) AS records FROM [SQL-LON-04].DailySales\nUNION\nSELECT 'SQL-LON-04' AS table_schema, 'DailySales_ExtendedHours' AS table_name, SUM(1) AS records FROM [SQL-LON-04].DailySales_ExtendedHours\nUNION\nSELECT 'SQL-LON-04' AS table_schema, 'DailySalesBudget' AS table_name, SUM(1) AS records FROM [SQL-LON-04].DailySalesBudget\nUNION\nSELECT 'SQL-LON-04' AS table_schema, 'Lease' AS table_name, SUM(1) AS records FROM [SQL-LON-04].Lease\nUNION\nSELECT 'SQL-LON-04' AS table_schema, 'magNET_Unit_History' AS table_name, SUM(1) AS records FROM [SQL-LON-04].magNET_Unit_History\nUNION\nSELECT 'SQL-LON-04' AS table_schema, 'Nationality' AS table_name, SUM(1) AS records FROM [SQL-LON-04].Nationality\nUNION\nSELECT 'SQL-LON-04' AS table_schema, 'NationalityGroup' AS table_name, SUM(1) AS records FROM [SQL-LON-04].NationalityGroup\nUNION\nSELECT 'SQL-LON-04' AS table_schema, 'Phase' AS table_name, SUM(1) AS records FROM [SQL-LON-04].Phase\nUNION\nSELECT 'SQL-LON-04' AS table_schema, 'SalesCategory' AS table_name, SUM(1) AS records FROM [SQL-LON-04].SalesCategory\nUNION\nSELECT 'SQL-LON-04' AS table_schema, 'TaxFreeProvider' AS table_name, SUM(1) AS records FROM [SQL-LON-04].TaxFreeProvider\nUNION\nSELECT 'SQL-LON-04' AS table_schema, 'TaxFreeSales' AS table_name, SUM(1) AS records FROM [SQL-LON-04].TaxFreeSales\nUNION\nSELECT 'SQL-LON-04' AS table_schema, 'Unit' AS table_name, SUM(1) AS records FROM [SQL-LON-04].Unit\nUNION\nSELECT 'SQL-LON-04' AS table_schema, 'UnitPeopleCount' AS table_name, SUM(1) AS records FROM [SQL-LON-04].UnitPeopleCount\nUNION\nSELECT 'SQL-LON-04' AS table_schema, 'WeeklySalesBudget' AS table_name, SUM(1) AS records FROM [SQL-LON-04].WeeklySalesBudget\n),\nmagnet AS\n(\nSELECT 'magnet' AS table_schema, 'Brand' AS table_name, SUM(1) AS records FROM [magnet_legacy].Brand\nUNION\nSELECT 'magnet' AS table_schema, 'BrandGrouping' AS table_name, SUM(1) AS records FROM [magnet_legacy].BrandGrouping\nUNION\nSELECT 'magnet' AS table_schema, 'Building' AS table_name, SUM(1) AS records FROM [magnet_legacy].Building\nUNION\nSELECT 'magnet' AS table_schema, 'Centre' AS table_name, SUM(1) AS records FROM [magnet_legacy].Centre\nUNION\nSELECT 'magnet' AS table_schema, 'CentreDaysClosed' AS table_name, COUNT(DISTINCT CONCAT(Centre_ID,'-',TheDate)) AS records FROM [magnet_legacy].CentreDaysClosed\nUNION\nSELECT 'magnet' AS table_schema, 'CentreFootfallTotal' AS table_name, SUM(1) AS records FROM [magnet_legacy].CentreFootfallTotal\nUNION\nSELECT 'magnet' AS table_schema, 'CentrePeopleCount' AS table_name, SUM(1) AS records FROM [magnet_legacy].CentrePeopleCount\nUNION\nSELECT 'magnet' AS table_schema, 'CPC_CounterType' AS table_name, SUM(1) AS records FROM [magnet_legacy].CPC_CounterType\nUNION\nSELECT 'magnet' AS table_schema, 'DailyPlanner' AS table_name, SUM(1) AS records FROM [magnet_legacy].DailyPlanner\nUNION\nSELECT 'magnet' AS table_schema, 'DailySales' AS table_name, SUM(1) AS records FROM [magnet_legacy].DailySales\nUNION\nSELECT 'magnet' AS table_schema, 'DailySales_ExtendedHours' AS table_name, SUM(1) AS records FROM [magnet_legacy].DailySales_ExtendedHours\nUNION\nSELECT 'magnet' AS table_schema, 'DailySalesBudget' AS table_name, SUM(1) AS records FROM [magnet_legacy].DailySalesBudget\nUNION\nSELECT 'magnet' AS table_schema, 'Lease' AS table_name, SUM(1) AS records FROM [magnet_legacy].Lease\nUNION\nSELECT 'magnet' AS table_schema, 'magNET_Unit_History' AS table_name, SUM(1) AS records FROM [magnet_legacy].magNET_Unit_History\nUNION\nSELECT 'magnet' AS table_schema, 'Nationality' AS table_name, SUM(1) AS records FROM [magnet_legacy].Nationality\nUNION\nSELECT 'magnet' AS table_schema, 'NationalityGroup' AS table_name, SUM(1) AS records FROM [magnet_legacy].NationalityGroup\nUNION\nSELECT 'magnet' AS table_schema, 'Phase' AS table_name, SUM(1) AS records FROM [magnet_legacy].Phase\nUNION\nSELECT 'magnet' AS table_schema, 'SalesCategory' AS table_name, SUM(1) AS records FROM [magnet_legacy].SalesCategory\nUNION\nSELECT 'magnet' AS table_schema, 'TaxFreeProvider' AS table_name, SUM(1) AS records FROM [magnet_legacy].TaxFreeProvider\nUNION\nSELECT 'magnet' AS table_schema, 'TaxFreeSales' AS table_name, SUM(1) AS records FROM [magnet_legacy].TaxFreeSales\nUNION\nSELECT 'magnet' AS table_schema, 'Unit' AS table_name, SUM(1) AS records FROM [magnet_legacy].Unit\nUNION\nSELECT 'magnet' AS table_schema, 'UnitPeopleCount' AS table_name, SUM(1) AS records FROM [magnet_legacy].UnitPeopleCount\nUNION\nSELECT 'magnet' AS table_schema, 'WeeklySalesBudget' AS table_name, SUM(1) AS records FROM [magnet_legacy].WeeklySalesBudget\n)\nSELECT ABS(COALESCE(SUM(s.records),0)-COALESCE(SUM(m.records),0)) AS diff\nFROM sqllon04 s\nLEFT JOIN magnet m ON s.table_name = m.table_name",
							"type": "Expression"
						}
					},
					"dataset": {
						"referenceName": "SQLDataWarehouse",
						"type": "DatasetReference"
					},
					"firstRowOnly": false
				}
			},
			{
				"name": "IfMagNETSQLLON04VolumesMatch",
				"type": "IfCondition",
				"dependsOn": [
					{
						"activity": "LookupMagNETSQLLON04VolumesMatch",
						"dependencyConditions": [
							"Succeeded"
						]
					}
				],
				"userProperties": [],
				"typeProperties": {
					"expression": {
						"value": "@{equals(activity('LookupMagNETSQLLON04VolumesMatch').output.value[0].diff,0)}",
						"type": "Expression"
					},
					"ifFalseActivities": [
						{
							"name": "SendMagNETSQLLON04VolumeDiscrepanciesNotification",
							"type": "WebActivity",
							"dependsOn": [
								{
									"activity": "LookupMagNETSQLLON04VolumeDiscrepancies",
									"dependencyConditions": [
										"Succeeded"
									]
								}
							],
							"policy": {
								"timeout": "7.00:00:00",
								"retry": 0,
								"retryIntervalInSeconds": 30,
								"secureOutput": false,
								"secureInput": false
							},
							"userProperties": [],
							"typeProperties": {
								"url": "https://prod-27.northeurope.logic.azure.com:443/workflows/c60713f975e749908f906a68b22e938b/triggers/manual/paths/invoke?api-version=2016-10-01&sp=%2Ftriggers%2Fmanual%2Frun&sv=1.0&sig=ztJz5MZLxS61TLzOGQk6SRPuqUwduRX0Y5QY22Q4Jsc",
								"method": "POST",
								"headers": {
									"Content-Type": "application/json"
								},
								"body": {
									"activity": "MagNET - SQL-LON-04 Volume Discrepancies",
									"message": "@{activity('LookupMagNETSQLLON04VolumeDiscrepancies').output.value}",
									"dataFactoryName": "@{pipeline().DataFactory}",
									"Name": "@{pipeline().Pipeline}",
									"NotificationRecipient": "@pipeline().parameters.NotificationRecipient"
								}
							}
						},
						{
							"name": "LookupMagNETSQLLON04VolumeDiscrepancies",
							"type": "Lookup",
							"dependsOn": [],
							"policy": {
								"timeout": "7.00:00:00",
								"retry": 0,
								"retryIntervalInSeconds": 30,
								"secureOutput": false,
								"secureInput": false
							},
							"userProperties": [],
							"typeProperties": {
								"source": {
									"type": "SqlDWSource",
									"sqlReaderQuery": {
										"value": "WITH sqllon04 AS\n(\nSELECT 'SQL-LON-04' AS table_schema, 'Brand' AS table_name, SUM(1) AS records FROM [SQL-LON-04].Brand\nUNION\nSELECT 'SQL-LON-04' AS table_schema, 'BrandGrouping' AS table_name, SUM(1) AS records FROM [SQL-LON-04].BrandGrouping\nUNION\nSELECT 'SQL-LON-04' AS table_schema, 'Building' AS table_name, SUM(1) AS records FROM [SQL-LON-04].Building\nUNION\nSELECT 'SQL-LON-04' AS table_schema, 'Centre' AS table_name, SUM(1) AS records FROM [SQL-LON-04].Centre\nUNION\nSELECT 'SQL-LON-04' AS table_schema, 'CentreDaysClosed' AS table_name, COUNT(DISTINCT CONCAT(Centre_ID,'-',TheDate)) AS records FROM [SQL-LON-04].CentreDaysClosed\nUNION\nSELECT 'SQL-LON-04' AS table_schema, 'CentreFootfallTotal' AS table_name, SUM(1) AS records FROM [SQL-LON-04].CentreFootfallTotal\nUNION\nSELECT 'SQL-LON-04' AS table_schema, 'CentrePeopleCount' AS table_name, SUM(1) AS records FROM [SQL-LON-04].CentrePeopleCount\nUNION\nSELECT 'SQL-LON-04' AS table_schema, 'CPC_CounterType' AS table_name, SUM(1) AS records FROM [SQL-LON-04].CPC_CounterType\nUNION\nSELECT 'SQL-LON-04' AS table_schema, 'DailyPlanner' AS table_name, SUM(1) AS records FROM [SQL-LON-04].DailyPlanner\nUNION\nSELECT 'SQL-LON-04' AS table_schema, 'DailySales' AS table_name, SUM(1) AS records FROM [SQL-LON-04].DailySales\nUNION\nSELECT 'SQL-LON-04' AS table_schema, 'DailySales_ExtendedHours' AS table_name, SUM(1) AS records FROM [SQL-LON-04].DailySales_ExtendedHours\nUNION\nSELECT 'SQL-LON-04' AS table_schema, 'DailySalesBudget' AS table_name, SUM(1) AS records FROM [SQL-LON-04].DailySalesBudget\nUNION\nSELECT 'SQL-LON-04' AS table_schema, 'Lease' AS table_name, SUM(1) AS records FROM [SQL-LON-04].Lease\nUNION\nSELECT 'SQL-LON-04' AS table_schema, 'magNET_Unit_History' AS table_name, SUM(1) AS records FROM [SQL-LON-04].magNET_Unit_History\nUNION\nSELECT 'SQL-LON-04' AS table_schema, 'Nationality' AS table_name, SUM(1) AS records FROM [SQL-LON-04].Nationality\nUNION\nSELECT 'SQL-LON-04' AS table_schema, 'NationalityGroup' AS table_name, SUM(1) AS records FROM [SQL-LON-04].NationalityGroup\nUNION\nSELECT 'SQL-LON-04' AS table_schema, 'Phase' AS table_name, SUM(1) AS records FROM [SQL-LON-04].Phase\nUNION\nSELECT 'SQL-LON-04' AS table_schema, 'SalesCategory' AS table_name, SUM(1) AS records FROM [SQL-LON-04].SalesCategory\nUNION\nSELECT 'SQL-LON-04' AS table_schema, 'TaxFreeProvider' AS table_name, SUM(1) AS records FROM [SQL-LON-04].TaxFreeProvider\nUNION\nSELECT 'SQL-LON-04' AS table_schema, 'TaxFreeSales' AS table_name, SUM(1) AS records FROM [SQL-LON-04].TaxFreeSales\nUNION\nSELECT 'SQL-LON-04' AS table_schema, 'Unit' AS table_name, SUM(1) AS records FROM [SQL-LON-04].Unit\nUNION\nSELECT 'SQL-LON-04' AS table_schema, 'UnitPeopleCount' AS table_name, SUM(1) AS records FROM [SQL-LON-04].UnitPeopleCount\nUNION\nSELECT 'SQL-LON-04' AS table_schema, 'WeeklySalesBudget' AS table_name, SUM(1) AS records FROM [SQL-LON-04].WeeklySalesBudget\n),\nmagnet AS\n(\nSELECT 'magnet' AS table_schema, 'Brand' AS table_name, SUM(1) AS records FROM [magnet_legacy].Brand\nUNION\nSELECT 'magnet' AS table_schema, 'BrandGrouping' AS table_name, SUM(1) AS records FROM [magnet_legacy].BrandGrouping\nUNION\nSELECT 'magnet' AS table_schema, 'Building' AS table_name, SUM(1) AS records FROM [magnet_legacy].Building\nUNION\nSELECT 'magnet' AS table_schema, 'Centre' AS table_name, SUM(1) AS records FROM [magnet_legacy].Centre\nUNION\nSELECT 'magnet' AS table_schema, 'CentreDaysClosed' AS table_name, COUNT(DISTINCT CONCAT(Centre_ID,'-',TheDate)) AS records FROM [magnet_legacy].CentreDaysClosed\nUNION\nSELECT 'magnet' AS table_schema, 'CentreFootfallTotal' AS table_name, SUM(1) AS records FROM [magnet_legacy].CentreFootfallTotal\nUNION\nSELECT 'magnet' AS table_schema, 'CentrePeopleCount' AS table_name, SUM(1) AS records FROM [magnet_legacy].CentrePeopleCount\nUNION\nSELECT 'magnet' AS table_schema, 'CPC_CounterType' AS table_name, SUM(1) AS records FROM [magnet_legacy].CPC_CounterType\nUNION\nSELECT 'magnet' AS table_schema, 'DailyPlanner' AS table_name, SUM(1) AS records FROM [magnet_legacy].DailyPlanner\nUNION\nSELECT 'magnet' AS table_schema, 'DailySales' AS table_name, SUM(1) AS records FROM [magnet_legacy].DailySales\nUNION\nSELECT 'magnet' AS table_schema, 'DailySales_ExtendedHours' AS table_name, SUM(1) AS records FROM [magnet_legacy].DailySales_ExtendedHours\nUNION\nSELECT 'magnet' AS table_schema, 'DailySalesBudget' AS table_name, SUM(1) AS records FROM [magnet_legacy].DailySalesBudget\nUNION\nSELECT 'magnet' AS table_schema, 'Lease' AS table_name, SUM(1) AS records FROM [magnet_legacy].Lease\nUNION\nSELECT 'magnet' AS table_schema, 'magNET_Unit_History' AS table_name, SUM(1) AS records FROM [magnet_legacy].magNET_Unit_History\nUNION\nSELECT 'magnet' AS table_schema, 'Nationality' AS table_name, SUM(1) AS records FROM [magnet_legacy].Nationality\nUNION\nSELECT 'magnet' AS table_schema, 'NationalityGroup' AS table_name, SUM(1) AS records FROM [magnet_legacy].NationalityGroup\nUNION\nSELECT 'magnet' AS table_schema, 'Phase' AS table_name, SUM(1) AS records FROM [magnet_legacy].Phase\nUNION\nSELECT 'magnet' AS table_schema, 'SalesCategory' AS table_name, SUM(1) AS records FROM [magnet_legacy].SalesCategory\nUNION\nSELECT 'magnet' AS table_schema, 'TaxFreeProvider' AS table_name, SUM(1) AS records FROM [magnet_legacy].TaxFreeProvider\nUNION\nSELECT 'magnet' AS table_schema, 'TaxFreeSales' AS table_name, SUM(1) AS records FROM [magnet_legacy].TaxFreeSales\nUNION\nSELECT 'magnet' AS table_schema, 'Unit' AS table_name, SUM(1) AS records FROM [magnet_legacy].Unit\nUNION\nSELECT 'magnet' AS table_schema, 'UnitPeopleCount' AS table_name, SUM(1) AS records FROM [magnet_legacy].UnitPeopleCount\nUNION\nSELECT 'magnet' AS table_schema, 'WeeklySalesBudget' AS table_name, SUM(1) AS records FROM [magnet_legacy].WeeklySalesBudget\n)\nSELECT s.table_name,\n       s.records AS sql_lon_04_records,\n       m.records AS magnet,\n       ABS(COALESCE(s.records,0)-COALESCE(m.records,0)) AS diff\nFROM sqllon04 s\nLEFT JOIN magnet m ON s.table_name = m.table_name\nWHERE ABS(COALESCE(s.records,0)-COALESCE(m.records,0)) <> 0\nORDER BY 1",
										"type": "Expression"
									}
								},
								"dataset": {
									"referenceName": "SQLDataWarehouse",
									"type": "DatasetReference"
								},
								"firstRowOnly": false
							}
						}
					]
				}
			}
		],
		"parameters": {
			"NotificationRecipient": {
				"type": "string",
				"defaultValue": "data.platform@mcarthurglen.com"
			}
		},
		"folder": {
			"name": "MagNET"
		},
		"annotations": []
	},
	"type": "Microsoft.DataFactory/factories/pipelines"
}