{
	"name": "MagNETProcess",
	"properties": {
		"activities": [
			{
				"name": "MagNETProcessBRANDALL",
				"type": "ExecutePipeline",
				"dependsOn": [],
				"userProperties": [],
				"typeProperties": {
					"pipeline": {
						"referenceName": "MagNETProcessBRANDALL",
						"type": "PipelineReference"
					},
					"waitOnCompletion": true
				}
			},
			{
				"name": "MagNETProcessBRANDGROUPINGALL",
				"type": "ExecutePipeline",
				"dependsOn": [
					{
						"activity": "MagNETProcessBRANDALL",
						"dependencyConditions": [
							"Succeeded"
						]
					}
				],
				"userProperties": [],
				"typeProperties": {
					"pipeline": {
						"referenceName": "MagNETProcessBRANDGROUPINGALL",
						"type": "PipelineReference"
					},
					"waitOnCompletion": true
				}
			},
			{
				"name": "MagNETProcessCENTREALL",
				"type": "ExecutePipeline",
				"dependsOn": [
					{
						"activity": "MagNETProcessBUDGETSALESUNITDELETED",
						"dependencyConditions": [
							"Succeeded"
						]
					}
				],
				"userProperties": [],
				"typeProperties": {
					"pipeline": {
						"referenceName": "MagNETProcessCENTREALL",
						"type": "PipelineReference"
					},
					"waitOnCompletion": true
				}
			},
			{
				"name": "MagNETProcessEXCHANGERATEALL",
				"type": "ExecutePipeline",
				"dependsOn": [
					{
						"activity": "MagNETProcessCENTREALL",
						"dependencyConditions": [
							"Succeeded"
						]
					}
				],
				"userProperties": [],
				"typeProperties": {
					"pipeline": {
						"referenceName": "MagNETProcessEXCHANGERATEALL",
						"type": "PipelineReference"
					},
					"waitOnCompletion": true
				}
			},
			{
				"name": "MagNETProcessLEASESTATUSALL",
				"type": "ExecutePipeline",
				"dependsOn": [
					{
						"activity": "MagNETProcessEXCHANGERATEALL",
						"dependencyConditions": [
							"Succeeded"
						]
					}
				],
				"userProperties": [],
				"typeProperties": {
					"pipeline": {
						"referenceName": "MagNETProcessLEASESTATUSALL",
						"type": "PipelineReference"
					},
					"waitOnCompletion": true
				}
			},
			{
				"name": "MagNETProcessPHASEALL",
				"type": "ExecutePipeline",
				"dependsOn": [
					{
						"activity": "MagNETProcessLEASESTATUSALL",
						"dependencyConditions": [
							"Succeeded"
						]
					}
				],
				"userProperties": [],
				"typeProperties": {
					"pipeline": {
						"referenceName": "MagNETProcessPHASEALL",
						"type": "PipelineReference"
					},
					"waitOnCompletion": true
				}
			},
			{
				"name": "MagNETProcessPRIORITYALL",
				"type": "ExecutePipeline",
				"dependsOn": [
					{
						"activity": "MagNETProcessPHASEALL",
						"dependencyConditions": [
							"Succeeded"
						]
					}
				],
				"userProperties": [],
				"typeProperties": {
					"pipeline": {
						"referenceName": "MagNETProcessPRIORITYALL",
						"type": "PipelineReference"
					},
					"waitOnCompletion": true
				}
			},
			{
				"name": "MagNETProcessREGIONALL",
				"type": "ExecutePipeline",
				"dependsOn": [
					{
						"activity": "MagNETProcessPRIORITYALL",
						"dependencyConditions": [
							"Succeeded"
						]
					}
				],
				"userProperties": [],
				"typeProperties": {
					"pipeline": {
						"referenceName": "MagNETProcessREGIONALL",
						"type": "PipelineReference"
					},
					"waitOnCompletion": true
				}
			},
			{
				"name": "MagNETProcessSALESCATEGORYALL",
				"type": "ExecutePipeline",
				"dependsOn": [
					{
						"activity": "MagNETProcessREGIONALL",
						"dependencyConditions": [
							"Succeeded"
						]
					}
				],
				"userProperties": [],
				"typeProperties": {
					"pipeline": {
						"referenceName": "MagNETProcessSALESCATEGORYALL",
						"type": "PipelineReference"
					},
					"waitOnCompletion": true
				}
			},
			{
				"name": "MagNETProcessSALESNEWUPDATEDALL",
				"type": "ExecutePipeline",
				"dependsOn": [
					{
						"activity": "MagNETProcessSALESCATEGORYALL",
						"dependencyConditions": [
							"Succeeded"
						]
					}
				],
				"userProperties": [],
				"typeProperties": {
					"pipeline": {
						"referenceName": "MagNETProcessSALESNEWUPDATED",
						"type": "PipelineReference"
					},
					"waitOnCompletion": true
				}
			},
			{
				"name": "MagNETProcessSALESDELETEDALL",
				"type": "ExecutePipeline",
				"dependsOn": [
					{
						"activity": "MagNETProcessSALESNEWUPDATEDALL",
						"dependencyConditions": [
							"Succeeded"
						]
					}
				],
				"userProperties": [],
				"typeProperties": {
					"pipeline": {
						"referenceName": "MagNETProcessSALESDELETED",
						"type": "PipelineReference"
					},
					"waitOnCompletion": true
				}
			},
			{
				"name": "sp_insert_magnet_lease",
				"type": "SqlServerStoredProcedure",
				"dependsOn": [
					{
						"activity": "MagNETProcessTRADINGDAYALL",
						"dependencyConditions": [
							"Succeeded"
						]
					}
				],
				"policy": {
					"timeout": "7.00:00:00",
					"retry": 0,
					"retryIntervalInSeconds": 30,
					"secureOutput": false,
					"secureInput": false
				},
				"userProperties": [],
				"typeProperties": {
					"storedProcedureName": "[dbo].[sp_insert_magnet_lease]"
				},
				"linkedServiceName": {
					"referenceName": "SQLDataWarehouse",
					"type": "LinkedServiceReference"
				}
			},
			{
				"name": "sp_insert_magnet_unit",
				"type": "SqlServerStoredProcedure",
				"dependsOn": [
					{
						"activity": "sp_insert_magnet_lease",
						"dependencyConditions": [
							"Succeeded"
						]
					}
				],
				"policy": {
					"timeout": "7.00:00:00",
					"retry": 0,
					"retryIntervalInSeconds": 30,
					"secureOutput": false,
					"secureInput": false
				},
				"userProperties": [],
				"typeProperties": {
					"storedProcedureName": "[dbo].[sp_insert_magnet_unit]"
				},
				"linkedServiceName": {
					"referenceName": "SQLDataWarehouse",
					"type": "LinkedServiceReference"
				}
			},
			{
				"name": "sp_insert_footfall_centre",
				"type": "SqlServerStoredProcedure",
				"dependsOn": [
					{
						"activity": "sp_insert_magnet_unit",
						"dependencyConditions": [
							"Succeeded"
						]
					}
				],
				"policy": {
					"timeout": "7.00:00:00",
					"retry": 0,
					"retryIntervalInSeconds": 30,
					"secureOutput": false,
					"secureInput": false
				},
				"userProperties": [],
				"typeProperties": {
					"storedProcedureName": "[dbo].[sp_insert_footfall_centre]"
				},
				"linkedServiceName": {
					"referenceName": "SQLDataWarehouse",
					"type": "LinkedServiceReference"
				}
			},
			{
				"name": "sp_insert_footfall_unit",
				"type": "SqlServerStoredProcedure",
				"dependsOn": [
					{
						"activity": "sp_insert_footfall_centre",
						"dependencyConditions": [
							"Succeeded"
						]
					}
				],
				"policy": {
					"timeout": "7.00:00:00",
					"retry": 0,
					"retryIntervalInSeconds": 30,
					"secureOutput": false,
					"secureInput": false
				},
				"userProperties": [],
				"typeProperties": {
					"storedProcedureName": "[dbo].[sp_insert_footfall_unit]"
				},
				"linkedServiceName": {
					"referenceName": "SQLDataWarehouse",
					"type": "LinkedServiceReference"
				}
			},
			{
				"name": "MagNETProcessTRADINGDAYALL",
				"type": "ExecutePipeline",
				"dependsOn": [
					{
						"activity": "MagNETProcessSALESDELETEDALL",
						"dependencyConditions": [
							"Succeeded"
						]
					}
				],
				"userProperties": [],
				"typeProperties": {
					"pipeline": {
						"referenceName": "MagNETProcessTRADINGDAYALL",
						"type": "PipelineReference"
					},
					"waitOnCompletion": true
				}
			},
			{
				"name": "MagNETProcessBUDGETSALESUNITNEWUPDATED",
				"type": "ExecutePipeline",
				"dependsOn": [
					{
						"activity": "MagNETProcessBRANDGROUPINGALL",
						"dependencyConditions": [
							"Succeeded"
						]
					}
				],
				"userProperties": [],
				"typeProperties": {
					"pipeline": {
						"referenceName": "MagNETProcessBUDGETSALESUNITNEWUPDATED",
						"type": "PipelineReference"
					},
					"waitOnCompletion": true
				}
			},
			{
				"name": "MagNETProcessBUDGETSALESUNITDELETED",
				"type": "ExecutePipeline",
				"dependsOn": [
					{
						"activity": "MagNETProcessBUDGETSALESUNITNEWUPDATED",
						"dependencyConditions": [
							"Succeeded"
						]
					}
				],
				"userProperties": [],
				"typeProperties": {
					"pipeline": {
						"referenceName": "MagNETProcessBUDGETSALESUNITDELETED",
						"type": "PipelineReference"
					},
					"waitOnCompletion": true
				}
			}
		],
		"folder": {
			"name": "MagNET"
		},
		"annotations": []
	},
	"type": "Microsoft.DataFactory/factories/pipelines"
}