{
	"name": "MagNETPropertyUnit",
	"properties": {
		"activities": [
			{
				"name": "MagNETPropertyUnit",
				"type": "Copy",
				"dependsOn": [],
				"policy": {
					"timeout": "7.00:00:00",
					"retry": 0,
					"retryIntervalInSeconds": 30,
					"secureOutput": false,
					"secureInput": false
				},
				"userProperties": [],
				"typeProperties": {
					"source": {
						"type": "BlobSource",
						"recursive": true
					},
					"sink": {
						"type": "SqlDWSink",
						"allowPolyBase": true,
						"writeBatchSize": 10000,
						"preCopyScript": "TRUNCATE TABLE staging.magnet_property_unit",
						"polyBaseSettings": {
							"rejectValue": 0,
							"rejectType": "value",
							"useTypeDefault": true
						}
					},
					"enableStaging": true,
					"stagingSettings": {
						"linkedServiceName": {
							"referenceName": "dataplatformstoragearea",
							"type": "LinkedServiceReference"
						},
						"enableCompression": true
					},
					"translator": {
						"type": "TabularTranslator",
						"columnMappings": {
							"property_id": "property_id",
							"unit_name": "unit_name",
							"unit_id": "unit_id",
							"lease_id": "lease_id",
							"lease_status": "lease_status",
							"phase": "phase",
							"area_sqft": "area_sqft",
							"area_sqm": "area_sqm",
							"magnet_store_id": "magnet_store_id",
							"brand": "brand",
							"sales_start_date": "sales_start_date",
							"sales_end_date": "sales_end_date",
							"brand_opening_date": "brand_opening_date"
						}
					}
				},
				"inputs": [
					{
						"referenceName": "BlobStorageMagNETPropertyUnit",
						"type": "DatasetReference"
					}
				],
				"outputs": [
					{
						"referenceName": "SQLDataWarehouse_staging_magnet_property_unit",
						"type": "DatasetReference"
					}
				]
			}
		],
		"folder": {
			"name": "Other"
		},
		"annotations": []
	},
	"type": "Microsoft.DataFactory/factories/pipelines"
}