{
	"name": "MagNETImportFILENAMES",
	"properties": {
		"activities": [
			{
				"name": "GetArtFTPArchiveRecentFilenames",
				"type": "GetMetadata",
				"dependsOn": [],
				"policy": {
					"timeout": "7.00:00:00",
					"retry": 0,
					"retryIntervalInSeconds": 30,
					"secureOutput": false,
					"secureInput": false
				},
				"userProperties": [],
				"typeProperties": {
					"dataset": {
						"referenceName": "ArtFTPArchiveRecent",
						"type": "DatasetReference"
					},
					"fieldList": [
						"childItems"
					]
				}
			},
			{
				"name": "GetArtFTPArchiveRecentFilenamesFailure",
				"type": "WebActivity",
				"dependsOn": [
					{
						"activity": "GetArtFTPArchiveRecentFilenames",
						"dependencyConditions": [
							"Failed"
						]
					}
				],
				"policy": {
					"timeout": "7.00:00:00",
					"retry": 0,
					"retryIntervalInSeconds": 30,
					"secureOutput": false,
					"secureInput": false
				},
				"userProperties": [],
				"typeProperties": {
					"url": "https://prod-17.northeurope.logic.azure.com:443/workflows/b5b00e5596e94affb317290e4964e4a4/triggers/manual/paths/invoke?api-version=2016-10-01&sp=%2Ftriggers%2Fmanual%2Frun&sv=1.0&sig=55j9tHX1WsutSx6HqYyFcX80ICAhwCoE06KuGGetqb8",
					"method": "POST",
					"headers": {
						"Content-Type": "application/json"
					},
					"body": {
						"activity": "GetArtFTPArchiveRecentFilenames",
						"message": "@{activity('GetArtFTPArchiveRecentFilenames').error.message}",
						"dataFactoryName": "@{pipeline().DataFactory}",
						"pipelineName": "@{pipeline().Pipeline}",
						"FailureNotificationRecipient": "@pipeline().parameters.FailureNotificationRecipient"
					}
				}
			},
			{
				"name": "ForEachFilename",
				"type": "ForEach",
				"dependsOn": [
					{
						"activity": "sp_truncate_magnet_filename_log",
						"dependencyConditions": [
							"Succeeded"
						]
					}
				],
				"userProperties": [],
				"typeProperties": {
					"items": {
						"value": "@activity('GetArtFTPArchiveRecentFilenames').output.childitems",
						"type": "Expression"
					},
					"isSequential": true,
					"activities": [
						{
							"name": "sp_insert_magnet_filename_logFailure",
							"type": "WebActivity",
							"dependsOn": [
								{
									"activity": "sp_insert_magnet_filename_log",
									"dependencyConditions": [
										"Failed"
									]
								}
							],
							"policy": {
								"timeout": "7.00:00:00",
								"retry": 0,
								"retryIntervalInSeconds": 30,
								"secureOutput": false,
								"secureInput": false
							},
							"userProperties": [],
							"typeProperties": {
								"url": "https://prod-17.northeurope.logic.azure.com:443/workflows/b5b00e5596e94affb317290e4964e4a4/triggers/manual/paths/invoke?api-version=2016-10-01&sp=%2Ftriggers%2Fmanual%2Frun&sv=1.0&sig=55j9tHX1WsutSx6HqYyFcX80ICAhwCoE06KuGGetqb8",
								"method": "POST",
								"headers": {
									"Content-Type": "application/json"
								},
								"body": {
									"activity": "sp_insert_magnet_filename_log",
									"message": "@{activity('sp_insert_magnet_filename_log').error.message}",
									"dataFactoryName": "@{pipeline().DataFactory}",
									"pipelineName": "@{pipeline().Pipeline}",
									"FailureNotificationRecipient": "@pipeline().parameters.FailureNotificationRecipient"
								}
							}
						},
						{
							"name": "sp_insert_magnet_filename_log",
							"type": "SqlServerStoredProcedure",
							"dependsOn": [],
							"policy": {
								"timeout": "7.00:00:00",
								"retry": 0,
								"retryIntervalInSeconds": 30,
								"secureOutput": false,
								"secureInput": false
							},
							"userProperties": [],
							"typeProperties": {
								"storedProcedureName": "[dbo].[sp_insert_magnet_filename_log]",
								"storedProcedureParameters": {
									"filename": {
										"value": {
											"value": "@{item().name}",
											"type": "Expression"
										},
										"type": "String"
									}
								}
							},
							"linkedServiceName": {
								"referenceName": "SQLDataWarehouse",
								"type": "LinkedServiceReference"
							}
						}
					]
				}
			},
			{
				"name": "ForEachFilenameFailure",
				"type": "WebActivity",
				"dependsOn": [
					{
						"activity": "ForEachFilename",
						"dependencyConditions": [
							"Failed"
						]
					}
				],
				"policy": {
					"timeout": "7.00:00:00",
					"retry": 0,
					"retryIntervalInSeconds": 30,
					"secureOutput": false,
					"secureInput": false
				},
				"userProperties": [],
				"typeProperties": {
					"url": "https://prod-17.northeurope.logic.azure.com:443/workflows/b5b00e5596e94affb317290e4964e4a4/triggers/manual/paths/invoke?api-version=2016-10-01&sp=%2Ftriggers%2Fmanual%2Frun&sv=1.0&sig=55j9tHX1WsutSx6HqYyFcX80ICAhwCoE06KuGGetqb8",
					"method": "POST",
					"headers": {
						"Content-Type": "application/json"
					},
					"body": {
						"activity": "ForEachFilename",
						"message": "@{activity('ForEachFilename').error.message}",
						"dataFactoryName": "@{pipeline().DataFactory}",
						"pipelineName": "@{pipeline().Pipeline}",
						"FailureNotificationRecipient": "@pipeline().parameters.FailureNotificationRecipient"
					}
				}
			},
			{
				"name": "sp_truncate_magnet_filename_log",
				"type": "SqlServerStoredProcedure",
				"dependsOn": [
					{
						"activity": "GetArtFTPArchiveRecentFilenames",
						"dependencyConditions": [
							"Succeeded"
						]
					}
				],
				"policy": {
					"timeout": "7.00:00:00",
					"retry": 0,
					"retryIntervalInSeconds": 30,
					"secureOutput": false,
					"secureInput": false
				},
				"userProperties": [],
				"typeProperties": {
					"storedProcedureName": "[dbo].[sp_truncate_magnet_filename_log]"
				},
				"linkedServiceName": {
					"referenceName": "SQLDataWarehouse",
					"type": "LinkedServiceReference"
				}
			},
			{
				"name": "sp_truncate_magnet_filename_logFailure",
				"type": "WebActivity",
				"dependsOn": [
					{
						"activity": "sp_truncate_magnet_filename_log",
						"dependencyConditions": [
							"Failed"
						]
					}
				],
				"policy": {
					"timeout": "7.00:00:00",
					"retry": 0,
					"retryIntervalInSeconds": 30,
					"secureOutput": false,
					"secureInput": false
				},
				"userProperties": [],
				"typeProperties": {
					"url": "https://prod-17.northeurope.logic.azure.com:443/workflows/b5b00e5596e94affb317290e4964e4a4/triggers/manual/paths/invoke?api-version=2016-10-01&sp=%2Ftriggers%2Fmanual%2Frun&sv=1.0&sig=55j9tHX1WsutSx6HqYyFcX80ICAhwCoE06KuGGetqb8",
					"method": "POST",
					"headers": {
						"Content-Type": "application/json"
					},
					"body": {
						"activity": "sp_truncate_magnet_filename_log",
						"message": "@{activity('sp_truncate_magnet_filename_log').error.message}",
						"dataFactoryName": "@{pipeline().DataFactory}",
						"pipelineName": "@{pipeline().Pipeline}",
						"FailureNotificationRecipient": "@pipeline().parameters.FailureNotificationRecipient"
					}
				}
			}
		],
		"parameters": {
			"FailureNotificationRecipient": {
				"type": "String",
				"defaultValue": "data.platform@mcarthurglen.com"
			},
			"table_name": {
				"type": "String",
				"defaultValue": "staging.magnet_filename_log"
			},
			"column_name": {
				"type": "String",
				"defaultValue": "filename"
			}
		},
		"folder": {
			"name": "MagNET"
		},
		"annotations": []
	},
	"type": "Microsoft.DataFactory/factories/pipelines"
}