{
	"name": "MagNETLegacyImportFootfall",
	"properties": {
		"activities": [
			{
				"name": "GetArtFTPArchiveRecentFootfallFilenames",
				"type": "GetMetadata",
				"dependsOn": [],
				"policy": {
					"timeout": "7.00:00:00",
					"retry": 0,
					"retryIntervalInSeconds": 30,
					"secureOutput": false,
					"secureInput": false
				},
				"userProperties": [],
				"typeProperties": {
					"dataset": {
						"referenceName": "ArtFTPArchiveRecent",
						"type": "DatasetReference"
					},
					"fieldList": [
						"childItems"
					]
				}
			},
			{
				"name": "FilterFootfall",
				"type": "Filter",
				"dependsOn": [
					{
						"activity": "GetArtFTPArchiveRecentFootfallFilenames",
						"dependencyConditions": [
							"Succeeded"
						]
					}
				],
				"userProperties": [],
				"typeProperties": {
					"items": {
						"value": "@activity('GetArtFTPArchiveRecentFootfallFilenames').output.childItems",
						"type": "Expression"
					},
					"condition": {
						"value": "@startswith(item().name,'footfall')",
						"type": "Expression"
					}
				}
			},
			{
				"name": "ForEachFootfall",
				"type": "ForEach",
				"dependsOn": [
					{
						"activity": "sp_truncate_staging_magnet_footfall",
						"dependencyConditions": [
							"Succeeded"
						]
					}
				],
				"userProperties": [],
				"typeProperties": {
					"items": {
						"value": "@activity('FilterFootfall').output.value",
						"type": "Expression"
					},
					"isSequential": true,
					"activities": [
						{
							"name": "CopyFootfall",
							"type": "Copy",
							"dependsOn": [],
							"policy": {
								"timeout": "7.00:00:00",
								"retry": 0,
								"retryIntervalInSeconds": 30,
								"secureOutput": false,
								"secureInput": false
							},
							"userProperties": [],
							"typeProperties": {
								"source": {
									"type": "FileSystemSource",
									"recursive": true
								},
								"sink": {
									"type": "SqlDWSink",
									"allowPolyBase": true,
									"writeBatchSize": 10000,
									"polyBaseSettings": {
										"rejectValue": 0,
										"rejectType": "value",
										"useTypeDefault": false
									}
								},
								"enableStaging": true,
								"stagingSettings": {
									"linkedServiceName": {
										"referenceName": "dataplatformstoragearea",
										"type": "LinkedServiceReference"
									},
									"enableCompression": true
								},
								"translator": {
									"type": "TabularTranslator",
									"columnMappings": {
										"CENTRE": "CENTRE",
										"TYPE": "TYPE",
										"DESCR": "DESCR",
										"COUNTER": "COUNTER",
										"COUNTER_ID": "COUNTER_ID",
										"DATETIME": "DATETIME",
										"INCOUNT": "INCOUNT",
										"OUTCOUNT": "OUTCOUNT",
										"FILEXT": "FILEXT",
										"DATACOL": "DATACOL"
									}
								}
							},
							"inputs": [
								{
									"referenceName": "ArtFTPArchiveFootfall",
									"type": "DatasetReference",
									"parameters": {
										"name": {
											"value": "@{item().name} ",
											"type": "Expression"
										}
									}
								}
							],
							"outputs": [
								{
									"referenceName": "SQLDataWarehouse_staging_magnet_footfall",
									"type": "DatasetReference"
								}
							]
						},
						{
							"name": "CopyFootfallFailure",
							"type": "WebActivity",
							"dependsOn": [
								{
									"activity": "CopyFootfall",
									"dependencyConditions": [
										"Failed"
									]
								}
							],
							"policy": {
								"timeout": "7.00:00:00",
								"retry": 0,
								"retryIntervalInSeconds": 30,
								"secureOutput": false,
								"secureInput": false
							},
							"userProperties": [],
							"typeProperties": {
								"url": "https://prod-17.northeurope.logic.azure.com:443/workflows/b5b00e5596e94affb317290e4964e4a4/triggers/manual/paths/invoke?api-version=2016-10-01&sp=%2Ftriggers%2Fmanual%2Frun&sv=1.0&sig=55j9tHX1WsutSx6HqYyFcX80ICAhwCoE06KuGGetqb8",
								"method": "POST",
								"headers": {
									"Content-Type": "application/json"
								},
								"body": {
									"activity": "CopyFootfall",
									"message": "@{activity('CopyFootfall').error.message}",
									"dataFactoryName": "@{pipeline().DataFactory}",
									"pipelineName": "@{pipeline().Pipeline}",
									"FailureNotificationRecipient": "@pipeline().parameters.FailureNotificationRecipient"
								}
							}
						},
						{
							"name": "IfRowsCopied",
							"type": "IfCondition",
							"dependsOn": [
								{
									"activity": "CopyFootfall",
									"dependencyConditions": [
										"Succeeded"
									]
								}
							],
							"userProperties": [],
							"typeProperties": {
								"expression": {
									"value": "@greaterOrEquals(activity('CopyFootfall').output.rowsCopied,1)",
									"type": "Expression"
								},
								"ifTrueActivities": [
									{
										"name": "UpdateFilenameColumn",
										"type": "Custom",
										"dependsOn": [],
										"policy": {
											"timeout": "7.00:00:00",
											"retry": 3,
											"retryIntervalInSeconds": 60,
											"secureOutput": false,
											"secureInput": false
										},
										"userProperties": [],
										"typeProperties": {
											"command": {
												"value": "python update_column.py @{pipeline().parameters.table_name} @{pipeline().parameters.column_name} \"'@{item().name}'\"",
												"type": "Expression"
											},
											"resourceLinkedService": {
												"referenceName": "dataplatformstoragearea",
												"type": "LinkedServiceReference"
											},
											"folderPath": "scripts",
											"referenceObjects": {
												"linkedServices": [],
												"datasets": []
											}
										},
										"linkedServiceName": {
											"referenceName": "dataplatformbatch",
											"type": "LinkedServiceReference"
										}
									},
									{
										"name": "UpdateFilenameColumnFailure",
										"type": "WebActivity",
										"dependsOn": [
											{
												"activity": "UpdateFilenameColumn",
												"dependencyConditions": [
													"Failed"
												]
											}
										],
										"policy": {
											"timeout": "7.00:00:00",
											"retry": 0,
											"retryIntervalInSeconds": 30,
											"secureOutput": false,
											"secureInput": false
										},
										"userProperties": [],
										"typeProperties": {
											"url": "https://prod-17.northeurope.logic.azure.com:443/workflows/b5b00e5596e94affb317290e4964e4a4/triggers/manual/paths/invoke?api-version=2016-10-01&sp=%2Ftriggers%2Fmanual%2Frun&sv=1.0&sig=55j9tHX1WsutSx6HqYyFcX80ICAhwCoE06KuGGetqb8",
											"method": "POST",
											"headers": {
												"Content-Type": "application/json"
											},
											"body": {
												"activity": "UpdateFilenameColumn",
												"message": "@{activity('UpdateFilenameColumn').error.message}",
												"dataFactoryName": "@{pipeline().DataFactory}",
												"pipelineName": "@{pipeline().Pipeline}",
												"FailureNotificationRecipient": "@pipeline().parameters.FailureNotificationRecipient"
											}
										}
									}
								]
							}
						}
					]
				}
			},
			{
				"name": "sp_truncate_staging_magnet_footfall",
				"type": "SqlServerStoredProcedure",
				"dependsOn": [
					{
						"activity": "FilterFootfall",
						"dependencyConditions": [
							"Succeeded"
						]
					}
				],
				"policy": {
					"timeout": "7.00:00:00",
					"retry": 0,
					"retryIntervalInSeconds": 30,
					"secureOutput": false,
					"secureInput": false
				},
				"userProperties": [],
				"typeProperties": {
					"storedProcedureName": "[dbo].[sp_truncate_staging_magnet_footfall]"
				},
				"linkedServiceName": {
					"referenceName": "SQLDataWarehouse",
					"type": "LinkedServiceReference"
				}
			},
			{
				"name": "sp_insert_magnet_history_footfall",
				"type": "SqlServerStoredProcedure",
				"dependsOn": [
					{
						"activity": "ForEachFootfall",
						"dependencyConditions": [
							"Succeeded"
						]
					}
				],
				"policy": {
					"timeout": "7.00:00:00",
					"retry": 0,
					"retryIntervalInSeconds": 30,
					"secureOutput": false,
					"secureInput": false
				},
				"userProperties": [],
				"typeProperties": {
					"storedProcedureName": "[dbo].[sp_insert_magnet_history_footfall]"
				},
				"linkedServiceName": {
					"referenceName": "SQLDataWarehouse",
					"type": "LinkedServiceReference"
				}
			},
			{
				"name": "GetArtFTPArchiveRecentFootfallFilenamesFailure",
				"type": "WebActivity",
				"dependsOn": [
					{
						"activity": "GetArtFTPArchiveRecentFootfallFilenames",
						"dependencyConditions": [
							"Failed"
						]
					}
				],
				"policy": {
					"timeout": "7.00:00:00",
					"retry": 0,
					"retryIntervalInSeconds": 30,
					"secureOutput": false,
					"secureInput": false
				},
				"userProperties": [],
				"typeProperties": {
					"url": "https://prod-17.northeurope.logic.azure.com:443/workflows/b5b00e5596e94affb317290e4964e4a4/triggers/manual/paths/invoke?api-version=2016-10-01&sp=%2Ftriggers%2Fmanual%2Frun&sv=1.0&sig=55j9tHX1WsutSx6HqYyFcX80ICAhwCoE06KuGGetqb8",
					"method": "POST",
					"headers": {
						"Content-Type": "application/json"
					},
					"body": {
						"activity": "GetArtFTPArchiveRecentFootfallFilenames",
						"message": "@{activity('GetArtFTPArchiveRecentFootfallFilenames').error.message}",
						"dataFactoryName": "@{pipeline().DataFactory}",
						"pipelineName": "@{pipeline().Pipeline}",
						"FailureNotificationRecipient": "@pipeline().parameters.FailureNotificationRecipient"
					}
				}
			},
			{
				"name": "FilterFootfallFailure",
				"type": "WebActivity",
				"dependsOn": [
					{
						"activity": "FilterFootfall",
						"dependencyConditions": [
							"Failed"
						]
					}
				],
				"policy": {
					"timeout": "7.00:00:00",
					"retry": 0,
					"retryIntervalInSeconds": 30,
					"secureOutput": false,
					"secureInput": false
				},
				"userProperties": [],
				"typeProperties": {
					"url": "https://prod-17.northeurope.logic.azure.com:443/workflows/b5b00e5596e94affb317290e4964e4a4/triggers/manual/paths/invoke?api-version=2016-10-01&sp=%2Ftriggers%2Fmanual%2Frun&sv=1.0&sig=55j9tHX1WsutSx6HqYyFcX80ICAhwCoE06KuGGetqb8",
					"method": "POST",
					"headers": {
						"Content-Type": "application/json"
					},
					"body": {
						"activity": "FilterFootfall",
						"message": "@{activity('FilterFootfall').error.message}",
						"dataFactoryName": "@{pipeline().DataFactory}",
						"pipelineName": "@{pipeline().Pipeline}",
						"FailureNotificationRecipient": "@pipeline().parameters.FailureNotificationRecipient"
					}
				}
			},
			{
				"name": "sp_truncate_staging_magnet_footfallFailure",
				"type": "WebActivity",
				"dependsOn": [
					{
						"activity": "sp_truncate_staging_magnet_footfall",
						"dependencyConditions": [
							"Failed"
						]
					}
				],
				"policy": {
					"timeout": "7.00:00:00",
					"retry": 0,
					"retryIntervalInSeconds": 30,
					"secureOutput": false,
					"secureInput": false
				},
				"userProperties": [],
				"typeProperties": {
					"url": "https://prod-17.northeurope.logic.azure.com:443/workflows/b5b00e5596e94affb317290e4964e4a4/triggers/manual/paths/invoke?api-version=2016-10-01&sp=%2Ftriggers%2Fmanual%2Frun&sv=1.0&sig=55j9tHX1WsutSx6HqYyFcX80ICAhwCoE06KuGGetqb8",
					"method": "POST",
					"headers": {
						"Content-Type": "application/json"
					},
					"body": {
						"activity": "sp_truncate_staging_magnet_footfall",
						"message": "@{activity('sp_truncate_staging_magnet_footfall').error.message}",
						"dataFactoryName": "@{pipeline().DataFactory}",
						"pipelineName": "@{pipeline().Pipeline}",
						"FailureNotificationRecipient": "@pipeline().parameters.FailureNotificationRecipient"
					}
				}
			},
			{
				"name": "ForEachFootfallFailure",
				"type": "WebActivity",
				"dependsOn": [
					{
						"activity": "ForEachFootfall",
						"dependencyConditions": [
							"Failed"
						]
					}
				],
				"policy": {
					"timeout": "7.00:00:00",
					"retry": 0,
					"retryIntervalInSeconds": 30,
					"secureOutput": false,
					"secureInput": false
				},
				"userProperties": [],
				"typeProperties": {
					"url": "https://prod-17.northeurope.logic.azure.com:443/workflows/b5b00e5596e94affb317290e4964e4a4/triggers/manual/paths/invoke?api-version=2016-10-01&sp=%2Ftriggers%2Fmanual%2Frun&sv=1.0&sig=55j9tHX1WsutSx6HqYyFcX80ICAhwCoE06KuGGetqb8",
					"method": "POST",
					"headers": {
						"Content-Type": "application/json"
					},
					"body": {
						"activity": "ForEachFootfall",
						"message": "@{activity('ForEachFootfall').error.message}",
						"dataFactoryName": "@{pipeline().DataFactory}",
						"pipelineName": "@{pipeline().Pipeline}",
						"FailureNotificationRecipient": "@pipeline().parameters.FailureNotificationRecipient"
					}
				}
			},
			{
				"name": "sp_insert_magnet_history_footfallFailure",
				"type": "WebActivity",
				"dependsOn": [
					{
						"activity": "sp_insert_magnet_history_footfall",
						"dependencyConditions": [
							"Failed"
						]
					}
				],
				"policy": {
					"timeout": "7.00:00:00",
					"retry": 0,
					"retryIntervalInSeconds": 30,
					"secureOutput": false,
					"secureInput": false
				},
				"userProperties": [],
				"typeProperties": {
					"url": "https://prod-17.northeurope.logic.azure.com:443/workflows/b5b00e5596e94affb317290e4964e4a4/triggers/manual/paths/invoke?api-version=2016-10-01&sp=%2Ftriggers%2Fmanual%2Frun&sv=1.0&sig=55j9tHX1WsutSx6HqYyFcX80ICAhwCoE06KuGGetqb8",
					"method": "POST",
					"headers": {
						"Content-Type": "application/json"
					},
					"body": {
						"activity": "sp_insert_magnet_history_footfall",
						"message": "@{activity('sp_insert_magnet_history_footfall').error.message}",
						"dataFactoryName": "@{pipeline().DataFactory}",
						"pipelineName": "@{pipeline().Pipeline}",
						"FailureNotificationRecipient": "@pipeline().parameters.FailureNotificationRecipient"
					}
				}
			}
		],
		"parameters": {
			"FailureNotificationRecipient": {
				"type": "String",
				"defaultValue": "data.platform@mcarthurglen.com"
			},
			"table_name": {
				"type": "String",
				"defaultValue": "staging.magnet_footfall"
			},
			"column_name": {
				"type": "String",
				"defaultValue": "filename"
			}
		},
		"folder": {
			"name": "MagNET"
		},
		"annotations": []
	},
	"type": "Microsoft.DataFactory/factories/pipelines"
}