{
	"name": "MagNETProcessBRANDALL",
	"properties": {
		"activities": [
			{
				"name": "ForEachFilename",
				"type": "ForEach",
				"dependsOn": [
					{
						"activity": "GetFilenamesToProcess",
						"dependencyConditions": [
							"Succeeded"
						]
					}
				],
				"userProperties": [],
				"typeProperties": {
					"items": {
						"value": "@activity('GetFilenamesToProcess').output.value",
						"type": "Expression"
					},
					"isSequential": true,
					"activities": [
						{
							"name": "sp_update_magnet_BRANDFailure",
							"type": "WebActivity",
							"dependsOn": [
								{
									"activity": "sp_update_magnet_BRAND",
									"dependencyConditions": [
										"Failed"
									]
								}
							],
							"policy": {
								"timeout": "7.00:00:00",
								"retry": 0,
								"retryIntervalInSeconds": 30,
								"secureOutput": false,
								"secureInput": false
							},
							"userProperties": [],
							"typeProperties": {
								"url": "https://prod-17.northeurope.logic.azure.com:443/workflows/b5b00e5596e94affb317290e4964e4a4/triggers/manual/paths/invoke?api-version=2016-10-01&sp=%2Ftriggers%2Fmanual%2Frun&sv=1.0&sig=55j9tHX1WsutSx6HqYyFcX80ICAhwCoE06KuGGetqb8",
								"method": "POST",
								"headers": {
									"Content-Type": "application/json"
								},
								"body": {
									"activity": "sp_update_magnet_BRAND",
									"message": "@{activity('sp_update_magnet_BRAND').error.message}",
									"dataFactoryName": "@{pipeline().DataFactory}",
									"pipelineName": "@{pipeline().Pipeline}",
									"FailureNotificationRecipient": "@pipeline().parameters.FailureNotificationRecipient"
								}
							}
						},
						{
							"name": "sp_update_magnet_BRAND",
							"type": "SqlServerStoredProcedure",
							"dependsOn": [
								{
									"activity": "sp_insert_magnet_BRAND",
									"dependencyConditions": [
										"Succeeded"
									]
								}
							],
							"policy": {
								"timeout": "7.00:00:00",
								"retry": 0,
								"retryIntervalInSeconds": 30,
								"secureOutput": false,
								"secureInput": false
							},
							"userProperties": [],
							"typeProperties": {
								"storedProcedureName": "[dbo].[sp_update_magnet_brand]",
								"storedProcedureParameters": {
									"filename": {
										"value": {
											"value": "@{item().filename}",
											"type": "Expression"
										},
										"type": "String"
									}
								}
							},
							"linkedServiceName": {
								"referenceName": "SQLDataWarehouse",
								"type": "LinkedServiceReference"
							}
						},
						{
							"name": "sp_insert_magnet_BRAND",
							"type": "SqlServerStoredProcedure",
							"dependsOn": [],
							"policy": {
								"timeout": "7.00:00:00",
								"retry": 0,
								"retryIntervalInSeconds": 30,
								"secureOutput": false,
								"secureInput": false
							},
							"userProperties": [],
							"typeProperties": {
								"storedProcedureName": "[dbo].[sp_insert_magnet_brand]",
								"storedProcedureParameters": {
									"filename": {
										"value": {
											"value": "@{item().filename}",
											"type": "Expression"
										},
										"type": "String"
									}
								}
							},
							"linkedServiceName": {
								"referenceName": "SQLDataWarehouse",
								"type": "LinkedServiceReference"
							}
						},
						{
							"name": "sp_insert_magnet_BRANDFailure",
							"type": "WebActivity",
							"dependsOn": [
								{
									"activity": "sp_insert_magnet_BRAND",
									"dependencyConditions": [
										"Failed"
									]
								}
							],
							"policy": {
								"timeout": "7.00:00:00",
								"retry": 0,
								"retryIntervalInSeconds": 30,
								"secureOutput": false,
								"secureInput": false
							},
							"userProperties": [],
							"typeProperties": {
								"url": "https://prod-17.northeurope.logic.azure.com:443/workflows/b5b00e5596e94affb317290e4964e4a4/triggers/manual/paths/invoke?api-version=2016-10-01&sp=%2Ftriggers%2Fmanual%2Frun&sv=1.0&sig=55j9tHX1WsutSx6HqYyFcX80ICAhwCoE06KuGGetqb8",
								"method": "POST",
								"headers": {
									"Content-Type": "application/json"
								},
								"body": {
									"activity": "sp_insert_magnet_BRAND",
									"message": "@{activity('sp_insert_magnet_BRAND').error.message}",
									"dataFactoryName": "@{pipeline().DataFactory}",
									"pipelineName": "@{pipeline().Pipeline}",
									"FailureNotificationRecipient": "@pipeline().parameters.FailureNotificationRecipient"
								}
							}
						},
						{
							"name": "sp_insert_staging_magnet_process_log",
							"type": "SqlServerStoredProcedure",
							"dependsOn": [
								{
									"activity": "sp_update_magnet_BRAND_DELETION",
									"dependencyConditions": [
										"Succeeded"
									]
								}
							],
							"policy": {
								"timeout": "7.00:00:00",
								"retry": 0,
								"retryIntervalInSeconds": 30,
								"secureOutput": false,
								"secureInput": false
							},
							"userProperties": [],
							"typeProperties": {
								"storedProcedureName": "[dbo].[sp_insert_staging_magnet_process_log]",
								"storedProcedureParameters": {
									"tablename": {
										"value": {
											"value": "@{replace(pipeline().parameters.table_name,'magnet_history.','')}",
											"type": "Expression"
										},
										"type": "String"
									},
									"filename": {
										"value": {
											"value": "@{item().filename}",
											"type": "Expression"
										}
									}
								}
							},
							"linkedServiceName": {
								"referenceName": "SQLDataWarehouse",
								"type": "LinkedServiceReference"
							}
						},
						{
							"name": "sp_insert_staging_magnet_process_logFailure",
							"type": "WebActivity",
							"dependsOn": [
								{
									"activity": "sp_insert_staging_magnet_process_log",
									"dependencyConditions": [
										"Failed"
									]
								}
							],
							"policy": {
								"timeout": "7.00:00:00",
								"retry": 0,
								"retryIntervalInSeconds": 30,
								"secureOutput": false,
								"secureInput": false
							},
							"userProperties": [],
							"typeProperties": {
								"url": "https://prod-17.northeurope.logic.azure.com:443/workflows/b5b00e5596e94affb317290e4964e4a4/triggers/manual/paths/invoke?api-version=2016-10-01&sp=%2Ftriggers%2Fmanual%2Frun&sv=1.0&sig=55j9tHX1WsutSx6HqYyFcX80ICAhwCoE06KuGGetqb8",
								"method": "POST",
								"headers": {
									"Content-Type": "application/json"
								},
								"body": {
									"activity": "sp_insert_staging_magnet_process_log",
									"message": "@{activity('sp_insert_staging_magnet_process_log').error.message}",
									"dataFactoryName": "@{pipeline().DataFactory}",
									"pipelineName": "@{pipeline().Pipeline}",
									"FailureNotificationRecipient": "@pipeline().parameters.FailureNotificationRecipient"
								}
							}
						},
						{
							"name": "sp_update_magnet_BRAND_DELETIONFailure",
							"type": "WebActivity",
							"dependsOn": [
								{
									"activity": "sp_update_magnet_BRAND_DELETION",
									"dependencyConditions": [
										"Failed"
									]
								}
							],
							"policy": {
								"timeout": "7.00:00:00",
								"retry": 0,
								"retryIntervalInSeconds": 30,
								"secureOutput": false,
								"secureInput": false
							},
							"userProperties": [],
							"typeProperties": {
								"url": "https://prod-17.northeurope.logic.azure.com:443/workflows/b5b00e5596e94affb317290e4964e4a4/triggers/manual/paths/invoke?api-version=2016-10-01&sp=%2Ftriggers%2Fmanual%2Frun&sv=1.0&sig=55j9tHX1WsutSx6HqYyFcX80ICAhwCoE06KuGGetqb8",
								"method": "POST",
								"headers": {
									"Content-Type": "application/json"
								},
								"body": {
									"activity": "sp_update_magnet_BRAND_DELETION",
									"message": "@{activity('sp_update_magnet_BRAND_DELETION').error.message}",
									"dataFactoryName": "@{pipeline().DataFactory}",
									"pipelineName": "@{pipeline().Pipeline}",
									"FailureNotificationRecipient": "@pipeline().parameters.FailureNotificationRecipient"
								}
							}
						},
						{
							"name": "sp_update_magnet_BRAND_DELETION",
							"type": "SqlServerStoredProcedure",
							"dependsOn": [
								{
									"activity": "sp_update_magnet_BRAND",
									"dependencyConditions": [
										"Succeeded"
									]
								}
							],
							"policy": {
								"timeout": "7.00:00:00",
								"retry": 0,
								"retryIntervalInSeconds": 30,
								"secureOutput": false,
								"secureInput": false
							},
							"userProperties": [],
							"typeProperties": {
								"storedProcedureName": "[dbo].[sp_update_magnet_brand_deletion]",
								"storedProcedureParameters": {
									"filename": {
										"value": {
											"value": "@{item().filename}",
											"type": "Expression"
										},
										"type": "String"
									}
								}
							},
							"linkedServiceName": {
								"referenceName": "SQLDataWarehouse",
								"type": "LinkedServiceReference"
							}
						}
					]
				}
			},
			{
				"name": "GetFilenamesToProcessFailure",
				"type": "WebActivity",
				"dependsOn": [
					{
						"activity": "GetFilenamesToProcess",
						"dependencyConditions": [
							"Failed"
						]
					}
				],
				"policy": {
					"timeout": "7.00:00:00",
					"retry": 0,
					"retryIntervalInSeconds": 30,
					"secureOutput": false,
					"secureInput": false
				},
				"userProperties": [],
				"typeProperties": {
					"url": "https://prod-17.northeurope.logic.azure.com:443/workflows/b5b00e5596e94affb317290e4964e4a4/triggers/manual/paths/invoke?api-version=2016-10-01&sp=%2Ftriggers%2Fmanual%2Frun&sv=1.0&sig=55j9tHX1WsutSx6HqYyFcX80ICAhwCoE06KuGGetqb8",
					"method": "POST",
					"headers": {
						"Content-Type": "application/json"
					},
					"body": {
						"activity": "GetFilenamesToProcess",
						"message": "@{activity('GetFilenamesToProcess').error.message}",
						"dataFactoryName": "@{pipeline().DataFactory}",
						"pipelineName": "@{pipeline().Pipeline}",
						"FailureNotificationRecipient": "@pipeline().parameters.FailureNotificationRecipient"
					}
				}
			},
			{
				"name": "ForEachFilenameFailure",
				"type": "WebActivity",
				"dependsOn": [
					{
						"activity": "ForEachFilename",
						"dependencyConditions": [
							"Failed"
						]
					}
				],
				"policy": {
					"timeout": "7.00:00:00",
					"retry": 0,
					"retryIntervalInSeconds": 30,
					"secureOutput": false,
					"secureInput": false
				},
				"userProperties": [],
				"typeProperties": {
					"url": "https://prod-17.northeurope.logic.azure.com:443/workflows/b5b00e5596e94affb317290e4964e4a4/triggers/manual/paths/invoke?api-version=2016-10-01&sp=%2Ftriggers%2Fmanual%2Frun&sv=1.0&sig=55j9tHX1WsutSx6HqYyFcX80ICAhwCoE06KuGGetqb8",
					"method": "POST",
					"headers": {
						"Content-Type": "application/json"
					},
					"body": {
						"activity": "ForEachFilename",
						"message": "@{activity('ForEachFilename').error.message}",
						"dataFactoryName": "@{pipeline().DataFactory}",
						"pipelineName": "@{pipeline().Pipeline}",
						"FailureNotificationRecipient": "@pipeline().parameters.FailureNotificationRecipient"
					}
				}
			},
			{
				"name": "GetFilenamesToProcess",
				"type": "Lookup",
				"dependsOn": [],
				"policy": {
					"timeout": "7.00:00:00",
					"retry": 0,
					"retryIntervalInSeconds": 30,
					"secureOutput": false,
					"secureInput": false
				},
				"userProperties": [],
				"typeProperties": {
					"source": {
						"type": "SqlDWSource",
						"sqlReaderQuery": {
							"value": "SELECT fn.[filename]\nFROM @{pipeline().parameters.table_name} fn\nLEFT JOIN staging.magnet_process_log pl ON fn.[filename] = pl.[filename]\nWHERE pl.[filename] IS NULL\nGROUP BY fn.[filename]\nORDER BY  CONCAT('20', \n                 SUBSTRING(STUFF(fn.[filename], 1, PATINDEX('%[0-9]%', fn.[filename])-1, ''),5,2),\n                 SUBSTRING(STUFF(fn.[filename], 1, PATINDEX('%[0-9]%', fn.[filename])-1, ''),3,2),\n                 SUBSTRING(STUFF(fn.[filename], 1, PATINDEX('%[0-9]%', fn.[filename])-1, ''),1,2),\n                 '-',\n                 SUBSTRING(STUFF(fn.[filename], 1, PATINDEX('%[0-9]%', fn.[filename])-1, ''),8,6)\n                 );",
							"type": "Expression"
						}
					},
					"dataset": {
						"referenceName": "SQLDataWarehouse",
						"type": "DatasetReference"
					},
					"firstRowOnly": false
				}
			}
		],
		"parameters": {
			"FailureNotificationRecipient": {
				"type": "String",
				"defaultValue": "data.platform@mcarthurglen.com"
			},
			"table_name": {
				"type": "String",
				"defaultValue": "magnet_history.brand"
			}
		},
		"folder": {
			"name": "MagNET"
		},
		"annotations": []
	},
	"type": "Microsoft.DataFactory/factories/pipelines"
}