{
	"name": "MagNETImport",
	"properties": {
		"activities": [
			{
				"name": "MagNETImportBRANDALL",
				"type": "ExecutePipeline",
				"dependsOn": [
					{
						"activity": "MagNETImportFILENAMES",
						"dependencyConditions": [
							"Succeeded"
						]
					}
				],
				"userProperties": [],
				"typeProperties": {
					"pipeline": {
						"referenceName": "MagNETImportBRANDALL",
						"type": "PipelineReference"
					},
					"waitOnCompletion": true
				}
			},
			{
				"name": "MagNETImportBRANDGROUPINGALL",
				"type": "ExecutePipeline",
				"dependsOn": [
					{
						"activity": "MagNETImportBRANDALL",
						"dependencyConditions": [
							"Succeeded"
						]
					}
				],
				"userProperties": [],
				"typeProperties": {
					"pipeline": {
						"referenceName": "MagNETImportBRANDGROUPINGALL",
						"type": "PipelineReference"
					},
					"waitOnCompletion": true
				}
			},
			{
				"name": "MagNETImportCENTREALL",
				"type": "ExecutePipeline",
				"dependsOn": [
					{
						"activity": "MagNETImportBUDGETSALESUNITDELETED",
						"dependencyConditions": [
							"Succeeded"
						]
					}
				],
				"userProperties": [],
				"typeProperties": {
					"pipeline": {
						"referenceName": "MagNETImportCENTREALL",
						"type": "PipelineReference"
					},
					"waitOnCompletion": true
				}
			},
			{
				"name": "MagNETImportEXCHANGERATEALL",
				"type": "ExecutePipeline",
				"dependsOn": [
					{
						"activity": "MagNETImportCENTREALL",
						"dependencyConditions": [
							"Succeeded"
						]
					}
				],
				"userProperties": [],
				"typeProperties": {
					"pipeline": {
						"referenceName": "MagNETImportEXCHANGERATEALL",
						"type": "PipelineReference"
					},
					"waitOnCompletion": true
				}
			},
			{
				"name": "MagNETImportLEASESTATUSALL",
				"type": "ExecutePipeline",
				"dependsOn": [
					{
						"activity": "MagNETImportFOOTFALLCENTRENEWUPDATED",
						"dependencyConditions": [
							"Succeeded"
						]
					}
				],
				"userProperties": [],
				"typeProperties": {
					"pipeline": {
						"referenceName": "MagNETImportLEASESTATUSALL",
						"type": "PipelineReference"
					},
					"waitOnCompletion": true
				}
			},
			{
				"name": "MagNETImportPHASEALL",
				"type": "ExecutePipeline",
				"dependsOn": [
					{
						"activity": "MagNETImportLEASESTATUSALL",
						"dependencyConditions": [
							"Succeeded"
						]
					}
				],
				"userProperties": [],
				"typeProperties": {
					"pipeline": {
						"referenceName": "MagNETImportPHASEALL",
						"type": "PipelineReference"
					},
					"waitOnCompletion": true
				}
			},
			{
				"name": "MagNETImportPRIORITYALL",
				"type": "ExecutePipeline",
				"dependsOn": [
					{
						"activity": "MagNETImportPHASEALL",
						"dependencyConditions": [
							"Succeeded"
						]
					}
				],
				"userProperties": [],
				"typeProperties": {
					"pipeline": {
						"referenceName": "MagNETImportPRIORITYALL",
						"type": "PipelineReference"
					},
					"waitOnCompletion": true
				}
			},
			{
				"name": "MagNETImportREGIONALL",
				"type": "ExecutePipeline",
				"dependsOn": [
					{
						"activity": "MagNETImportPRIORITYALL",
						"dependencyConditions": [
							"Succeeded"
						]
					}
				],
				"userProperties": [],
				"typeProperties": {
					"pipeline": {
						"referenceName": "MagNETImportREGIONALL",
						"type": "PipelineReference"
					},
					"waitOnCompletion": true
				}
			},
			{
				"name": "MagNETImportSALESCATEGORYALL",
				"type": "ExecutePipeline",
				"dependsOn": [
					{
						"activity": "MagNETImportREGIONALL",
						"dependencyConditions": [
							"Succeeded"
						]
					}
				],
				"userProperties": [],
				"typeProperties": {
					"pipeline": {
						"referenceName": "MagNETImportSALESCATEGORYALL",
						"type": "PipelineReference"
					},
					"waitOnCompletion": true
				}
			},
			{
				"name": "MagNETImportSALESNEWUPDATEDALL",
				"type": "ExecutePipeline",
				"dependsOn": [
					{
						"activity": "MagNETImportSALESCATEGORYALL",
						"dependencyConditions": [
							"Succeeded"
						]
					}
				],
				"userProperties": [],
				"typeProperties": {
					"pipeline": {
						"referenceName": "MagNETImportSALESNEWUPDATED",
						"type": "PipelineReference"
					},
					"waitOnCompletion": true
				}
			},
			{
				"name": "MagNETImportSALESDELETEDALL",
				"type": "ExecutePipeline",
				"dependsOn": [
					{
						"activity": "MagNETImportSALESNEWUPDATEDALL",
						"dependencyConditions": [
							"Succeeded"
						]
					}
				],
				"userProperties": [],
				"typeProperties": {
					"pipeline": {
						"referenceName": "MagNETImportSALESDELETED",
						"type": "PipelineReference"
					},
					"waitOnCompletion": true
				}
			},
			{
				"name": "MagNETImportFOOTFALLCENTRENEWUPDATED",
				"type": "ExecutePipeline",
				"dependsOn": [
					{
						"activity": "MagNETImportEXCHANGERATEALL",
						"dependencyConditions": [
							"Succeeded"
						]
					}
				],
				"userProperties": [],
				"typeProperties": {
					"pipeline": {
						"referenceName": "MagNETImportFOOTFALLCENTRENEWUPDATED",
						"type": "PipelineReference"
					},
					"waitOnCompletion": true
				}
			},
			{
				"name": "MagNETImportTRADINGDAYALL",
				"type": "ExecutePipeline",
				"dependsOn": [
					{
						"activity": "MagNETImportSALESDELETEDALL",
						"dependencyConditions": [
							"Succeeded"
						]
					}
				],
				"userProperties": [],
				"typeProperties": {
					"pipeline": {
						"referenceName": "MagNETImportTRADINGDAYALL",
						"type": "PipelineReference"
					},
					"waitOnCompletion": true
				}
			},
			{
				"name": "MagNETImportFILENAMES",
				"type": "ExecutePipeline",
				"dependsOn": [],
				"userProperties": [],
				"typeProperties": {
					"pipeline": {
						"referenceName": "MagNETImportFILENAMES",
						"type": "PipelineReference"
					},
					"waitOnCompletion": true
				}
			},
			{
				"name": "MagNETImportBUDGETSALESUNITNEWUPDATED",
				"type": "ExecutePipeline",
				"dependsOn": [
					{
						"activity": "MagNETImportBRANDGROUPINGALL",
						"dependencyConditions": [
							"Succeeded"
						]
					}
				],
				"userProperties": [],
				"typeProperties": {
					"pipeline": {
						"referenceName": "MagNETImportBUDGETSALESUNITNEWUPDATED",
						"type": "PipelineReference"
					},
					"waitOnCompletion": true
				}
			},
			{
				"name": "MagNETImportBUDGETSALESUNITDELETED",
				"type": "ExecutePipeline",
				"dependsOn": [
					{
						"activity": "MagNETImportBUDGETSALESUNITNEWUPDATED",
						"dependencyConditions": [
							"Succeeded"
						]
					}
				],
				"userProperties": [],
				"typeProperties": {
					"pipeline": {
						"referenceName": "MagNETImportBUDGETSALESUNITDELETED",
						"type": "PipelineReference"
					},
					"waitOnCompletion": true
				}
			}
		],
		"folder": {
			"name": "MagNET"
		},
		"annotations": []
	},
	"type": "Microsoft.DataFactory/factories/pipelines"
}