{
	"name": "MagNETLegacyProcess",
	"properties": {
		"activities": [
			{
				"name": "Wait1",
				"type": "Wait",
				"dependsOn": [],
				"userProperties": [],
				"typeProperties": {
					"waitTimeInSeconds": 1
				}
			},
			{
				"name": "MagNETProcessMagNET_Unit_History",
				"type": "ExecutePipeline",
				"dependsOn": [
					{
						"activity": "Wait1",
						"dependencyConditions": [
							"Succeeded"
						]
					}
				],
				"userProperties": [],
				"typeProperties": {
					"pipeline": {
						"referenceName": "MagNETLegacyProcessMagNET_Unit_History",
						"type": "PipelineReference"
					},
					"waitOnCompletion": true
				}
			},
			{
				"name": "MagNETProcessUnit",
				"type": "ExecutePipeline",
				"dependsOn": [
					{
						"activity": "MagNETProcessMagNET_Unit_History",
						"dependencyConditions": [
							"Succeeded"
						]
					}
				],
				"userProperties": [],
				"typeProperties": {
					"pipeline": {
						"referenceName": "MagNETLegacyProcessUnit",
						"type": "PipelineReference"
					},
					"waitOnCompletion": true
				}
			},
			{
				"name": "MagNETProcessBrand",
				"type": "ExecutePipeline",
				"dependsOn": [
					{
						"activity": "MagNETProcessUnit",
						"dependencyConditions": [
							"Succeeded"
						]
					}
				],
				"userProperties": [],
				"typeProperties": {
					"pipeline": {
						"referenceName": "MagNETLegacyProcessBrand",
						"type": "PipelineReference"
					},
					"waitOnCompletion": true
				}
			},
			{
				"name": "MagNETProcessLease",
				"type": "ExecutePipeline",
				"dependsOn": [
					{
						"activity": "MagNETProcessBrand",
						"dependencyConditions": [
							"Succeeded"
						]
					}
				],
				"userProperties": [],
				"typeProperties": {
					"pipeline": {
						"referenceName": "MagNETLegacyProcessLease",
						"type": "PipelineReference"
					},
					"waitOnCompletion": true
				}
			},
			{
				"name": "MagNETProcessCentreDaysClosed",
				"type": "ExecutePipeline",
				"dependsOn": [
					{
						"activity": "MagNETProcessLease",
						"dependencyConditions": [
							"Succeeded"
						]
					}
				],
				"userProperties": [],
				"typeProperties": {
					"pipeline": {
						"referenceName": "MagNETLegacyProcessCentreDaysClosed",
						"type": "PipelineReference"
					},
					"waitOnCompletion": true
				}
			},
			{
				"name": "MagNETProcessDailySales",
				"type": "ExecutePipeline",
				"dependsOn": [
					{
						"activity": "MagNETProcessCentreDaysClosed",
						"dependencyConditions": [
							"Succeeded"
						]
					}
				],
				"userProperties": [],
				"typeProperties": {
					"pipeline": {
						"referenceName": "MagNETLegacyProcessDailySales",
						"type": "PipelineReference"
					},
					"waitOnCompletion": true
				}
			},
			{
				"name": "MagNETProcessFootfall",
				"type": "ExecutePipeline",
				"dependsOn": [
					{
						"activity": "MagNETProcessDailySales",
						"dependencyConditions": [
							"Succeeded"
						]
					}
				],
				"userProperties": [],
				"typeProperties": {
					"pipeline": {
						"referenceName": "MagNETLegacyProcessFootfall",
						"type": "PipelineReference"
					},
					"waitOnCompletion": true
				}
			},
			{
				"name": "MagNETProcessDailySales_ExtendedHours",
				"type": "ExecutePipeline",
				"dependsOn": [
					{
						"activity": "MagNETProcessFootfall",
						"dependencyConditions": [
							"Succeeded"
						]
					}
				],
				"userProperties": [],
				"typeProperties": {
					"pipeline": {
						"referenceName": "MagNETLegacyProcessDailySales_ExtendedHours",
						"type": "PipelineReference"
					},
					"waitOnCompletion": true
				}
			},
			{
				"name": "MagNETProcessCentreFootfallTotal",
				"type": "ExecutePipeline",
				"dependsOn": [
					{
						"activity": "MagNETProcessDailySales_ExtendedHours",
						"dependencyConditions": [
							"Succeeded"
						]
					}
				],
				"userProperties": [],
				"typeProperties": {
					"pipeline": {
						"referenceName": "MagNETLegacyProcessCentreFootfallTotal",
						"type": "PipelineReference"
					},
					"waitOnCompletion": true
				}
			},
			{
				"name": "MagNETProcessTaxFreeSales",
				"type": "ExecutePipeline",
				"dependsOn": [
					{
						"activity": "MagNETProcessCentreFootfallTotal",
						"dependencyConditions": [
							"Succeeded"
						]
					}
				],
				"userProperties": [],
				"typeProperties": {
					"pipeline": {
						"referenceName": "MagNETLegacyProcessTaxFreeSales",
						"type": "PipelineReference"
					},
					"waitOnCompletion": true
				}
			},
			{
				"name": "MagNETProcessBudgetRatios",
				"type": "ExecutePipeline",
				"dependsOn": [
					{
						"activity": "MagNETProcessTaxFreeSales",
						"dependencyConditions": [
							"Succeeded"
						]
					}
				],
				"userProperties": [],
				"typeProperties": {
					"pipeline": {
						"referenceName": "MagNETLegacyProcessBudgetRatios",
						"type": "PipelineReference"
					},
					"waitOnCompletion": true
				}
			},
			{
				"name": "MagNETProcessBudgets",
				"type": "ExecutePipeline",
				"dependsOn": [
					{
						"activity": "MagNETProcessBudgetRatios",
						"dependencyConditions": [
							"Succeeded"
						]
					}
				],
				"userProperties": [],
				"typeProperties": {
					"pipeline": {
						"referenceName": "MagNETLegacyProcessBudgets",
						"type": "PipelineReference"
					},
					"waitOnCompletion": true
				}
			},
			{
				"name": "MagNETProcessSyncDelayNotification",
				"type": "ExecutePipeline",
				"dependsOn": [
					{
						"activity": "MagNETProcessBudgets",
						"dependencyConditions": [
							"Succeeded"
						]
					}
				],
				"userProperties": [],
				"typeProperties": {
					"pipeline": {
						"referenceName": "MagNETLegacyProcessSyncDelayNotification",
						"type": "PipelineReference"
					},
					"waitOnCompletion": true
				}
			}
		],
		"folder": {
			"name": "MagNET"
		},
		"annotations": []
	},
	"type": "Microsoft.DataFactory/factories/pipelines"
}