{
	"name": "MagNETLegacyImport",
	"properties": {
		"activities": [
			{
				"name": "MagNETImportBRM",
				"type": "ExecutePipeline",
				"dependsOn": [],
				"userProperties": [],
				"typeProperties": {
					"pipeline": {
						"referenceName": "MagNETLegacyImportBRM",
						"type": "PipelineReference"
					},
					"waitOnCompletion": true
				}
			},
			{
				"name": "MagNETImportBudgetRatios",
				"type": "ExecutePipeline",
				"dependsOn": [
					{
						"activity": "MagNETImportBRM",
						"dependencyConditions": [
							"Succeeded"
						]
					}
				],
				"userProperties": [],
				"typeProperties": {
					"pipeline": {
						"referenceName": "MagNETLegacyImportBudgetRatios",
						"type": "PipelineReference"
					},
					"waitOnCompletion": true
				}
			},
			{
				"name": "MagNETImportBudgets",
				"type": "ExecutePipeline",
				"dependsOn": [
					{
						"activity": "MagNETImportBudgetRatios",
						"dependencyConditions": [
							"Succeeded"
						]
					}
				],
				"userProperties": [],
				"typeProperties": {
					"pipeline": {
						"referenceName": "MagNETLegacyImportBudgets",
						"type": "PipelineReference"
					},
					"waitOnCompletion": true
				}
			},
			{
				"name": "MagNETImportCategoryMix",
				"type": "ExecutePipeline",
				"dependsOn": [
					{
						"activity": "MagNETImportBudgets",
						"dependencyConditions": [
							"Succeeded"
						]
					}
				],
				"userProperties": [],
				"typeProperties": {
					"pipeline": {
						"referenceName": "MagNETLegacyImportCategoryMix",
						"type": "PipelineReference"
					},
					"waitOnCompletion": true
				}
			},
			{
				"name": "MagNETImportCentreTotalFootfall",
				"type": "ExecutePipeline",
				"dependsOn": [
					{
						"activity": "MagNETImportCategoryMix",
						"dependencyConditions": [
							"Succeeded"
						]
					}
				],
				"userProperties": [],
				"typeProperties": {
					"pipeline": {
						"referenceName": "MagNETLegacyImportCentreTotalFootfall",
						"type": "PipelineReference"
					},
					"waitOnCompletion": true
				}
			},
			{
				"name": "MagNETImportCommentary",
				"type": "ExecutePipeline",
				"dependsOn": [
					{
						"activity": "MagNETImportCentreTotalFootfall",
						"dependencyConditions": [
							"Succeeded"
						]
					}
				],
				"userProperties": [],
				"typeProperties": {
					"pipeline": {
						"referenceName": "MagNETLegacyImportCommentary",
						"type": "PipelineReference"
					},
					"waitOnCompletion": true
				}
			},
			{
				"name": "MagNETImportDailySales",
				"type": "ExecutePipeline",
				"dependsOn": [
					{
						"activity": "MagNETImportCommentary",
						"dependencyConditions": [
							"Succeeded"
						]
					}
				],
				"userProperties": [],
				"typeProperties": {
					"pipeline": {
						"referenceName": "MagNETLegacyImportDailySales",
						"type": "PipelineReference"
					},
					"waitOnCompletion": true
				}
			},
			{
				"name": "MagNETImportExtendedHours",
				"type": "ExecutePipeline",
				"dependsOn": [
					{
						"activity": "MagNETImportDailySales",
						"dependencyConditions": [
							"Succeeded"
						]
					}
				],
				"userProperties": [],
				"typeProperties": {
					"pipeline": {
						"referenceName": "MagNETLegacyImportExtendedHours",
						"type": "PipelineReference"
					},
					"waitOnCompletion": true
				}
			},
			{
				"name": "MagNETImportLeases",
				"type": "ExecutePipeline",
				"dependsOn": [
					{
						"activity": "MagNETImportExtendedHours",
						"dependencyConditions": [
							"Succeeded"
						]
					}
				],
				"userProperties": [],
				"typeProperties": {
					"pipeline": {
						"referenceName": "MagNETLegacyImportLeases",
						"type": "PipelineReference"
					},
					"waitOnCompletion": true
				}
			},
			{
				"name": "MagNETImportStoreAnalysis",
				"type": "ExecutePipeline",
				"dependsOn": [
					{
						"activity": "MagNETImportLeases",
						"dependencyConditions": [
							"Succeeded"
						]
					}
				],
				"userProperties": [],
				"typeProperties": {
					"pipeline": {
						"referenceName": "MagNETLegacyImportStoreAnalysis",
						"type": "PipelineReference"
					},
					"waitOnCompletion": true
				}
			},
			{
				"name": "MagNETImportTaxFree",
				"type": "ExecutePipeline",
				"dependsOn": [
					{
						"activity": "MagNETImportStoreAnalysis",
						"dependencyConditions": [
							"Succeeded"
						]
					}
				],
				"userProperties": [],
				"typeProperties": {
					"pipeline": {
						"referenceName": "MagNETLegacyImportTaxFree",
						"type": "PipelineReference"
					},
					"waitOnCompletion": true
				}
			},
			{
				"name": "MagNETImportTaxFreeSales",
				"type": "ExecutePipeline",
				"dependsOn": [
					{
						"activity": "MagNETImportTaxFree",
						"dependencyConditions": [
							"Succeeded"
						]
					}
				],
				"userProperties": [],
				"typeProperties": {
					"pipeline": {
						"referenceName": "MagNETLegacyImportTaxFreeSales",
						"type": "PipelineReference"
					},
					"waitOnCompletion": true
				}
			},
			{
				"name": "MagNETImportTenantBrands",
				"type": "ExecutePipeline",
				"dependsOn": [
					{
						"activity": "MagNETImportTaxFreeSales",
						"dependencyConditions": [
							"Succeeded"
						]
					}
				],
				"userProperties": [],
				"typeProperties": {
					"pipeline": {
						"referenceName": "MagNETLegacyImportTenantBrands",
						"type": "PipelineReference"
					},
					"waitOnCompletion": true
				}
			},
			{
				"name": "MagNETImportTradingDays",
				"type": "ExecutePipeline",
				"dependsOn": [
					{
						"activity": "MagNETImportTenantBrands",
						"dependencyConditions": [
							"Succeeded"
						]
					}
				],
				"userProperties": [],
				"typeProperties": {
					"pipeline": {
						"referenceName": "MagNETLegacyImportTradingDays",
						"type": "PipelineReference"
					},
					"waitOnCompletion": true
				}
			},
			{
				"name": "MagNETImportUnitPhases",
				"type": "ExecutePipeline",
				"dependsOn": [
					{
						"activity": "MagNETImportTradingDays",
						"dependencyConditions": [
							"Succeeded"
						]
					}
				],
				"userProperties": [],
				"typeProperties": {
					"pipeline": {
						"referenceName": "MagNETLegacyImportUnitPhases",
						"type": "PipelineReference"
					},
					"waitOnCompletion": true
				}
			},
			{
				"name": "MagNETImportWeeklyBudgetSales",
				"type": "ExecutePipeline",
				"dependsOn": [
					{
						"activity": "MagNETImportUnitPhases",
						"dependencyConditions": [
							"Succeeded"
						]
					}
				],
				"userProperties": [],
				"typeProperties": {
					"pipeline": {
						"referenceName": "MagNETLegacyImportWeeklyBudgetSales",
						"type": "PipelineReference"
					},
					"waitOnCompletion": true
				}
			},
			{
				"name": "MagNETImportWeeklySales",
				"type": "ExecutePipeline",
				"dependsOn": [
					{
						"activity": "MagNETImportWeeklyBudgetSales",
						"dependencyConditions": [
							"Succeeded"
						]
					}
				],
				"userProperties": [],
				"typeProperties": {
					"pipeline": {
						"referenceName": "MagNETLegacyImportWeeklySales",
						"type": "PipelineReference"
					},
					"waitOnCompletion": true
				}
			},
			{
				"name": "MagNETImportWeeklySalesBudget",
				"type": "ExecutePipeline",
				"dependsOn": [
					{
						"activity": "MagNETImportWeeklySales",
						"dependencyConditions": [
							"Succeeded"
						]
					}
				],
				"userProperties": [],
				"typeProperties": {
					"pipeline": {
						"referenceName": "MagNETLegacyImportWeeklySalesBudget",
						"type": "PipelineReference"
					},
					"waitOnCompletion": true
				}
			},
			{
				"name": "MagNETImportFootfall",
				"type": "ExecutePipeline",
				"dependsOn": [
					{
						"activity": "MagNETImportWeeklySalesBudget",
						"dependencyConditions": [
							"Succeeded"
						]
					}
				],
				"userProperties": [],
				"typeProperties": {
					"pipeline": {
						"referenceName": "MagNETLegacyImportFootfall",
						"type": "PipelineReference"
					},
					"waitOnCompletion": true
				}
			}
		],
		"folder": {
			"name": "MagNET"
		},
		"annotations": []
	},
	"type": "Microsoft.DataFactory/factories/pipelines"
}