{
	"name": "MagNETLegacyImportDailySalesFULLHISTORICALEXTRACTS",
	"properties": {
		"activities": [
			{
				"name": "CopyDailySalesFULLHISTORICALEXTRACTS",
				"type": "Copy",
				"dependsOn": [],
				"policy": {
					"timeout": "7.00:00:00",
					"retry": 0,
					"retryIntervalInSeconds": 30,
					"secureOutput": false,
					"secureInput": false
				},
				"userProperties": [],
				"typeProperties": {
					"source": {
						"type": "BlobSource",
						"recursive": true
					},
					"sink": {
						"type": "SqlDWSink",
						"allowPolyBase": true,
						"preCopyScript": "TRUNCATE TABLE staging.magnet_daily_sales_full_history;",
						"polyBaseSettings": {
							"rejectValue": 0,
							"rejectType": "value",
							"useTypeDefault": true
						},
						"disableMetricsCollection": false
					},
					"enableStaging": true,
					"stagingSettings": {
						"linkedServiceName": {
							"referenceName": "dataplatformstoragearea",
							"type": "LinkedServiceReference"
						}
					},
					"translator": {
						"type": "TabularTranslator",
						"columnMappings": {
							"DATE": "DATE",
							"CENTREID": "CENTREID",
							"LEASEID": "LEASEID",
							"TENANTID": "TENANTID",
							"UNITID": "UNITID",
							"SALESGROSS": "SALESGROSS",
							"SALESNET": "SALESNET",
							"TRANSACTIONS": "TRANSACTIONS",
							"ITEMS": "ITEMS",
							"FOOTFALL": "FOOTFALL",
							"L4L": "L4L",
							"DAYSTRADED": "DAYSTRADED",
							"CREATED_AT": "CREATED_AT",
							"LAST_UPDATED_AT": "LAST_UPDATED_AT"
						}
					}
				},
				"inputs": [
					{
						"referenceName": "BlobStorageMagNETFullHistoricalDailySalesExtracts",
						"type": "DatasetReference"
					}
				],
				"outputs": [
					{
						"referenceName": "SQLDataWarehouse_staging_magnet_daily_sales_full_history",
						"type": "DatasetReference"
					}
				]
			}
		],
		"parameters": {
			"FailureNotificationRecipient": {
				"type": "String",
				"defaultValue": "data.platform@mcarthurglen.com"
			}
		},
		"folder": {
			"name": "MagNET"
		},
		"annotations": []
	},
	"type": "Microsoft.DataFactory/factories/pipelines"
}