{
	"name": "MagNETImportBRANDGROUPINGALL",
	"properties": {
		"activities": [
			{
				"name": "ForEachBRANDGROUPINGALL",
				"type": "ForEach",
				"dependsOn": [
					{
						"activity": "sp_truncate_staging_magnet_brand_grouping",
						"dependencyConditions": [
							"Succeeded"
						]
					}
				],
				"userProperties": [],
				"typeProperties": {
					"items": {
						"value": "@activity('GetBRANDGROUPINGALLFilenames').output.value",
						"type": "Expression"
					},
					"isSequential": true,
					"activities": [
						{
							"name": "CopyBRANDGROUPINGALL",
							"type": "Copy",
							"dependsOn": [],
							"policy": {
								"timeout": "7.00:00:00",
								"retry": 0,
								"retryIntervalInSeconds": 30,
								"secureOutput": false,
								"secureInput": false
							},
							"userProperties": [],
							"typeProperties": {
								"source": {
									"type": "FileSystemSource",
									"recursive": true
								},
								"sink": {
									"type": "SqlDWSink",
									"allowPolyBase": true,
									"writeBatchSize": 10000,
									"polyBaseSettings": {
										"rejectValue": 0,
										"rejectType": "value",
										"useTypeDefault": false
									},
									"disableMetricsCollection": false
								},
								"enableStaging": true,
								"stagingSettings": {
									"linkedServiceName": {
										"referenceName": "dataplatformstoragearea",
										"type": "LinkedServiceReference"
									},
									"enableCompression": true
								},
								"translator": {
									"type": "TabularTranslator",
									"columnMappings": {
										"ID": "ID",
										"BRANDGROUPING": "BRANDGROUPING"
									}
								}
							},
							"inputs": [
								{
									"referenceName": "ArtFTPArchiveBRANDGROUPING",
									"type": "DatasetReference",
									"parameters": {
										"name": {
											"value": "@{item().name} ",
											"type": "Expression"
										}
									}
								}
							],
							"outputs": [
								{
									"referenceName": "SQLDataWarehouse_staging_magnet_brand_grouping",
									"type": "DatasetReference"
								}
							]
						},
						{
							"name": "CopyBRANDGROUPINGALLFailure",
							"type": "WebActivity",
							"dependsOn": [
								{
									"activity": "CopyBRANDGROUPINGALL",
									"dependencyConditions": [
										"Failed"
									]
								}
							],
							"policy": {
								"timeout": "7.00:00:00",
								"retry": 0,
								"retryIntervalInSeconds": 30,
								"secureOutput": false,
								"secureInput": false
							},
							"userProperties": [],
							"typeProperties": {
								"url": "https://prod-17.northeurope.logic.azure.com:443/workflows/b5b00e5596e94affb317290e4964e4a4/triggers/manual/paths/invoke?api-version=2016-10-01&sp=%2Ftriggers%2Fmanual%2Frun&sv=1.0&sig=55j9tHX1WsutSx6HqYyFcX80ICAhwCoE06KuGGetqb8",
								"method": "POST",
								"headers": {
									"Content-Type": "application/json"
								},
								"body": {
									"activity": "CopyBRANDGROUPINGALL",
									"message": "@{activity('CopyBRANDGROUPINGALL').error.message}",
									"dataFactoryName": "@{pipeline().DataFactory}",
									"pipelineName": "@{pipeline().Pipeline}",
									"FailureNotificationRecipient": "@pipeline().parameters.FailureNotificationRecipient"
								}
							}
						},
						{
							"name": "IfRowsCopied",
							"type": "IfCondition",
							"dependsOn": [
								{
									"activity": "CopyBRANDGROUPINGALL",
									"dependencyConditions": [
										"Succeeded"
									]
								}
							],
							"userProperties": [],
							"typeProperties": {
								"expression": {
									"value": "@greaterOrEquals(activity('CopyBRANDGROUPINGALL').output.rowsCopied,1)",
									"type": "Expression"
								},
								"ifTrueActivities": [
									{
										"name": "UpdateFilenameColumn",
										"type": "Custom",
										"dependsOn": [],
										"policy": {
											"timeout": "7.00:00:00",
											"retry": 0,
											"retryIntervalInSeconds": 30,
											"secureOutput": false,
											"secureInput": false
										},
										"userProperties": [],
										"typeProperties": {
											"command": {
												"value": "python update_column.py @{pipeline().parameters.table_name} @{pipeline().parameters.column_name} \"'@{item().name}'\"",
												"type": "Expression"
											},
											"resourceLinkedService": {
												"referenceName": "dataplatformstoragearea",
												"type": "LinkedServiceReference"
											},
											"folderPath": "scripts",
											"referenceObjects": {
												"linkedServices": [],
												"datasets": []
											}
										},
										"linkedServiceName": {
											"referenceName": "dataplatformbatch",
											"type": "LinkedServiceReference"
										}
									},
									{
										"name": "UpdateFilenameColumnFailure",
										"type": "WebActivity",
										"dependsOn": [
											{
												"activity": "UpdateFilenameColumn",
												"dependencyConditions": [
													"Failed"
												]
											}
										],
										"policy": {
											"timeout": "7.00:00:00",
											"retry": 0,
											"retryIntervalInSeconds": 30,
											"secureOutput": false,
											"secureInput": false
										},
										"userProperties": [],
										"typeProperties": {
											"url": "https://prod-17.northeurope.logic.azure.com:443/workflows/b5b00e5596e94affb317290e4964e4a4/triggers/manual/paths/invoke?api-version=2016-10-01&sp=%2Ftriggers%2Fmanual%2Frun&sv=1.0&sig=55j9tHX1WsutSx6HqYyFcX80ICAhwCoE06KuGGetqb8",
											"method": "POST",
											"headers": {
												"Content-Type": "application/json"
											},
											"body": {
												"activity": "UpdateFilenameColumn",
												"message": "@{activity('UpdateFilenameColumn').error.message}",
												"dataFactoryName": "@{pipeline().DataFactory}",
												"pipelineName": "@{pipeline().Pipeline}",
												"FailureNotificationRecipient": "@pipeline().parameters.FailureNotificationRecipient"
											}
										}
									}
								]
							}
						},
						{
							"name": "sp_insert_magnet_import_logFailure",
							"type": "WebActivity",
							"dependsOn": [
								{
									"activity": "sp_insert_magnet_import_log",
									"dependencyConditions": [
										"Failed"
									]
								}
							],
							"policy": {
								"timeout": "7.00:00:00",
								"retry": 0,
								"retryIntervalInSeconds": 30,
								"secureOutput": false,
								"secureInput": false
							},
							"userProperties": [],
							"typeProperties": {
								"url": "https://prod-17.northeurope.logic.azure.com:443/workflows/b5b00e5596e94affb317290e4964e4a4/triggers/manual/paths/invoke?api-version=2016-10-01&sp=%2Ftriggers%2Fmanual%2Frun&sv=1.0&sig=55j9tHX1WsutSx6HqYyFcX80ICAhwCoE06KuGGetqb8",
								"method": "POST",
								"headers": {
									"Content-Type": "application/json"
								},
								"body": {
									"activity": "sp_insert_magnet_import_log",
									"message": "@{activity('sp_insert_magnet_import_log').error.message}",
									"dataFactoryName": "@{pipeline().DataFactory}",
									"pipelineName": "@{pipeline().Pipeline}",
									"FailureNotificationRecipient": "@pipeline().parameters.FailureNotificationRecipient"
								}
							}
						},
						{
							"name": "sp_insert_magnet_import_log",
							"type": "SqlServerStoredProcedure",
							"dependsOn": [
								{
									"activity": "IfRowsCopied",
									"dependencyConditions": [
										"Succeeded"
									]
								}
							],
							"policy": {
								"timeout": "7.00:00:00",
								"retry": 0,
								"retryIntervalInSeconds": 30,
								"secureOutput": false,
								"secureInput": false
							},
							"userProperties": [],
							"typeProperties": {
								"storedProcedureName": "[dbo].[sp_insert_magnet_import_log]",
								"storedProcedureParameters": {
									"filename": {
										"value": {
											"value": "@{item().name}",
											"type": "Expression"
										},
										"type": "String"
									}
								}
							},
							"linkedServiceName": {
								"referenceName": "SQLDataWarehouse",
								"type": "LinkedServiceReference"
							}
						},
						{
							"name": "IfRowsCopiedFailure",
							"type": "WebActivity",
							"dependsOn": [
								{
									"activity": "IfRowsCopied",
									"dependencyConditions": [
										"Failed"
									]
								}
							],
							"policy": {
								"timeout": "7.00:00:00",
								"retry": 0,
								"retryIntervalInSeconds": 30,
								"secureOutput": false,
								"secureInput": false
							},
							"userProperties": [],
							"typeProperties": {
								"url": "https://prod-17.northeurope.logic.azure.com:443/workflows/b5b00e5596e94affb317290e4964e4a4/triggers/manual/paths/invoke?api-version=2016-10-01&sp=%2Ftriggers%2Fmanual%2Frun&sv=1.0&sig=55j9tHX1WsutSx6HqYyFcX80ICAhwCoE06KuGGetqb8",
								"method": "POST",
								"headers": {
									"Content-Type": "application/json"
								},
								"body": {
									"activity": "IfRowsCopied",
									"message": "@{activity('IfRowsCopied').error.message}",
									"dataFactoryName": "@{pipeline().DataFactory}",
									"pipelineName": "@{pipeline().Pipeline}",
									"FailureNotificationRecipient": "@pipeline().parameters.FailureNotificationRecipient"
								}
							}
						}
					]
				}
			},
			{
				"name": "sp_truncate_staging_magnet_brand_grouping",
				"type": "SqlServerStoredProcedure",
				"dependsOn": [
					{
						"activity": "GetBRANDGROUPINGALLFilenames",
						"dependencyConditions": [
							"Succeeded"
						]
					}
				],
				"policy": {
					"timeout": "7.00:00:00",
					"retry": 0,
					"retryIntervalInSeconds": 30,
					"secureOutput": false,
					"secureInput": false
				},
				"userProperties": [],
				"typeProperties": {
					"storedProcedureName": "[dbo].[sp_truncate_staging_magnet_brand_grouping]"
				},
				"linkedServiceName": {
					"referenceName": "SQLDataWarehouse",
					"type": "LinkedServiceReference"
				}
			},
			{
				"name": "sp_insert_magnet_history_brand_grouping",
				"type": "SqlServerStoredProcedure",
				"dependsOn": [
					{
						"activity": "ForEachBRANDGROUPINGALL",
						"dependencyConditions": [
							"Succeeded"
						]
					}
				],
				"policy": {
					"timeout": "7.00:00:00",
					"retry": 0,
					"retryIntervalInSeconds": 30,
					"secureOutput": false,
					"secureInput": false
				},
				"userProperties": [],
				"typeProperties": {
					"storedProcedureName": "[dbo].[sp_insert_magnet_history_brand_grouping]"
				},
				"linkedServiceName": {
					"referenceName": "SQLDataWarehouse",
					"type": "LinkedServiceReference"
				}
			},
			{
				"name": "sp_truncate_staging_magnet_brand_groupingFailure",
				"type": "WebActivity",
				"dependsOn": [
					{
						"activity": "sp_truncate_staging_magnet_brand_grouping",
						"dependencyConditions": [
							"Failed"
						]
					}
				],
				"policy": {
					"timeout": "7.00:00:00",
					"retry": 0,
					"retryIntervalInSeconds": 30,
					"secureOutput": false,
					"secureInput": false
				},
				"userProperties": [],
				"typeProperties": {
					"url": "https://prod-17.northeurope.logic.azure.com:443/workflows/b5b00e5596e94affb317290e4964e4a4/triggers/manual/paths/invoke?api-version=2016-10-01&sp=%2Ftriggers%2Fmanual%2Frun&sv=1.0&sig=55j9tHX1WsutSx6HqYyFcX80ICAhwCoE06KuGGetqb8",
					"method": "POST",
					"headers": {
						"Content-Type": "application/json"
					},
					"body": {
						"activity": "sp_truncate_staging_magnet_brand_grouping",
						"message": "@{activity('sp_truncate_staging_magnet_brand_grouping').error.message}",
						"dataFactoryName": "@{pipeline().DataFactory}",
						"pipelineName": "@{pipeline().Pipeline}",
						"FailureNotificationRecipient": "@pipeline().parameters.FailureNotificationRecipient"
					}
				}
			},
			{
				"name": "ForEachBRANDGROUPINGALLFailure",
				"type": "WebActivity",
				"dependsOn": [
					{
						"activity": "ForEachBRANDGROUPINGALL",
						"dependencyConditions": [
							"Failed"
						]
					}
				],
				"policy": {
					"timeout": "7.00:00:00",
					"retry": 0,
					"retryIntervalInSeconds": 30,
					"secureOutput": false,
					"secureInput": false
				},
				"userProperties": [],
				"typeProperties": {
					"url": "https://prod-17.northeurope.logic.azure.com:443/workflows/b5b00e5596e94affb317290e4964e4a4/triggers/manual/paths/invoke?api-version=2016-10-01&sp=%2Ftriggers%2Fmanual%2Frun&sv=1.0&sig=55j9tHX1WsutSx6HqYyFcX80ICAhwCoE06KuGGetqb8",
					"method": "POST",
					"headers": {
						"Content-Type": "application/json"
					},
					"body": {
						"activity": "ForEachBRANDGROUPINGALL",
						"message": "@{activity('ForEachBRANDGROUPINGALL').error.message}",
						"dataFactoryName": "@{pipeline().DataFactory}",
						"pipelineName": "@{pipeline().Pipeline}",
						"FailureNotificationRecipient": "@pipeline().parameters.FailureNotificationRecipient"
					}
				}
			},
			{
				"name": "sp_insert_magnet_history_brand_groupingFailure",
				"type": "WebActivity",
				"dependsOn": [
					{
						"activity": "sp_insert_magnet_history_brand_grouping",
						"dependencyConditions": [
							"Failed"
						]
					}
				],
				"policy": {
					"timeout": "7.00:00:00",
					"retry": 0,
					"retryIntervalInSeconds": 30,
					"secureOutput": false,
					"secureInput": false
				},
				"userProperties": [],
				"typeProperties": {
					"url": "https://prod-17.northeurope.logic.azure.com:443/workflows/b5b00e5596e94affb317290e4964e4a4/triggers/manual/paths/invoke?api-version=2016-10-01&sp=%2Ftriggers%2Fmanual%2Frun&sv=1.0&sig=55j9tHX1WsutSx6HqYyFcX80ICAhwCoE06KuGGetqb8",
					"method": "POST",
					"headers": {
						"Content-Type": "application/json"
					},
					"body": {
						"activity": "sp_insert_magnet_history_brand_grouping",
						"message": "@{activity('sp_insert_magnet_history_brand_grouping').error.message}",
						"dataFactoryName": "@{pipeline().DataFactory}",
						"pipelineName": "@{pipeline().Pipeline}",
						"FailureNotificationRecipient": "@pipeline().parameters.FailureNotificationRecipient"
					}
				}
			},
			{
				"name": "GetBRANDGROUPINGALLFilenamesFailure",
				"type": "WebActivity",
				"dependsOn": [
					{
						"activity": "GetBRANDGROUPINGALLFilenames",
						"dependencyConditions": [
							"Failed"
						]
					}
				],
				"policy": {
					"timeout": "7.00:00:00",
					"retry": 0,
					"retryIntervalInSeconds": 30,
					"secureOutput": false,
					"secureInput": false
				},
				"userProperties": [],
				"typeProperties": {
					"url": "https://prod-17.northeurope.logic.azure.com:443/workflows/b5b00e5596e94affb317290e4964e4a4/triggers/manual/paths/invoke?api-version=2016-10-01&sp=%2Ftriggers%2Fmanual%2Frun&sv=1.0&sig=55j9tHX1WsutSx6HqYyFcX80ICAhwCoE06KuGGetqb8",
					"method": "POST",
					"headers": {
						"Content-Type": "application/json"
					},
					"body": {
						"activity": "GetBRANDGROUPINGALLFilenames",
						"message": "@{activity('GetBRANDGROUPINGALLFilenames').error.message}",
						"dataFactoryName": "@{pipeline().DataFactory}",
						"pipelineName": "@{pipeline().Pipeline}",
						"FailureNotificationRecipient": "@pipeline().parameters.FailureNotificationRecipient"
					}
				}
			},
			{
				"name": "GetBRANDGROUPINGALLFilenames",
				"type": "Lookup",
				"dependsOn": [],
				"policy": {
					"timeout": "7.00:00:00",
					"retry": 0,
					"retryIntervalInSeconds": 30,
					"secureOutput": false,
					"secureInput": false
				},
				"userProperties": [],
				"typeProperties": {
					"source": {
						"type": "SqlDWSource",
						"sqlReaderQuery": "SELECT DISTINCT fl.[filename] AS name\nFROM staging.magnet_filename_log fl\nLEFT JOIN staging.magnet_import_log il ON fl.[filename] = il.[filename]\nWHERE fl.filename LIKE 'all_groupings_%'\nAND il.[filename] IS NULL\nORDER BY 1;"
					},
					"dataset": {
						"referenceName": "SQLDataWarehouse",
						"type": "DatasetReference"
					},
					"firstRowOnly": false
				}
			}
		],
		"parameters": {
			"FailureNotificationRecipient": {
				"type": "String",
				"defaultValue": "data.platform@mcarthurglen.com"
			},
			"table_name": {
				"type": "String",
				"defaultValue": "staging.magnet_brand_grouping"
			},
			"column_name": {
				"type": "String",
				"defaultValue": "filename"
			}
		},
		"folder": {
			"name": "MagNET"
		},
		"annotations": []
	},
	"type": "Microsoft.DataFactory/factories/pipelines"
}