{
	"name": "MastercarSummOut",
	"properties": {
		"activities": [
			{
				"name": "CopyCSVFromBlobStorage",
				"type": "Copy",
				"dependsOn": [],
				"policy": {
					"timeout": "7.00:00:00",
					"retry": 0,
					"retryIntervalInSeconds": 30,
					"secureOutput": false,
					"secureInput": false
				},
				"userProperties": [],
				"typeProperties": {
					"source": {
						"type": "BlobSource",
						"recursive": true
					},
					"sink": {
						"type": "SqlDWSink",
						"allowPolyBase": true,
						"preCopyScript": "TRUNCATE TABLE staging.upload_mastercard_summ_out;",
						"polyBaseSettings": {
							"rejectValue": 0,
							"rejectType": "value",
							"useTypeDefault": false
						}
					},
					"enableStaging": true,
					"stagingSettings": {
						"linkedServiceName": {
							"referenceName": "dataplatformstoragearea",
							"type": "LinkedServiceReference"
						},
						"enableCompression": true
					},
					"translator": {
						"type": "TabularTranslator",
						"columnMappings": {
							"key": "key",
							"location": "location",
							"set": "set",
							"period": "period",
							"spend": "spend",
							"growth_spend": "growth_spend",
							"share_spend": "share_spend",
							"trx": "trx",
							"growth_trx": "growth_trx",
							"share_trx": "share_trx",
							"customers": "customers",
							"growth_customers": "growth_customers",
							"share_customers": "share_customers",
							"avg_custspend": "avg_custspend",
							"avg_trxfreq": "avg_trxfreq",
							"avg_ticket": "avg_ticket",
							"avg_visitfreq": "avg_visitfreq"
						}
					}
				},
				"inputs": [
					{
						"referenceName": "BlobStorageUploadsMastercardSummOut",
						"type": "DatasetReference"
					}
				],
				"outputs": [
					{
						"referenceName": "SQLDataWarehouse_staging_upload_mastercard_summ_out",
						"type": "DatasetReference"
					}
				]
			},
			{
				"name": "CopyCSVFromBlobStorageFailure",
				"type": "WebActivity",
				"dependsOn": [
					{
						"activity": "CopyCSVFromBlobStorage",
						"dependencyConditions": [
							"Failed"
						]
					}
				],
				"policy": {
					"timeout": "7.00:00:00",
					"retry": 0,
					"retryIntervalInSeconds": 30,
					"secureOutput": false,
					"secureInput": false
				},
				"userProperties": [],
				"typeProperties": {
					"url": "https://prod-17.northeurope.logic.azure.com:443/workflows/b5b00e5596e94affb317290e4964e4a4/triggers/manual/paths/invoke?api-version=2016-10-01&sp=%2Ftriggers%2Fmanual%2Frun&sv=1.0&sig=55j9tHX1WsutSx6HqYyFcX80ICAhwCoE06KuGGetqb8",
					"method": "POST",
					"headers": {
						"Content-Type": "application/json"
					},
					"body": {
						"activity": "CopyCSVFromBlobStorage",
						"message": "@{activity('CopyCSVFromBlobStorage').error.message}",
						"dataFactoryName": "@{pipeline().DataFactory}",
						"pipelineName": "@{pipeline().Pipeline}",
						"FailureNotificationRecipient": "@pipeline().parameters.FailureNotificationRecipient"
					}
				}
			},
			{
				"name": "sp_insert_upload_mastercard_summ_out",
				"type": "SqlServerStoredProcedure",
				"dependsOn": [
					{
						"activity": "CopyCSVFromBlobStorage",
						"dependencyConditions": [
							"Succeeded"
						]
					}
				],
				"policy": {
					"timeout": "7.00:00:00",
					"retry": 0,
					"retryIntervalInSeconds": 30,
					"secureOutput": false,
					"secureInput": false
				},
				"userProperties": [],
				"typeProperties": {
					"storedProcedureName": "[dbo].[sp_insert_upload_mastercard_summ_out]"
				},
				"linkedServiceName": {
					"referenceName": "SQLDataWarehouse",
					"type": "LinkedServiceReference"
				}
			},
			{
				"name": "sp_insert_upload_mastercard_summ_outFailure",
				"type": "WebActivity",
				"dependsOn": [
					{
						"activity": "sp_insert_upload_mastercard_summ_out",
						"dependencyConditions": [
							"Failed"
						]
					}
				],
				"policy": {
					"timeout": "7.00:00:00",
					"retry": 0,
					"retryIntervalInSeconds": 30,
					"secureOutput": false,
					"secureInput": false
				},
				"userProperties": [],
				"typeProperties": {
					"url": "https://prod-17.northeurope.logic.azure.com:443/workflows/b5b00e5596e94affb317290e4964e4a4/triggers/manual/paths/invoke?api-version=2016-10-01&sp=%2Ftriggers%2Fmanual%2Frun&sv=1.0&sig=55j9tHX1WsutSx6HqYyFcX80ICAhwCoE06KuGGetqb8",
					"method": "POST",
					"headers": {
						"Content-Type": "application/json"
					},
					"body": {
						"activity": "sp_insert_upload_mastercard_summ_out",
						"message": "@{activity('sp_insert_upload_mastercard_summ_out').error.message}",
						"dataFactoryName": "@{pipeline().DataFactory}",
						"pipelineName": "@{pipeline().Pipeline}",
						"FailureNotificationRecipient": "@pipeline().parameters.FailureNotificationRecipient"
					}
				}
			}
		],
		"parameters": {
			"FailureNotificationRecipient": {
				"type": "string",
				"defaultValue": "data.platform@mcarthurglen.com"
			}
		},
		"folder": {
			"name": "Uploads"
		},
		"annotations": []
	},
	"type": "Microsoft.DataFactory/factories/pipelines"
}