{
	"name": "MCDBSkyFii_UserDevice",
	"properties": {
		"activities": [
			{
				"name": "MCDBSkyFii_UserDevice",
				"type": "Copy",
				"dependsOn": [],
				"policy": {
					"timeout": "7.00:00:00",
					"retry": 0,
					"retryIntervalInSeconds": 30,
					"secureOutput": false,
					"secureInput": false
				},
				"userProperties": [],
				"typeProperties": {
					"source": {
						"type": "SqlSource"
					},
					"sink": {
						"type": "SqlDWSink",
						"allowPolyBase": true,
						"writeBatchSize": 10000,
						"polyBaseSettings": {
							"rejectValue": 0,
							"rejectType": "value",
							"useTypeDefault": true
						}
					},
					"enableStaging": true,
					"stagingSettings": {
						"linkedServiceName": {
							"referenceName": "dataplatformstoragearea",
							"type": "LinkedServiceReference"
						},
						"enableCompression": true
					},
					"translator": {
						"type": "TabularTranslator",
						"columnMappings": {
							"Id": "Id",
							"parentId": "parentId",
							"deviceId": "deviceId",
							"clientMacAddress": "clientMacAddress",
							"brand": "brand",
							"model": "model",
							"type": "type",
							"os": "os",
							"userAgent": "userAgent"
						}
					}
				},
				"inputs": [
					{
						"referenceName": "MCDBSkyFii_UserDevice",
						"type": "DatasetReference"
					}
				],
				"outputs": [
					{
						"referenceName": "SQLDataWarehouse_mcdb_skyfii_userdevice",
						"type": "DatasetReference"
					}
				]
			}
		],
		"folder": {
			"name": "MCDB"
		},
		"annotations": []
	},
	"type": "Microsoft.DataFactory/factories/pipelines"
}