{
	"name": "MCDBSkyFii_UserDetail",
	"properties": {
		"activities": [
			{
				"name": "MCDBSkyFii_UserDetail",
				"type": "Copy",
				"dependsOn": [],
				"policy": {
					"timeout": "7.00:00:00",
					"retry": 0,
					"retryIntervalInSeconds": 30,
					"secureOutput": false,
					"secureInput": false
				},
				"userProperties": [],
				"typeProperties": {
					"source": {
						"type": "SqlSource"
					},
					"sink": {
						"type": "SqlDWSink",
						"allowPolyBase": true,
						"writeBatchSize": 10000,
						"polyBaseSettings": {
							"rejectValue": 0,
							"rejectType": "value",
							"useTypeDefault": true
						}
					},
					"enableStaging": true,
					"stagingSettings": {
						"linkedServiceName": {
							"referenceName": "dataplatformstoragearea",
							"type": "LinkedServiceReference"
						},
						"enableCompression": true
					},
					"translator": {
						"type": "TabularTranslator",
						"columnMappings": {
							"Id": "Id",
							"skyfiiId": "skyfiiId",
							"modified": "modified",
							"created": "created",
							"name": "name",
							"firstName": "firstName",
							"lastName": "lastName",
							"gender": "gender",
							"relationship": "relationship",
							"email": "email",
							"phone": "phone",
							"facebookId": "facebookId",
							"googleId": "googleId",
							"linkedinId": "linkedinId",
							"twitterId": "twitterId",
							"dobMin": "dobMin",
							"dobMax": "dobMax",
							"suburb": "suburb",
							"district": "district",
							"state": "state",
							"postcode": "postcode",
							"country": "country",
							"venueId": "venueId",
							"networkId": "networkId",
							"nationalId": "nationalId",
							"marketingOptIn": "marketing_opt_in",
							"termsAcceptanceVersion": "termsAcceptanceVersion",
							"termsAcceptanceDate": "termsAcceptanceDate",
							"operation": "operation",
							"locale": "locale",
							"facebookLink": "facebookLink",
							"venueName": "venueName",
							"status": "status",
							"dateCreated": "dateCreated"
						}
					}
				},
				"inputs": [
					{
						"referenceName": "MCDBSkyFii_UserDetail",
						"type": "DatasetReference"
					}
				],
				"outputs": [
					{
						"referenceName": "SQLDataWarehouse_mcdb_skyfii_userdetail",
						"type": "DatasetReference"
					}
				]
			}
		],
		"folder": {
			"name": "MCDB"
		},
		"annotations": []
	},
	"type": "Microsoft.DataFactory/factories/pipelines"
}