{
	"name": "MCDBAisleLabsSocialContact",
	"properties": {
		"activities": [
			{
				"name": "MCDBAisleLabsSocialContact",
				"type": "Copy",
				"dependsOn": [],
				"policy": {
					"timeout": "7.00:00:00",
					"retry": 0,
					"retryIntervalInSeconds": 30,
					"secureOutput": false,
					"secureInput": false
				},
				"userProperties": [],
				"typeProperties": {
					"source": {
						"type": "SqlSource"
					},
					"sink": {
						"type": "SqlDWSink",
						"allowPolyBase": true,
						"writeBatchSize": 10000,
						"polyBaseSettings": {
							"rejectValue": 0,
							"rejectType": "value",
							"useTypeDefault": true
						}
					},
					"enableStaging": true,
					"stagingSettings": {
						"linkedServiceName": {
							"referenceName": "dataplatformstoragearea",
							"type": "LinkedServiceReference"
						},
						"enableCompression": true
					},
					"enableSkipIncompatibleRow": true,
					"translator": {
						"type": "TabularTranslator",
						"columnMappings": {
							"AisleLabsSoc_Id": "AisleLabsSoc_Id",
							"AisleLabsSoc_Swid": "AisleLabsSoc_Swid",
							"AisleLabsSoc_SocialUrl": "AisleLabsSoc_SocialUrl",
							"AisleLabsSoc_PhoneNumber": "AisleLabsSoc_PhoneNumber",
							"AisleLabsSoc_LastLogin": "AisleLabsSoc_LastLogin",
							"AisleLabsSoc_PostCode": "AisleLabsSoc_PostCode",
							"AisleLabsSoc_NameSort": "AisleLabsSoc_NameSort",
							"AisleLabsSoc_SocialSiteProfileLink": "AisleLabsSoc_SocialSiteProfileLink",
							"AisleLabsSoc_PhoneLogoClass": "AisleLabsSoc_PhoneLogoClass",
							"AisleLabsSoc_PhoneMacDisplayString": "AisleLabsSoc_PhoneMacDisplayString",
							"AisleLabsSoc_ImageUrl": "AisleLabsSoc_ImageUrl",
							"AisleLabsSoc_Name": "AisleLabsSoc_Name",
							"AisleLabsSoc_Email": "AisleLabsSoc_Email",
							"AisleLabsSoc_AgeString": "AisleLabsSoc_AgeString",
							"AisleLabsSoc_AgeRangeString": "AisleLabsSoc_AgeRangeString",
							"AisleLabsSoc_Gender": "AisleLabsSoc_Gender",
							"AisleLabsSoc_SocialSiteUsed": "AisleLabsSoc_SocialSiteUsed",
							"AisleLabsSoc_FbUserLocation": "AisleLabsSoc_FbUserLocation",
							"AisleLabsSoc_FbUserHometown": "AisleLabsSoc_FbUserHometown",
							"AisleLabsSoc_TopInterestStr": "AisleLabsSoc_TopInterestStr",
							"AisleLabsSoc_TopInterestSubStr": "AisleLabsSoc_TopInterestSubStr",
							"AisleLabsSoc_LastTimeContainerSortValue": "AisleLabsSoc_LastTimeContainerSortValue",
							"AisleLabsSoc_LastTimeDateValue": "AisleLabsSoc_LastTimeDateValue",
							"AisleLabsSoc_SocialSiteUsedCssClass": "AisleLabsSoc_SocialSiteUsedCssClass",
							"AisleLabsSoc_MostRecentTimeDisplay": "AisleLabsSoc_MostRecentTimeDisplay",
							"AisleLabsSoc_LastDurationReportStr": "AisleLabsSoc_LastDurationReportStr",
							"AisleLabsSoc_MostRecentHourDisplay": "AisleLabsSoc_MostRecentHourDisplay",
							"AisleLabsSoc_NumConnectionSessions": "AisleLabsSoc_NumConnectionSessions",
							"AisleLabsSoc_AverageSessionMinutes": "AisleLabsSoc_AverageSessionMinutes",
							"AisleLabsSoc_TotalSessionBytes": "AisleLabsSoc_TotalSessionBytes",
							"AisleLabsSoc_CountryFromEmailLogin": "AisleLabsSoc_CountryFromEmailLogin",
							"AisleLabsSoc_MobileFromEmailLogin": "AisleLabsSoc_MobileFromEmailLogin",
							"AisleLabsSoc_NationalityFromEmailLogin": "AisleLabsSoc_NationalityFromEmailLogin",
							"AisleLabsSoc_DateOfBirth": "AisleLabsSoc_DateOfBirth",
							"AisleLabsSoc_DateCreated": "AisleLabsSoc_DateCreated",
							"AisleLabsSoc_PleaseSendPromo": "AisleLabsSoc_PleaseSendPromo",
							"AisleLabsSoc_UserLanguage": "AisleLabsSoc_UserLanguage",
							"AisleLabsSoc_NewRecord": "AisleLabsSoc_NewRecord",
							"AisleLabsSoc_ShopperType": "AisleLabsSoc_ShopperType"
						}
					}
				},
				"inputs": [
					{
						"referenceName": "MCDBAisleLabsSocialContact",
						"type": "DatasetReference"
					}
				],
				"outputs": [
					{
						"referenceName": "SQLDataWarehouse_mcdb_aislelabssocialcontact",
						"type": "DatasetReference"
					}
				]
			}
		],
		"folder": {
			"name": "MCDB"
		},
		"annotations": []
	},
	"type": "Microsoft.DataFactory/factories/pipelines"
}