{
	"name": "MCDBAisleLabsApiSubmission",
	"properties": {
		"activities": [
			{
				"name": "MCDBAisleLabsApiSubmission",
				"type": "Copy",
				"dependsOn": [],
				"policy": {
					"timeout": "7.00:00:00",
					"retry": 0,
					"retryIntervalInSeconds": 30,
					"secureOutput": false,
					"secureInput": false
				},
				"userProperties": [],
				"typeProperties": {
					"source": {
						"type": "SqlSource",
						"sqlReaderQuery": "SELECT *\nFROM dbo.AisleLabsApiSubmission\nWHERE LEN(AisleLabsApi_ApiRequest) < 8000;"
					},
					"sink": {
						"type": "SqlDWSink",
						"allowPolyBase": true,
						"writeBatchSize": 10000,
						"polyBaseSettings": {
							"rejectValue": 0,
							"rejectType": "value",
							"useTypeDefault": true
						}
					},
					"enableStaging": true,
					"stagingSettings": {
						"linkedServiceName": {
							"referenceName": "dataplatformstoragearea",
							"type": "LinkedServiceReference"
						},
						"enableCompression": true
					},
					"enableSkipIncompatibleRow": false,
					"translator": {
						"type": "TabularTranslator",
						"columnMappings": {
							"AisleLabsApi_Id": "AisleLabsApi_Id",
							"AisleLabsApi_ApiRequest": "AisleLabsApi_ApiRequest",
							"AisleLabsApi_DateCreated": "AisleLabsApi_DateCreated"
						}
					}
				},
				"inputs": [
					{
						"referenceName": "MCDBAisleLabsApiSubmission",
						"type": "DatasetReference"
					}
				],
				"outputs": [
					{
						"referenceName": "SQLDataWarehouse_mcdb_aislelabsapisubmission",
						"type": "DatasetReference"
					}
				]
			}
		],
		"folder": {
			"name": "MCDB"
		},
		"annotations": []
	},
	"type": "Microsoft.DataFactory/factories/pipelines"
}