{
	"name": "MRI",
	"properties": {
		"activities": [
			{
				"name": "MRIBLDG",
				"type": "ExecutePipeline",
				"dependsOn": [],
				"userProperties": [],
				"typeProperties": {
					"pipeline": {
						"referenceName": "MRIBLDG",
						"type": "PipelineReference"
					},
					"waitOnCompletion": true
				}
			},
			{
				"name": "MRIBRKP",
				"type": "ExecutePipeline",
				"dependsOn": [
					{
						"activity": "MRIBLDG",
						"dependencyConditions": [
							"Succeeded"
						]
					}
				],
				"userProperties": [],
				"typeProperties": {
					"pipeline": {
						"referenceName": "MRIBRKP",
						"type": "PipelineReference"
					},
					"waitOnCompletion": true
				}
			},
			{
				"name": "MRIBUDGETS",
				"type": "ExecutePipeline",
				"dependsOn": [
					{
						"activity": "MRIBRKP",
						"dependencyConditions": [
							"Succeeded"
						]
					}
				],
				"userProperties": [],
				"typeProperties": {
					"pipeline": {
						"referenceName": "MRIBUDGETS",
						"type": "PipelineReference"
					},
					"waitOnCompletion": true
				}
			},
			{
				"name": "MRICMLEDG",
				"type": "ExecutePipeline",
				"dependsOn": [
					{
						"activity": "MRIBUDGETS",
						"dependencyConditions": [
							"Succeeded"
						]
					}
				],
				"userProperties": [],
				"typeProperties": {
					"pipeline": {
						"referenceName": "MRICMLEDG",
						"type": "PipelineReference"
					},
					"waitOnCompletion": true
				}
			},
			{
				"name": "MRICMLEDGAPPLY",
				"type": "ExecutePipeline",
				"dependsOn": [
					{
						"activity": "MRICMLEDG",
						"dependencyConditions": [
							"Succeeded"
						]
					}
				],
				"userProperties": [],
				"typeProperties": {
					"pipeline": {
						"referenceName": "MRICMLEDGAPPLY",
						"type": "PipelineReference"
					},
					"waitOnCompletion": true
				}
			},
			{
				"name": "MRICMRECC",
				"type": "ExecutePipeline",
				"dependsOn": [
					{
						"activity": "MRICMLEDGAPPLY",
						"dependencyConditions": [
							"Succeeded"
						]
					}
				],
				"userProperties": [],
				"typeProperties": {
					"pipeline": {
						"referenceName": "MRICMRECC",
						"type": "PipelineReference"
					},
					"waitOnCompletion": true
				}
			},
			{
				"name": "MRICMSDLG",
				"type": "ExecutePipeline",
				"dependsOn": [
					{
						"activity": "MRICMRECC",
						"dependencyConditions": [
							"Succeeded"
						]
					}
				],
				"userProperties": [],
				"typeProperties": {
					"pipeline": {
						"referenceName": "MRICMSDLG",
						"type": "PipelineReference"
					},
					"waitOnCompletion": true
				}
			},
			{
				"name": "MRICTYP",
				"type": "ExecutePipeline",
				"dependsOn": [
					{
						"activity": "MRICMSDLG",
						"dependencyConditions": [
							"Succeeded"
						]
					}
				],
				"userProperties": [],
				"typeProperties": {
					"pipeline": {
						"referenceName": "MRICTYP",
						"type": "PipelineReference"
					},
					"waitOnCompletion": true
				}
			},
			{
				"name": "MRIENTITY",
				"type": "ExecutePipeline",
				"dependsOn": [
					{
						"activity": "MRICTYP",
						"dependencyConditions": [
							"Succeeded"
						]
					}
				],
				"userProperties": [],
				"typeProperties": {
					"pipeline": {
						"referenceName": "MRIENTITY",
						"type": "PipelineReference"
					},
					"waitOnCompletion": true
				}
			},
			{
				"name": "MRIGACC",
				"type": "ExecutePipeline",
				"dependsOn": [
					{
						"activity": "MRIENTITY",
						"dependencyConditions": [
							"Succeeded"
						]
					}
				],
				"userProperties": [],
				"typeProperties": {
					"pipeline": {
						"referenceName": "MRIGACC",
						"type": "PipelineReference"
					},
					"waitOnCompletion": true
				}
			},
			{
				"name": "MRIGHIS",
				"type": "ExecutePipeline",
				"dependsOn": [
					{
						"activity": "MRIGACC",
						"dependencyConditions": [
							"Succeeded"
						]
					}
				],
				"userProperties": [],
				"typeProperties": {
					"pipeline": {
						"referenceName": "MRIGHIS",
						"type": "PipelineReference"
					},
					"waitOnCompletion": true
				}
			},
			{
				"name": "MRIGJOB",
				"type": "ExecutePipeline",
				"dependsOn": [
					{
						"activity": "MRIGHIS",
						"dependencyConditions": [
							"Succeeded"
						]
					}
				],
				"userProperties": [],
				"typeProperties": {
					"pipeline": {
						"referenceName": "MRIGJOB",
						"type": "PipelineReference"
					},
					"waitOnCompletion": true
				}
			},
			{
				"name": "MRIHIST",
				"type": "ExecutePipeline",
				"dependsOn": [
					{
						"activity": "MRIGJOB",
						"dependencyConditions": [
							"Succeeded"
						]
					}
				],
				"userProperties": [],
				"typeProperties": {
					"pipeline": {
						"referenceName": "MRIHIST",
						"type": "PipelineReference"
					},
					"waitOnCompletion": true
				}
			},
			{
				"name": "MRIINCH",
				"type": "ExecutePipeline",
				"dependsOn": [
					{
						"activity": "MRIHIST",
						"dependencyConditions": [
							"Succeeded"
						]
					}
				],
				"userProperties": [],
				"typeProperties": {
					"pipeline": {
						"referenceName": "MRIINCH",
						"type": "PipelineReference"
					},
					"waitOnCompletion": true
				}
			},
			{
				"name": "MRIINVC",
				"type": "ExecutePipeline",
				"dependsOn": [
					{
						"activity": "MRIINCH",
						"dependencyConditions": [
							"Succeeded"
						]
					}
				],
				"userProperties": [],
				"typeProperties": {
					"pipeline": {
						"referenceName": "MRIINVC",
						"type": "PipelineReference"
					},
					"waitOnCompletion": true
				}
			},
			{
				"name": "MRIJOURNAL",
				"type": "ExecutePipeline",
				"dependsOn": [
					{
						"activity": "MRIINVC",
						"dependencyConditions": [
							"Succeeded"
						]
					}
				],
				"userProperties": [],
				"typeProperties": {
					"pipeline": {
						"referenceName": "MRIJOURNAL",
						"type": "PipelineReference"
					},
					"waitOnCompletion": true
				}
			},
			{
				"name": "MRIMRIGLRW",
				"type": "ExecutePipeline",
				"dependsOn": [
					{
						"activity": "MRILEAS",
						"dependencyConditions": [
							"Succeeded"
						]
					}
				],
				"userProperties": [],
				"typeProperties": {
					"pipeline": {
						"referenceName": "MRIMRIGLRW",
						"type": "PipelineReference"
					},
					"waitOnCompletion": true
				}
			},
			{
				"name": "MRIPERIOD",
				"type": "ExecutePipeline",
				"dependsOn": [
					{
						"activity": "MRIMRIGLRW",
						"dependencyConditions": [
							"Succeeded"
						]
					}
				],
				"userProperties": [],
				"typeProperties": {
					"pipeline": {
						"referenceName": "MRIPERIOD",
						"type": "PipelineReference"
					},
					"waitOnCompletion": true
				}
			},
			{
				"name": "MRIPODT",
				"type": "ExecutePipeline",
				"dependsOn": [
					{
						"activity": "MRIPERIOD",
						"dependencyConditions": [
							"Succeeded"
						]
					}
				],
				"userProperties": [],
				"typeProperties": {
					"pipeline": {
						"referenceName": "MRIPODT",
						"type": "PipelineReference"
					},
					"waitOnCompletion": true
				}
			},
			{
				"name": "MRIPOHD",
				"type": "ExecutePipeline",
				"dependsOn": [
					{
						"activity": "MRIPODT",
						"dependencyConditions": [
							"Succeeded"
						]
					}
				],
				"userProperties": [],
				"typeProperties": {
					"pipeline": {
						"referenceName": "MRIPOHD",
						"type": "PipelineReference"
					},
					"waitOnCompletion": true
				}
			},
			{
				"name": "MRISHIS",
				"type": "ExecutePipeline",
				"dependsOn": [
					{
						"activity": "MRIPOHD",
						"dependencyConditions": [
							"Succeeded"
						]
					}
				],
				"userProperties": [],
				"typeProperties": {
					"pipeline": {
						"referenceName": "MRISHIS",
						"type": "PipelineReference"
					},
					"waitOnCompletion": true
				}
			},
			{
				"name": "MRISUIT",
				"type": "ExecutePipeline",
				"dependsOn": [
					{
						"activity": "MRISHIS",
						"dependencyConditions": [
							"Succeeded"
						]
					}
				],
				"userProperties": [],
				"typeProperties": {
					"pipeline": {
						"referenceName": "MRISUIT",
						"type": "PipelineReference"
					},
					"waitOnCompletion": true
				}
			},
			{
				"name": "MRITB_CM_LEDGTOJRNL",
				"type": "ExecutePipeline",
				"dependsOn": [
					{
						"activity": "MRISUIT",
						"dependencyConditions": [
							"Succeeded"
						]
					}
				],
				"userProperties": [],
				"typeProperties": {
					"pipeline": {
						"referenceName": "MRITB_CM_LEDGTOJRNL",
						"type": "PipelineReference"
					},
					"waitOnCompletion": true
				}
			},
			{
				"name": "MRITB_MG_ACCRU_PREPAY",
				"type": "ExecutePipeline",
				"dependsOn": [
					{
						"activity": "MRITB_CM_LEDGTOJRNL",
						"dependencyConditions": [
							"Succeeded"
						]
					}
				],
				"userProperties": [],
				"typeProperties": {
					"pipeline": {
						"referenceName": "MRITB_MG_ACCRU_PREPAY",
						"type": "PipelineReference"
					},
					"waitOnCompletion": true
				}
			},
			{
				"name": "MRIVEND",
				"type": "ExecutePipeline",
				"dependsOn": [
					{
						"activity": "MRITB_MG_ACCRU_PREPAY",
						"dependencyConditions": [
							"Succeeded"
						]
					}
				],
				"userProperties": [],
				"typeProperties": {
					"pipeline": {
						"referenceName": "MRIVEND",
						"type": "PipelineReference"
					},
					"waitOnCompletion": true
				}
			},
			{
				"name": "MRILEAS",
				"type": "ExecutePipeline",
				"dependsOn": [
					{
						"activity": "MRIJOURNAL",
						"dependencyConditions": [
							"Succeeded"
						]
					}
				],
				"userProperties": [],
				"typeProperties": {
					"pipeline": {
						"referenceName": "MRILEAS",
						"type": "PipelineReference"
					},
					"waitOnCompletion": true
				}
			},
			{
				"name": "MRIReporting",
				"type": "ExecutePipeline",
				"dependsOn": [
					{
						"activity": "MRIVEND",
						"dependencyConditions": [
							"Succeeded"
						]
					}
				],
				"userProperties": [],
				"typeProperties": {
					"pipeline": {
						"referenceName": "MRIReporting",
						"type": "PipelineReference"
					},
					"waitOnCompletion": true
				}
			}
		],
		"folder": {
			"name": "MRI"
		},
		"annotations": []
	},
	"type": "Microsoft.DataFactory/factories/pipelines"
}