{
	"name": "MRI_Incremental",
	"properties": {
		"activities": [
			{
				"name": "Start",
				"type": "Wait",
				"dependsOn": [],
				"userProperties": [],
				"typeProperties": {
					"waitTimeInSeconds": 1
				}
			},
			{
				"name": "MRICMLEDG",
				"type": "ExecutePipeline",
				"dependsOn": [
					{
						"activity": "MRIBLDG",
						"dependencyConditions": [
							"Succeeded"
						]
					}
				],
				"userProperties": [],
				"typeProperties": {
					"pipeline": {
						"referenceName": "MRICMLEDG_Incremental",
						"type": "PipelineReference"
					},
					"waitOnCompletion": true
				}
			},
			{
				"name": "MRIBLDG",
				"type": "ExecutePipeline",
				"dependsOn": [
					{
						"activity": "Start",
						"dependencyConditions": [
							"Succeeded"
						]
					}
				],
				"userProperties": [],
				"typeProperties": {
					"pipeline": {
						"referenceName": "MRIBLDG_Incremental",
						"type": "PipelineReference"
					},
					"waitOnCompletion": true
				}
			},
			{
				"name": "MRIINCH",
				"type": "ExecutePipeline",
				"dependsOn": [
					{
						"activity": "MRIHIST",
						"dependencyConditions": [
							"Succeeded"
						]
					}
				],
				"userProperties": [],
				"typeProperties": {
					"pipeline": {
						"referenceName": "MRIINCH_Incremental",
						"type": "PipelineReference"
					},
					"waitOnCompletion": true
				}
			},
			{
				"name": "MRILEAS",
				"type": "ExecutePipeline",
				"dependsOn": [
					{
						"activity": "MRIINVC",
						"dependencyConditions": [
							"Succeeded"
						]
					}
				],
				"userProperties": [],
				"typeProperties": {
					"pipeline": {
						"referenceName": "MRILEAS_Incremental",
						"type": "PipelineReference"
					},
					"waitOnCompletion": true
				}
			},
			{
				"name": "MRIENTITY",
				"type": "ExecutePipeline",
				"dependsOn": [
					{
						"activity": "MRICMLEDG",
						"dependencyConditions": [
							"Succeeded"
						]
					}
				],
				"userProperties": [],
				"typeProperties": {
					"pipeline": {
						"referenceName": "MRIENTITY_Incremental",
						"type": "PipelineReference"
					},
					"waitOnCompletion": true
				}
			},
			{
				"name": "MRISUIT",
				"type": "ExecutePipeline",
				"dependsOn": [
					{
						"activity": "MRILEAS",
						"dependencyConditions": [
							"Succeeded"
						]
					}
				],
				"userProperties": [],
				"typeProperties": {
					"pipeline": {
						"referenceName": "MRISUIT_Incremental",
						"type": "PipelineReference"
					},
					"waitOnCompletion": true
				}
			},
			{
				"name": "MRITB_MG_ACCRU_PREPAY",
				"type": "ExecutePipeline",
				"dependsOn": [
					{
						"activity": "MRISUIT",
						"dependencyConditions": [
							"Succeeded"
						]
					}
				],
				"userProperties": [],
				"typeProperties": {
					"pipeline": {
						"referenceName": "MRITB_MG_ACCRU_PREPAY_Incremental",
						"type": "PipelineReference"
					},
					"waitOnCompletion": true
				}
			},
			{
				"name": "MRIVEND",
				"type": "ExecutePipeline",
				"dependsOn": [
					{
						"activity": "MRITB_MG_ACCRU_PREPAY",
						"dependencyConditions": [
							"Succeeded"
						]
					}
				],
				"userProperties": [],
				"typeProperties": {
					"pipeline": {
						"referenceName": "MRIVEND_Incremental",
						"type": "PipelineReference"
					},
					"waitOnCompletion": true
				}
			},
			{
				"name": "MRIINVC",
				"type": "ExecutePipeline",
				"dependsOn": [
					{
						"activity": "MRIINCH",
						"dependencyConditions": [
							"Succeeded"
						]
					}
				],
				"userProperties": [],
				"typeProperties": {
					"pipeline": {
						"referenceName": "MRIINVC_Incremental",
						"type": "PipelineReference"
					},
					"waitOnCompletion": true
				}
			},
			{
				"name": "MRIHIST",
				"type": "ExecutePipeline",
				"dependsOn": [
					{
						"activity": "MRIENTITY",
						"dependencyConditions": [
							"Succeeded"
						]
					}
				],
				"userProperties": [],
				"typeProperties": {
					"pipeline": {
						"referenceName": "MRIHIST_Incremental",
						"type": "PipelineReference"
					},
					"waitOnCompletion": true
				}
			}
		],
		"folder": {
			"name": "MRI"
		},
		"annotations": []
	},
	"type": "Microsoft.DataFactory/factories/pipelines"
}