{
	"name": "MRIBLDG",
	"properties": {
		"activities": [
			{
				"name": "stagingMRIBLDG",
				"type": "Copy",
				"dependsOn": [],
				"policy": {
					"timeout": "7.00:00:00",
					"retry": 0,
					"retryIntervalInSeconds": 30,
					"secureOutput": false,
					"secureInput": false
				},
				"userProperties": [],
				"typeProperties": {
					"source": {
						"type": "SqlServerSource"
					},
					"sink": {
						"type": "SqlDWSink",
						"allowPolyBase": true,
						"writeBatchSize": 100000,
						"preCopyScript": "TRUNCATE TABLE staging.mri_bldg;",
						"polyBaseSettings": {
							"rejectValue": 0,
							"rejectType": "value",
							"useTypeDefault": false
						},
						"disableMetricsCollection": false
					},
					"enableStaging": true,
					"stagingSettings": {
						"linkedServiceName": {
							"referenceName": "dataplatformstoragearea",
							"type": "LinkedServiceReference"
						},
						"enableCompression": true
					},
					"translator": {
						"type": "TabularTranslator",
						"columnMappings": {
							"BLDGID": "BLDGID",
							"BLDGNAME": "BLDGNAME",
							"CITY": "CITY",
							"STATE": "STATE",
							"ZIPCODE": "ZIPCODE",
							"LLRDID": "LLRDID",
							"PAYTO": "PAYTO",
							"BLDGGLA": "BLDGGLA",
							"SDINTRST": "SDINTRST",
							"ADDRESS1": "ADDRESS1",
							"ADDRESS2": "ADDRESS2",
							"PHONENO": "PHONENO",
							"BILLDATE": "BILLDATE",
							"NMBRUNIT": "NMBRUNIT",
							"MNGRID": "MNGRID",
							"MGRSTDAT": "MGRSTDAT",
							"MGREXDAT": "MGREXDAT",
							"PRTSTAT": "PRTSTAT",
							"DAYDUE": "DAYDUE",
							"DELQDAY": "DELQDAY",
							"DELQOPT": "DELQOPT",
							"LATEFLAT": "LATEFLAT",
							"LATERATE": "LATERATE",
							"LATECALC": "LATECALC",
							"MGMTRATE": "MGMTRATE",
							"NCFLAG": "NCFLAG",
							"LASTDATE": "LASTDATE",
							"USERID": "USERID",
							"INACTIVE": "INACTIVE",
							"ICASHTYP": "ICASHTYP",
							"DCASHTYP": "DCASHTYP",
							"CPIINDEX": "CPIINDEX",
							"PTWID": "PTWID",
							"ENTITYID": "ENTITYID",
							"ALTADDR1": "ALTADDR1",
							"ALTADDR2": "ALTADDR2",
							"ALTCITY": "ALTCITY",
							"ALTSTATE": "ALTSTATE",
							"ALTZIP": "ALTZIP",
							"CLOSEDAY": "CLOSEDAY",
							"FEDIDTYP": "FEDIDTYP",
							"FEEMETH": "FEEMETH",
							"FLATAMT": "FLATAMT",
							"MGMTACC": "MGMTACC",
							"MGMTCASH": "MGMTCASH",
							"REFNDACC": "REFNDACC",
							"REFNDCAS": "REFNDCAS",
							"SECURACC": "SECURACC",
							"SECURCAS": "SECURCAS",
							"COUNTY": "COUNTY",
							"ALTCOUNT": "ALTCOUNT",
							"PROCDATE": "PROCDATE",
							"CMINTRAC": "CMINTRAC",
							"OCCSUITE": "OCCSUITE",
							"OCCGLA": "OCCGLA",
							"GLDETAIL": "GLDETAIL",
							"STARTINV": "STARTINV",
							"FASB13": "FASB13",
							"SQFTTYPE": "SQFTTYPE",
							"FASBSTRT": "FASBSTRT",
							"PROFILE": "PROFILE",
							"WOINCCAT": "WOINCCAT",
							"MARKUP": "MARKUP",
							"MINCCAT": "MINCCAT",
							"TICKFORM": "TICKFORM",
							"SCANCODEID": "SCANCODEID",
							"RPTYPRI1": "RPTYPRI1",
							"RPTYPRI2": "RPTYPRI2",
							"RPTYPRI3": "RPTYPRI3",
							"RPTYPRI4": "RPTYPRI4",
							"RPTYPRI5": "RPTYPRI5",
							"BILLEVEL": "BILLEVEL",
							"ESTLEVEL": "ESTLEVEL",
							"RECLEVEL": "RECLEVEL",
							"NATURAL": "NATURAL",
							"NINCCAT1": "NINCCAT1",
							"NINCCAT2": "NINCCAT2",
							"NINCCAT3": "NINCCAT3",
							"ESTMETH": "ESTMETH",
							"BILLPNT": "BILLPNT",
							"CALCEST": "CALCEST",
							"REQRPTY": "REQRPTY",
							"FORETYPE": "FORETYPE",
							"PERCCHNG": "PERCCHNG",
							"RETAIL": "RETAIL",
							"NRECID": "NRECID",
							"BASIS": "BASIS",
							"MGMTNONT": "MGMTNONT",
							"MGMTSECAPP": "MGMTSECAPP",
							"MGMTCRAPP": "MGMTCRAPP",
							"MGMTVENDID": "MGMTVENDID",
							"LTFEEDAYS": "LTFEEDAYS",
							"LTFCAMT": "LTFCAMT",
							"OPTED": "OPTED",
							"FREEHOLD": "FREEHOLD",
							"ELECDATE": "ELECDATE",
							"PURCPRCE": "PURCPRCE",
							"PURCCOST": "PURCCOST",
							"ADDCOSTS": "ADDCOSTS",
							"BOOKVALU": "BOOKVALU",
							"INSPEFRQ": "INSPEFRQ",
							"LASTINSP": "LASTINSP",
							"INSPECBY": "INSPECBY",
							"CURRVALU": "CURRVALU",
							"CURRVALR": "CURRVALR",
							"PURCFROM": "PURCFROM",
							"PURCDATE": "PURCDATE",
							"BASEVALU": "BASEVALU",
							"SINKFUND": "SINKFUND",
							"SERVCHRG": "SERVCHRG",
							"DESCRIP1": "DESCRIP1",
							"LOCALAUT": "LOCALAUT",
							"LASTVALN": "LASTVALN",
							"PRTYTYPE": "PRTYTYPE",
							"CONSDATE": "CONSDATE",
							"GEOGTYPE": "GEOGTYPE",
							"USECATGY": "USECATGY",
							"RATNGASS": "RATNGASS",
							"ASSESDTE": "ASSESDTE",
							"UBRRATE": "UBRRATE",
							"UBRAMOUT": "UBRAMOUT",
							"TITLEHED": "TITLEHED",
							"COMPDATE": "COMPDATE",
							"RETENTIN": "RETENTIN",
							"SALEDATE": "SALEDATE",
							"SALEPRCE": "SALEPRCE",
							"SALERTNT": "SALERTNT",
							"SOLDTO": "SOLDTO",
							"SCSUPERL": "SCSUPERL",
							"SCHRGSCH": "SCHRGSCH",
							"SCHGEFEE": "SCHGEFEE",
							"SCFLATFB": "SCFLATFB",
							"SCRNTCOL": "SCRNTCOL",
							"SCINTCHG": "SCINTCHG",
							"SCINTPAD": "SCINTPAD",
							"SCSTAFFE": "SCSTAFFE",
							"MGNGAGNT": "MGNGAGNT",
							"RATEAUTH": "RATEAUTH",
							"SCYREND": "SCYREND",
							"SCHRGFRQ": "SCHRGFRQ",
							"SCPDACCT": "SCPDACCT",
							"SCPAIDAV": "SCPAIDAV",
							"SCTRTRNT": "SCTRTRNT",
							"SCSINKFD": "SCSINKFD",
							"CARPARKS": "CARPARKS",
							"SALEEXCD": "SALEEXCD",
							"SALECOST": "SALECOST",
							"ELECBRD": "ELECBRD",
							"GASBRD": "GASBRD",
							"WATERBRD": "WATERBRD",
							"MAINPLAN": "MAINPLAN",
							"MAINUSE": "MAINUSE",
							"ATAXACCT": "ATAXACCT",
							"ATAXCASH": "ATAXCASH",
							"CONTCODE": "CONTCODE",
							"CNTYCODE": "CNTYCODE",
							"PRACCODE": "PRACCODE",
							"DVMNCODE": "DVMNCODE",
							"JVENCODE": "JVENCODE",
							"CNTROPEN": "CNTROPEN",
							"RANGETYPE": "RANGETYPE",
							"MGMTDEPT": "MGMTDEPT",
							"MGMTRTAXGRP": "MGMTRTAXGRP",
							"ORIGINATORID": "ORIGINATORID",
							"MGMTBILLFLAT": "MGMTBILLFLAT",
							"MERCHANTID": "MERCHANTID",
							"MERCHANTPASSWORD": "MERCHANTPASSWORD",
							"RECPTTYPEID": "RECPTTYPEID",
							"BAPPLYBYPRIORITY": "BAPPLYBYPRIORITY",
							"URL": "URL",
							"ATTACHID": "ATTACHID",
							"FAXNO": "FAXNO",
							"DESCRIP2": "DESCRIP2",
							"DESCRIP3": "DESCRIP3",
							"BLDGMATRIXOPTION": "BLDGMATRIXOPTION",
							"MATRIXID": "MATRIXID",
							"BASEUOM": "BASEUOM",
							"ALTERNATEUOM": "ALTERNATEUOM",
							"USEALTERNATEUOM": "USEALTERNATEUOM",
							"BRANDNET": "BRANDNET",
							"MG_EMAIL": "MG_EMAIL",
							"FEDID": "FEDID",
							"MAP": "MAP",
							"SRVCCRED": "SRVCCRED",
							"SRVCDEBT": "SRVCDEBT",
							"ALLOWPARTPMNT": "ALLOWPARTPMNT",
							"BLDGALIAS": "BLDGALIAS",
							"ALLOWCREDIT": "ALLOWCREDIT",
							"ALLOWCREDITAPPLY": "ALLOWCREDITAPPLY",
							"ACHPROVIDER": "ACHPROVIDER",
							"CCPROVIDER": "CCPROVIDER",
							"RECCPROVIDER": "RECCPROVIDER",
							"BANKID": "BANKID",
							"LOGOREF": "LOGOREF",
							"DISPLAYPROVIDERLOGO": "DISPLAYPROVIDERLOGO"
						}
					}
				},
				"inputs": [
					{
						"referenceName": "MRIReplicaBLDG",
						"type": "DatasetReference"
					}
				],
				"outputs": [
					{
						"referenceName": "SQLDataWarehouse_staging_mri_bldg",
						"type": "DatasetReference"
					}
				]
			},
			{
				"name": "stagingMRIBLDGFailure",
				"type": "WebActivity",
				"dependsOn": [
					{
						"activity": "stagingMRIBLDG",
						"dependencyConditions": [
							"Failed"
						]
					}
				],
				"policy": {
					"timeout": "7.00:00:00",
					"retry": 0,
					"retryIntervalInSeconds": 30,
					"secureOutput": false,
					"secureInput": false
				},
				"userProperties": [],
				"typeProperties": {
					"url": "https://prod-17.northeurope.logic.azure.com:443/workflows/b5b00e5596e94affb317290e4964e4a4/triggers/manual/paths/invoke?api-version=2016-10-01&sp=%2Ftriggers%2Fmanual%2Frun&sv=1.0&sig=55j9tHX1WsutSx6HqYyFcX80ICAhwCoE06KuGGetqb8",
					"method": "POST",
					"headers": {
						"Content-Type": "application/json"
					},
					"body": {
						"activity": "stagingMRIBLDG",
						"message": "@{activity('stagingMRIBLDG').error.message}",
						"dataFactoryName": "@{pipeline().DataFactory}",
						"pipelineName": "@{pipeline().Pipeline}",
						"FailureNotificationRecipient": "@pipeline().parameters.FailureNotificationRecipient"
					}
				}
			},
			{
				"name": "MRIBLDG",
				"type": "Copy",
				"dependsOn": [
					{
						"activity": "stagingMRIBLDG",
						"dependencyConditions": [
							"Succeeded"
						]
					}
				],
				"policy": {
					"timeout": "7.00:00:00",
					"retry": 0,
					"retryIntervalInSeconds": 30,
					"secureOutput": false,
					"secureInput": false
				},
				"userProperties": [],
				"typeProperties": {
					"source": {
						"type": "SqlDWSource"
					},
					"sink": {
						"type": "SqlDWSink",
						"allowPolyBase": true,
						"writeBatchSize": 100000,
						"preCopyScript": "TRUNCATE TABLE mri.BLDG;",
						"polyBaseSettings": {
							"rejectValue": 0,
							"rejectType": "value",
							"useTypeDefault": false
						},
						"disableMetricsCollection": false
					},
					"enableStaging": true,
					"stagingSettings": {
						"linkedServiceName": {
							"referenceName": "dataplatformstoragearea",
							"type": "LinkedServiceReference"
						},
						"enableCompression": true
					},
					"translator": {
						"type": "TabularTranslator",
						"columnMappings": {
							"BLDGID": "BLDGID",
							"BLDGNAME": "BLDGNAME",
							"CITY": "CITY",
							"STATE": "STATE",
							"ZIPCODE": "ZIPCODE",
							"LLRDID": "LLRDID",
							"PAYTO": "PAYTO",
							"BLDGGLA": "BLDGGLA",
							"SDINTRST": "SDINTRST",
							"ADDRESS1": "ADDRESS1",
							"ADDRESS2": "ADDRESS2",
							"PHONENO": "PHONENO",
							"BILLDATE": "BILLDATE",
							"NMBRUNIT": "NMBRUNIT",
							"MNGRID": "MNGRID",
							"MGRSTDAT": "MGRSTDAT",
							"MGREXDAT": "MGREXDAT",
							"PRTSTAT": "PRTSTAT",
							"DAYDUE": "DAYDUE",
							"DELQDAY": "DELQDAY",
							"DELQOPT": "DELQOPT",
							"LATEFLAT": "LATEFLAT",
							"LATERATE": "LATERATE",
							"LATECALC": "LATECALC",
							"MGMTRATE": "MGMTRATE",
							"NCFLAG": "NCFLAG",
							"LASTDATE": "LASTDATE",
							"USERID": "USERID",
							"INACTIVE": "INACTIVE",
							"ICASHTYP": "ICASHTYP",
							"DCASHTYP": "DCASHTYP",
							"CPIINDEX": "CPIINDEX",
							"PTWID": "PTWID",
							"ENTITYID": "ENTITYID",
							"ALTADDR1": "ALTADDR1",
							"ALTADDR2": "ALTADDR2",
							"ALTCITY": "ALTCITY",
							"ALTSTATE": "ALTSTATE",
							"ALTZIP": "ALTZIP",
							"CLOSEDAY": "CLOSEDAY",
							"FEDIDTYP": "FEDIDTYP",
							"FEEMETH": "FEEMETH",
							"FLATAMT": "FLATAMT",
							"MGMTACC": "MGMTACC",
							"MGMTCASH": "MGMTCASH",
							"REFNDACC": "REFNDACC",
							"REFNDCAS": "REFNDCAS",
							"SECURACC": "SECURACC",
							"SECURCAS": "SECURCAS",
							"COUNTY": "COUNTY",
							"ALTCOUNT": "ALTCOUNT",
							"PROCDATE": "PROCDATE",
							"CMINTRAC": "CMINTRAC",
							"OCCSUITE": "OCCSUITE",
							"OCCGLA": "OCCGLA",
							"GLDETAIL": "GLDETAIL",
							"STARTINV": "STARTINV",
							"FASB13": "FASB13",
							"SQFTTYPE": "SQFTTYPE",
							"FASBSTRT": "FASBSTRT",
							"PROFILE": "PROFILE",
							"WOINCCAT": "WOINCCAT",
							"MARKUP": "MARKUP",
							"MINCCAT": "MINCCAT",
							"TICKFORM": "TICKFORM",
							"SCANCODEID": "SCANCODEID",
							"RPTYPRI1": "RPTYPRI1",
							"RPTYPRI2": "RPTYPRI2",
							"RPTYPRI3": "RPTYPRI3",
							"RPTYPRI4": "RPTYPRI4",
							"RPTYPRI5": "RPTYPRI5",
							"BILLEVEL": "BILLEVEL",
							"ESTLEVEL": "ESTLEVEL",
							"RECLEVEL": "RECLEVEL",
							"NATURAL": "NATURAL",
							"NINCCAT1": "NINCCAT1",
							"NINCCAT2": "NINCCAT2",
							"NINCCAT3": "NINCCAT3",
							"ESTMETH": "ESTMETH",
							"BILLPNT": "BILLPNT",
							"CALCEST": "CALCEST",
							"REQRPTY": "REQRPTY",
							"FORETYPE": "FORETYPE",
							"PERCCHNG": "PERCCHNG",
							"RETAIL": "RETAIL",
							"NRECID": "NRECID",
							"BASIS": "BASIS",
							"MGMTNONT": "MGMTNONT",
							"MGMTSECAPP": "MGMTSECAPP",
							"MGMTCRAPP": "MGMTCRAPP",
							"MGMTVENDID": "MGMTVENDID",
							"LTFEEDAYS": "LTFEEDAYS",
							"LTFCAMT": "LTFCAMT",
							"OPTED": "OPTED",
							"FREEHOLD": "FREEHOLD",
							"ELECDATE": "ELECDATE",
							"PURCPRCE": "PURCPRCE",
							"PURCCOST": "PURCCOST",
							"ADDCOSTS": "ADDCOSTS",
							"BOOKVALU": "BOOKVALU",
							"INSPEFRQ": "INSPEFRQ",
							"LASTINSP": "LASTINSP",
							"INSPECBY": "INSPECBY",
							"CURRVALU": "CURRVALU",
							"CURRVALR": "CURRVALR",
							"PURCFROM": "PURCFROM",
							"PURCDATE": "PURCDATE",
							"BASEVALU": "BASEVALU",
							"SINKFUND": "SINKFUND",
							"SERVCHRG": "SERVCHRG",
							"DESCRIP1": "DESCRIP1",
							"LOCALAUT": "LOCALAUT",
							"LASTVALN": "LASTVALN",
							"PRTYTYPE": "PRTYTYPE",
							"CONSDATE": "CONSDATE",
							"GEOGTYPE": "GEOGTYPE",
							"USECATGY": "USECATGY",
							"RATNGASS": "RATNGASS",
							"ASSESDTE": "ASSESDTE",
							"UBRRATE": "UBRRATE",
							"UBRAMOUT": "UBRAMOUT",
							"TITLEHED": "TITLEHED",
							"COMPDATE": "COMPDATE",
							"RETENTIN": "RETENTIN",
							"SALEDATE": "SALEDATE",
							"SALEPRCE": "SALEPRCE",
							"SALERTNT": "SALERTNT",
							"SOLDTO": "SOLDTO",
							"SCSUPERL": "SCSUPERL",
							"SCHRGSCH": "SCHRGSCH",
							"SCHGEFEE": "SCHGEFEE",
							"SCFLATFB": "SCFLATFB",
							"SCRNTCOL": "SCRNTCOL",
							"SCINTCHG": "SCINTCHG",
							"SCINTPAD": "SCINTPAD",
							"SCSTAFFE": "SCSTAFFE",
							"MGNGAGNT": "MGNGAGNT",
							"RATEAUTH": "RATEAUTH",
							"SCYREND": "SCYREND",
							"SCHRGFRQ": "SCHRGFRQ",
							"SCPDACCT": "SCPDACCT",
							"SCPAIDAV": "SCPAIDAV",
							"SCTRTRNT": "SCTRTRNT",
							"SCSINKFD": "SCSINKFD",
							"CARPARKS": "CARPARKS",
							"SALEEXCD": "SALEEXCD",
							"SALECOST": "SALECOST",
							"ELECBRD": "ELECBRD",
							"GASBRD": "GASBRD",
							"WATERBRD": "WATERBRD",
							"MAINPLAN": "MAINPLAN",
							"MAINUSE": "MAINUSE",
							"ATAXACCT": "ATAXACCT",
							"ATAXCASH": "ATAXCASH",
							"CONTCODE": "CONTCODE",
							"CNTYCODE": "CNTYCODE",
							"PRACCODE": "PRACCODE",
							"DVMNCODE": "DVMNCODE",
							"JVENCODE": "JVENCODE",
							"CNTROPEN": "CNTROPEN",
							"RANGETYPE": "RANGETYPE",
							"MGMTDEPT": "MGMTDEPT",
							"MGMTRTAXGRP": "MGMTRTAXGRP",
							"ORIGINATORID": "ORIGINATORID",
							"MGMTBILLFLAT": "MGMTBILLFLAT",
							"MERCHANTID": "MERCHANTID",
							"MERCHANTPASSWORD": "MERCHANTPASSWORD",
							"RECPTTYPEID": "RECPTTYPEID",
							"BAPPLYBYPRIORITY": "BAPPLYBYPRIORITY",
							"URL": "URL",
							"ATTACHID": "ATTACHID",
							"FAXNO": "FAXNO",
							"DESCRIP2": "DESCRIP2",
							"DESCRIP3": "DESCRIP3",
							"BLDGMATRIXOPTION": "BLDGMATRIXOPTION",
							"MATRIXID": "MATRIXID",
							"BASEUOM": "BASEUOM",
							"ALTERNATEUOM": "ALTERNATEUOM",
							"USEALTERNATEUOM": "USEALTERNATEUOM",
							"BRANDNET": "BRANDNET",
							"MG_EMAIL": "MG_EMAIL",
							"FEDID": "FEDID",
							"MAP": "MAP",
							"SRVCCRED": "SRVCCRED",
							"SRVCDEBT": "SRVCDEBT",
							"ALLOWPARTPMNT": "ALLOWPARTPMNT",
							"BLDGALIAS": "BLDGALIAS",
							"ALLOWCREDIT": "ALLOWCREDIT",
							"ALLOWCREDITAPPLY": "ALLOWCREDITAPPLY",
							"ACHPROVIDER": "ACHPROVIDER",
							"CCPROVIDER": "CCPROVIDER",
							"RECCPROVIDER": "RECCPROVIDER",
							"BANKID": "BANKID",
							"LOGOREF": "LOGOREF",
							"DISPLAYPROVIDERLOGO": "DISPLAYPROVIDERLOGO"
						}
					}
				},
				"inputs": [
					{
						"referenceName": "SQLDataWarehouse_staging_mri_bldg",
						"type": "DatasetReference"
					}
				],
				"outputs": [
					{
						"referenceName": "SQLDataWarehouse_mri_bldg",
						"type": "DatasetReference"
					}
				]
			},
			{
				"name": "MRIBLDGFailure",
				"type": "WebActivity",
				"dependsOn": [
					{
						"activity": "MRIBLDG",
						"dependencyConditions": [
							"Failed"
						]
					}
				],
				"policy": {
					"timeout": "7.00:00:00",
					"retry": 0,
					"retryIntervalInSeconds": 30,
					"secureOutput": false,
					"secureInput": false
				},
				"userProperties": [],
				"typeProperties": {
					"url": "https://prod-17.northeurope.logic.azure.com:443/workflows/b5b00e5596e94affb317290e4964e4a4/triggers/manual/paths/invoke?api-version=2016-10-01&sp=%2Ftriggers%2Fmanual%2Frun&sv=1.0&sig=55j9tHX1WsutSx6HqYyFcX80ICAhwCoE06KuGGetqb8",
					"method": "POST",
					"headers": {
						"Content-Type": "application/json"
					},
					"body": {
						"activity": "MRIBLDG",
						"message": "@{activity('MRIBLDG').error.message}",
						"dataFactoryName": "@{pipeline().DataFactory}",
						"pipelineName": "@{pipeline().Pipeline}",
						"FailureNotificationRecipient": "@pipeline().parameters.FailureNotificationRecipient"
					}
				}
			}
		],
		"parameters": {
			"FailureNotificationRecipient": {
				"type": "string",
				"defaultValue": "data.platform@mcarthurglen.com"
			}
		},
		"folder": {
			"name": "MRI"
		},
		"annotations": []
	},
	"type": "Microsoft.DataFactory/factories/pipelines"
}