{
	"name": "MRIBRKP",
	"properties": {
		"activities": [
			{
				"name": "stagingMRIBRKP",
				"type": "Copy",
				"dependsOn": [],
				"policy": {
					"timeout": "7.00:00:00",
					"retry": 0,
					"retryIntervalInSeconds": 30,
					"secureOutput": false,
					"secureInput": false
				},
				"userProperties": [],
				"typeProperties": {
					"source": {
						"type": "SqlServerSource"
					},
					"sink": {
						"type": "SqlDWSink",
						"allowPolyBase": true,
						"writeBatchSize": 100000,
						"preCopyScript": "TRUNCATE TABLE staging.mri_BRKP;",
						"polyBaseSettings": {
							"rejectValue": 0,
							"rejectType": "value",
							"useTypeDefault": false
						},
						"disableMetricsCollection": false
					},
					"enableStaging": true,
					"stagingSettings": {
						"linkedServiceName": {
							"referenceName": "dataplatformstoragearea",
							"type": "LinkedServiceReference"
						},
						"enableCompression": true
					},
					"translator": {
						"type": "TabularTranslator",
						"columnMappings": {
							"BLDGID": "BLDGID",
							"LEASID": "LEASID",
							"STYPID": "STYPID",
							"STARTDT": "STARTDT",
							"PERC1": "PERC1",
							"BRKPNT1": "BRKPNT1",
							"PERC2": "PERC2",
							"BRKPNT2": "BRKPNT2",
							"PERC3": "PERC3",
							"BRKPNT3": "BRKPNT3",
							"PERC4": "PERC4",
							"BRKPNT4": "BRKPNT4",
							"PERC5": "PERC5",
							"BRKPNT5": "BRKPNT5",
							"LASTDATE": "LASTDATE",
							"USERID": "USERID",
							"PERC6": "PERC6",
							"BRKPNT6": "BRKPNT6",
							"PERC7": "PERC7",
							"BRKPNT7": "BRKPNT7",
							"TOTALBRKP": "TOTALBRKP"
						}
					}
				},
				"inputs": [
					{
						"referenceName": "MRIReplicaBRKP",
						"type": "DatasetReference"
					}
				],
				"outputs": [
					{
						"referenceName": "SQLDataWarehouse_staging_mri_brkp",
						"type": "DatasetReference"
					}
				]
			},
			{
				"name": "stagingMRIBRKPFailure",
				"type": "WebActivity",
				"dependsOn": [
					{
						"activity": "stagingMRIBRKP",
						"dependencyConditions": [
							"Failed"
						]
					}
				],
				"policy": {
					"timeout": "7.00:00:00",
					"retry": 0,
					"retryIntervalInSeconds": 30,
					"secureOutput": false,
					"secureInput": false
				},
				"userProperties": [],
				"typeProperties": {
					"url": "https://prod-17.northeurope.logic.azure.com:443/workflows/b5b00e5596e94affb317290e4964e4a4/triggers/manual/paths/invoke?api-version=2016-10-01&sp=%2Ftriggers%2Fmanual%2Frun&sv=1.0&sig=55j9tHX1WsutSx6HqYyFcX80ICAhwCoE06KuGGetqb8",
					"method": "POST",
					"headers": {
						"Content-Type": "application/json"
					},
					"body": {
						"activity": "stagingMRIBRKP",
						"message": "@{activity('stagingMRIBRKP').error.message}",
						"dataFactoryName": "@{pipeline().DataFactory}",
						"pipelineName": "@{pipeline().Pipeline}",
						"FailureNotificationRecipient": "@pipeline().parameters.FailureNotificationRecipient"
					}
				}
			},
			{
				"name": "MRIBRKP",
				"type": "Copy",
				"dependsOn": [
					{
						"activity": "stagingMRIBRKP",
						"dependencyConditions": [
							"Succeeded"
						]
					}
				],
				"policy": {
					"timeout": "7.00:00:00",
					"retry": 0,
					"retryIntervalInSeconds": 30,
					"secureOutput": false,
					"secureInput": false
				},
				"userProperties": [],
				"typeProperties": {
					"source": {
						"type": "SqlDWSource"
					},
					"sink": {
						"type": "SqlDWSink",
						"allowPolyBase": true,
						"writeBatchSize": 100000,
						"preCopyScript": "TRUNCATE TABLE mri.BRKP;",
						"polyBaseSettings": {
							"rejectValue": 0,
							"rejectType": "value",
							"useTypeDefault": false
						},
						"disableMetricsCollection": false
					},
					"enableStaging": true,
					"stagingSettings": {
						"linkedServiceName": {
							"referenceName": "dataplatformstoragearea",
							"type": "LinkedServiceReference"
						},
						"enableCompression": true
					},
					"translator": {
						"type": "TabularTranslator",
						"columnMappings": {
							"BLDGID": "BLDGID",
							"LEASID": "LEASID",
							"STYPID": "STYPID",
							"STARTDT": "STARTDT",
							"PERC1": "PERC1",
							"BRKPNT1": "BRKPNT1",
							"PERC2": "PERC2",
							"BRKPNT2": "BRKPNT2",
							"PERC3": "PERC3",
							"BRKPNT3": "BRKPNT3",
							"PERC4": "PERC4",
							"BRKPNT4": "BRKPNT4",
							"PERC5": "PERC5",
							"BRKPNT5": "BRKPNT5",
							"LASTDATE": "LASTDATE",
							"USERID": "USERID",
							"PERC6": "PERC6",
							"BRKPNT6": "BRKPNT6",
							"PERC7": "PERC7",
							"BRKPNT7": "BRKPNT7",
							"TOTALBRKP": "TOTALBRKP"
						}
					}
				},
				"inputs": [
					{
						"referenceName": "SQLDataWarehouse_staging_mri_brkp",
						"type": "DatasetReference"
					}
				],
				"outputs": [
					{
						"referenceName": "SQLDataWarehouse_mri_brkp",
						"type": "DatasetReference"
					}
				]
			},
			{
				"name": "MRIBRKPFailure",
				"type": "WebActivity",
				"dependsOn": [
					{
						"activity": "MRIBRKP",
						"dependencyConditions": [
							"Failed"
						]
					}
				],
				"policy": {
					"timeout": "7.00:00:00",
					"retry": 0,
					"retryIntervalInSeconds": 30,
					"secureOutput": false,
					"secureInput": false
				},
				"userProperties": [],
				"typeProperties": {
					"url": "https://prod-17.northeurope.logic.azure.com:443/workflows/b5b00e5596e94affb317290e4964e4a4/triggers/manual/paths/invoke?api-version=2016-10-01&sp=%2Ftriggers%2Fmanual%2Frun&sv=1.0&sig=55j9tHX1WsutSx6HqYyFcX80ICAhwCoE06KuGGetqb8",
					"method": "POST",
					"headers": {
						"Content-Type": "application/json"
					},
					"body": {
						"activity": "MRIBRKP",
						"message": "@{activity('MRIBRKP').error.message}",
						"dataFactoryName": "@{pipeline().DataFactory}",
						"pipelineName": "@{pipeline().Pipeline}",
						"FailureNotificationRecipient": "@pipeline().parameters.FailureNotificationRecipient"
					}
				}
			}
		],
		"parameters": {
			"FailureNotificationRecipient": {
				"type": "string",
				"defaultValue": "data.platform@mcarthurglen.com"
			}
		},
		"folder": {
			"name": "MRI"
		},
		"annotations": []
	},
	"type": "Microsoft.DataFactory/factories/pipelines"
}