{
	"name": "MRICMRECC",
	"properties": {
		"activities": [
			{
				"name": "MRICMRECC",
				"type": "Copy",
				"dependsOn": [
					{
						"activity": "stagingMRICMRECC",
						"dependencyConditions": [
							"Succeeded"
						]
					}
				],
				"policy": {
					"timeout": "7.00:00:00",
					"retry": 0,
					"retryIntervalInSeconds": 30,
					"secureOutput": false,
					"secureInput": false
				},
				"userProperties": [],
				"typeProperties": {
					"source": {
						"type": "SqlDWSource"
					},
					"sink": {
						"type": "SqlDWSink",
						"allowPolyBase": true,
						"writeBatchSize": 100000,
						"preCopyScript": "TRUNCATE TABLE mri.CMRECC;",
						"polyBaseSettings": {
							"rejectValue": 0,
							"rejectType": "value",
							"useTypeDefault": false
						},
						"disableMetricsCollection": false
					},
					"enableStaging": true,
					"stagingSettings": {
						"linkedServiceName": {
							"referenceName": "dataplatformstoragearea",
							"type": "LinkedServiceReference"
						},
						"enableCompression": true
					},
					"translator": {
						"type": "TabularTranslator",
						"columnMappings": {
							"BLDGID": "BLDGID",
							"LEASID": "LEASID",
							"INCCAT": "INCCAT",
							"EFFDATE": "EFFDATE",
							"AMOUNT": "AMOUNT",
							"FRQUENCY": "FRQUENCY",
							"MFEXEMPT": "MFEXEMPT",
							"BEGMONTH": "BEGMONTH",
							"CATUSAGE": "CATUSAGE",
							"CHARGEDAY": "CHARGEDAY",
							"ADVANCE": "ADVANCE",
							"LASTBILL": "LASTBILL",
							"ADDRID": "ADDRID",
							"BYSQFT": "BYSQFT",
							"SQFTTYPE": "SQFTTYPE",
							"LASTDATE": "LASTDATE",
							"USERID": "USERID",
							"ENDDATE": "ENDDATE",
							"INEFFECT": "INEFFECT",
							"PROPOSED": "PROPOSED",
							"MEMOICAT": "MEMOICAT",
							"RTAXGRPID": "RTAXGRPID",
							"AUTOJE": "AUTOJE",
							"CURRCODE": "CURRCODE",
							"DEPARTMENT": "DEPARTMENT",
							"ACHFLAG": "ACHFLAG",
							"AUTOEXCEPTION": "AUTOEXCEPTION",
							"INCREASE": "INCREASE",
							"MG_CM_DEINVR": "MG_CM_DEINVR"
						}
					}
				},
				"inputs": [
					{
						"referenceName": "SQLDataWarehouse_staging_mri_cmrecc",
						"type": "DatasetReference"
					}
				],
				"outputs": [
					{
						"referenceName": "SQLDataWarehouse_mri_cmrecc",
						"type": "DatasetReference"
					}
				]
			},
			{
				"name": "MRICMRECCFailure",
				"type": "WebActivity",
				"dependsOn": [
					{
						"activity": "MRICMRECC",
						"dependencyConditions": [
							"Failed"
						]
					}
				],
				"policy": {
					"timeout": "7.00:00:00",
					"retry": 0,
					"retryIntervalInSeconds": 30,
					"secureOutput": false,
					"secureInput": false
				},
				"userProperties": [],
				"typeProperties": {
					"url": "https://prod-17.northeurope.logic.azure.com:443/workflows/b5b00e5596e94affb317290e4964e4a4/triggers/manual/paths/invoke?api-version=2016-10-01&sp=%2Ftriggers%2Fmanual%2Frun&sv=1.0&sig=55j9tHX1WsutSx6HqYyFcX80ICAhwCoE06KuGGetqb8",
					"method": "POST",
					"headers": {
						"Content-Type": "application/json"
					},
					"body": {
						"activity": "MRICMRECC",
						"message": "@{activity('MRICMRECC').error.message}",
						"dataFactoryName": "@{pipeline().DataFactory}",
						"pipelineName": "@{pipeline().Pipeline}",
						"FailureNotificationRecipient": "@pipeline().parameters.FailureNotificationRecipient"
					}
				}
			},
			{
				"name": "stagingMRICMRECC",
				"type": "Copy",
				"dependsOn": [],
				"policy": {
					"timeout": "7.00:00:00",
					"retry": 0,
					"retryIntervalInSeconds": 30,
					"secureOutput": false,
					"secureInput": false
				},
				"userProperties": [],
				"typeProperties": {
					"source": {
						"type": "SqlServerSource"
					},
					"sink": {
						"type": "SqlDWSink",
						"allowPolyBase": true,
						"writeBatchSize": 100000,
						"preCopyScript": "TRUNCATE TABLE staging.mri_CMRECC;",
						"polyBaseSettings": {
							"rejectValue": 0,
							"rejectType": "value",
							"useTypeDefault": false
						},
						"disableMetricsCollection": false
					},
					"enableStaging": true,
					"stagingSettings": {
						"linkedServiceName": {
							"referenceName": "dataplatformstoragearea",
							"type": "LinkedServiceReference"
						},
						"enableCompression": true
					},
					"translator": {
						"type": "TabularTranslator",
						"columnMappings": {
							"BLDGID": "BLDGID",
							"LEASID": "LEASID",
							"INCCAT": "INCCAT",
							"EFFDATE": "EFFDATE",
							"AMOUNT": "AMOUNT",
							"FRQUENCY": "FRQUENCY",
							"MFEXEMPT": "MFEXEMPT",
							"BEGMONTH": "BEGMONTH",
							"CATUSAGE": "CATUSAGE",
							"CHARGEDAY": "CHARGEDAY",
							"ADVANCE": "ADVANCE",
							"LASTBILL": "LASTBILL",
							"ADDRID": "ADDRID",
							"BYSQFT": "BYSQFT",
							"SQFTTYPE": "SQFTTYPE",
							"LASTDATE": "LASTDATE",
							"USERID": "USERID",
							"ENDDATE": "ENDDATE",
							"INEFFECT": "INEFFECT",
							"PROPOSED": "PROPOSED",
							"MEMOICAT": "MEMOICAT",
							"RTAXGRPID": "RTAXGRPID",
							"AUTOJE": "AUTOJE",
							"CURRCODE": "CURRCODE",
							"DEPARTMENT": "DEPARTMENT",
							"ACHFLAG": "ACHFLAG",
							"AUTOEXCEPTION": "AUTOEXCEPTION",
							"INCREASE": "INCREASE",
							"MG_CM_DEINVR": "MG_CM_DEINVR"
						}
					}
				},
				"inputs": [
					{
						"referenceName": "MRIReplicaCMRECC",
						"type": "DatasetReference"
					}
				],
				"outputs": [
					{
						"referenceName": "SQLDataWarehouse_staging_mri_cmrecc",
						"type": "DatasetReference"
					}
				]
			},
			{
				"name": "stagingMRICMRECCFailure",
				"type": "WebActivity",
				"dependsOn": [
					{
						"activity": "stagingMRICMRECC",
						"dependencyConditions": [
							"Failed"
						]
					}
				],
				"policy": {
					"timeout": "7.00:00:00",
					"retry": 0,
					"retryIntervalInSeconds": 30,
					"secureOutput": false,
					"secureInput": false
				},
				"userProperties": [],
				"typeProperties": {
					"url": "https://prod-17.northeurope.logic.azure.com:443/workflows/b5b00e5596e94affb317290e4964e4a4/triggers/manual/paths/invoke?api-version=2016-10-01&sp=%2Ftriggers%2Fmanual%2Frun&sv=1.0&sig=55j9tHX1WsutSx6HqYyFcX80ICAhwCoE06KuGGetqb8",
					"method": "POST",
					"headers": {
						"Content-Type": "application/json"
					},
					"body": {
						"activity": "stagingMRICMRECC",
						"message": "@{activity('stagingMRICMRECC').error.message}",
						"dataFactoryName": "@{pipeline().DataFactory}",
						"pipelineName": "@{pipeline().Pipeline}",
						"FailureNotificationRecipient": "@pipeline().parameters.FailureNotificationRecipient"
					}
				}
			}
		],
		"parameters": {
			"FailureNotificationRecipient": {
				"type": "string",
				"defaultValue": "data.platform@mcarthurglen.com"
			}
		},
		"folder": {
			"name": "MRI"
		},
		"annotations": []
	},
	"type": "Microsoft.DataFactory/factories/pipelines"
}