{
	"name": "MRICMLEDG_Incremental",
	"properties": {
		"activities": [
			{
				"name": "CopyCMLEDGInserts",
				"type": "Copy",
				"dependsOn": [],
				"policy": {
					"timeout": "7.00:00:00",
					"retry": 0,
					"retryIntervalInSeconds": 30,
					"secureOutput": false,
					"secureInput": false
				},
				"userProperties": [],
				"typeProperties": {
					"source": {
						"type": "SqlSource",
						"sqlReaderQuery": "WITH change_table AS (\nSELECT DISTINCT TRANID\nFROM CHANGETABLE(CHANGES CMLEDG,1) AS change_table\nWHERE SYS_CHANGE_OPERATION = 'I'\n)\nSELECT CMLEDG.*\nFROM CMLEDG\nJOIN change_table ct ON ct.TRANID = CMLEDG.TRANID;"
					},
					"sink": {
						"type": "SqlDWSink",
						"allowPolyBase": true,
						"writeBatchSize": 10000,
						"preCopyScript": "TRUNCATE TABLE staging.mri_cmledg;",
						"polyBaseSettings": {
							"rejectValue": 0,
							"rejectType": "value",
							"useTypeDefault": false
						}
					},
					"enableStaging": true,
					"stagingSettings": {
						"linkedServiceName": {
							"referenceName": "dataplatformstoragearea",
							"type": "LinkedServiceReference"
						},
						"enableCompression": true
					},
					"translator": {
						"type": "TabularTranslator",
						"columnMappings": {
							"TRANID": "TRANID",
							"BLDGID": "BLDGID",
							"LEASID": "LEASID",
							"TRANDATE": "TRANDATE",
							"INCCAT": "INCCAT",
							"SRCCODE": "SRCCODE",
							"CASHTYPE": "CASHTYPE",
							"DESCRPTN": "DESCRPTN",
							"TRANAMT": "TRANAMT",
							"OPENAMT": "OPENAMT",
							"CHKDESC": "CHKDESC",
							"CMBATCHID": "CMBATCHID",
							"REFNMBR": "REFNMBR",
							"PARENTTRANID": "PARENTTRANID",
							"RTAXID": "RTAXID",
							"RTAXAMT": "RTAXAMT",
							"INVOICE": "INVOICE",
							"PERIOD": "PERIOD",
							"GLREF": "GLREF",
							"BANKID": "BANKID",
							"DOSITEMNO": "DOSITEMNO",
							"RETROPD": "RETROPD",
							"RCPTNO": "RCPTNO",
							"CURRCODE": "CURRCODE",
							"BCURCODE": "BCURCODE",
							"BCTRANAMT": "BCTRANAMT",
							"BCGAINLOSS": "BCGAINLOSS",
							"BCEXCHGREF": "BCEXCHGREF",
							"POSTED": "POSTED",
							"ORIGINALDEPT": "ORIGINALDEPT",
							"RTAXGRPID": "RTAXGRPID",
							"DEPARTMENT": "DEPARTMENT",
							"INVCDATE": "INVCDATE",
							"ADJFLAG": "ADJFLAG",
							"ADJINVOICE": "ADJINVOICE",
							"WTAXRCPT": "WTAXRCPT",
							"WTAXID": "WTAXID",
							"LATEDATE": "LATEDATE",
							"JOBCODE": "JOBCODE",
							"JC_PHASECODE": "JC_PHASECODE",
							"APPLYFLAG": "APPLYFLAG",
							"USERID": "USERID",
							"PROGNAME": "PROGNAME",
							"RCPTORIGIN": "RCPTORIGIN",
							"RECPTTYPEID": "RECPTTYPEID",
							"RECPTNO": "RECPTNO",
							"RECPTSCREEN": "RECPTSCREEN",
							"DRAWER": "DRAWER",
							"FININST": "FININST",
							"BRANCH": "BRANCH",
							"TAXPOINTDT": "TAXPOINTDT",
							"RPTRUNID": "RPTRUNID",
							"AUTOEXCEPTION": "AUTOEXCEPTION",
							"ADDLDESC": "ADDLDESC",
							"SDTRANID": "SDTRANID",
							"APPLYCREDITID": "APPLYCREDITID",
							"PSTARSREF": "PSTARSREF",
							"RNTPAYMENTREF": "RNTPAYMENTREF",
							"SFEEAMT": "SFEEAMT",
							"PAYMENTPROVIDER": "PAYMENTPROVIDER",
							"PAYMENTRANID": "PAYMENTRANID",
							"DUEDATE": "DUEDATE",
							"PRRYEAR": "PRRYEAR",
							"STMTDATE": "STMTDATE",
							"REPDT": "REPDT",
							"DDPROC": "DDPROC",
							"MGUKCODE": "MGUKCODE",
							"COST": "COST",
							"ORIGDESC": "ORIGDESC",
							"FROMDATE": "FROMDATE",
							"TODATE": "TODATE",
							"ITEMS": "ITEMS",
							"DATEDUE": "DATEDUE",
							"DDDATE": "DDDATE",
							"CMNUM_IT": "CMNUM_IT",
							"MG_IT_PREVYR": "MG_IT_PREVYR",
							"EXCLDD": "EXCLDD",
							"WCALCUSED": "WCALCUSED",
							"INTCALCDATE": "INTCALCDATE",
							"PRVYINTCALCDATE": "PRVYINTCALCDATE",
							"UK_SCFLAG": "UK_SCFLAG",
							"DATEFLAG": "DATEFLAG",
							"DRAPKEY1": "DRAPKEY1",
							"DRAPKEY2": "DRAPKEY2",
							"LATECALC": "LATECALC",
							"IDE_CM_PROCNO": "IDE_CM_PROCNO",
							"IDE_CM_LATE1": "IDE_CM_LATE1",
							"IDE_CM_LATE2": "IDE_CM_LATE2",
							"IDE_CM_RUNID1": "IDE_CM_RUNID1",
							"IDE_CM_RUNID2": "IDE_CM_RUNID2",
							"CR_TEMP": "CR_TEMP",
							"DDNOS": "DDNOS",
							"LASTDATE": "LASTDATE",
							"IIT_PREVYR": "IIT_PREVYR",
							"LLCNTR": "LLCNTR",
							"EINVOICEID": "EINVOICEID",
							"EXCLUDEFLAG": "EXCLUDEFLAG",
							"EINVOICE_REASON": "EINVOICE_REASON",
							"EINVOICE_REASON_OTHER": "EINVOICE_REASON_OTHER",
							"UPD_DUEDATE": "UPD_DUEDATE"
						}
					}
				},
				"inputs": [
					{
						"referenceName": "MRIReplicaCMLEDG",
						"type": "DatasetReference"
					}
				],
				"outputs": [
					{
						"referenceName": "SQLDataWarehouse_staging_mri_cmledg",
						"type": "DatasetReference"
					}
				]
			},
			{
				"name": "sp_insert_mri_cmledg",
				"type": "SqlServerStoredProcedure",
				"dependsOn": [
					{
						"activity": "CopyCMLEDGInserts",
						"dependencyConditions": [
							"Succeeded"
						]
					}
				],
				"policy": {
					"timeout": "7.00:00:00",
					"retry": 0,
					"retryIntervalInSeconds": 30,
					"secureOutput": false,
					"secureInput": false
				},
				"userProperties": [],
				"typeProperties": {
					"storedProcedureName": "[dbo].[sp_insert_mri_cmledg]"
				},
				"linkedServiceName": {
					"referenceName": "SQLDataWarehouse",
					"type": "LinkedServiceReference"
				}
			},
			{
				"name": "CopyCMLEDGUpdates",
				"type": "Copy",
				"dependsOn": [
					{
						"activity": "sp_insert_mri_cmledg",
						"dependencyConditions": [
							"Succeeded"
						]
					}
				],
				"policy": {
					"timeout": "7.00:00:00",
					"retry": 0,
					"retryIntervalInSeconds": 30,
					"secureOutput": false,
					"secureInput": false
				},
				"userProperties": [],
				"typeProperties": {
					"source": {
						"type": "SqlSource",
						"sqlReaderQuery": "WITH change_table AS (\nSELECT DISTINCT TRANID\nFROM CHANGETABLE(CHANGES CMLEDG,1) AS change_table\nWHERE SYS_CHANGE_OPERATION = 'U'\n)\nSELECT CMLEDG.*\nFROM CMLEDG\nJOIN change_table ct ON ct.TRANID = CMLEDG.TRANID;"
					},
					"sink": {
						"type": "SqlDWSink",
						"allowPolyBase": true,
						"writeBatchSize": 10000,
						"preCopyScript": "TRUNCATE TABLE staging.mri_cmledg;",
						"polyBaseSettings": {
							"rejectValue": 0,
							"rejectType": "value",
							"useTypeDefault": false
						}
					},
					"enableStaging": true,
					"stagingSettings": {
						"linkedServiceName": {
							"referenceName": "dataplatformstoragearea",
							"type": "LinkedServiceReference"
						},
						"enableCompression": true
					},
					"translator": {
						"type": "TabularTranslator",
						"columnMappings": {
							"TRANID": "TRANID",
							"BLDGID": "BLDGID",
							"LEASID": "LEASID",
							"TRANDATE": "TRANDATE",
							"INCCAT": "INCCAT",
							"SRCCODE": "SRCCODE",
							"CASHTYPE": "CASHTYPE",
							"DESCRPTN": "DESCRPTN",
							"TRANAMT": "TRANAMT",
							"OPENAMT": "OPENAMT",
							"CHKDESC": "CHKDESC",
							"CMBATCHID": "CMBATCHID",
							"REFNMBR": "REFNMBR",
							"PARENTTRANID": "PARENTTRANID",
							"RTAXID": "RTAXID",
							"RTAXAMT": "RTAXAMT",
							"INVOICE": "INVOICE",
							"PERIOD": "PERIOD",
							"GLREF": "GLREF",
							"BANKID": "BANKID",
							"DOSITEMNO": "DOSITEMNO",
							"RETROPD": "RETROPD",
							"RCPTNO": "RCPTNO",
							"CURRCODE": "CURRCODE",
							"BCURCODE": "BCURCODE",
							"BCTRANAMT": "BCTRANAMT",
							"BCGAINLOSS": "BCGAINLOSS",
							"BCEXCHGREF": "BCEXCHGREF",
							"POSTED": "POSTED",
							"ORIGINALDEPT": "ORIGINALDEPT",
							"RTAXGRPID": "RTAXGRPID",
							"DEPARTMENT": "DEPARTMENT",
							"INVCDATE": "INVCDATE",
							"ADJFLAG": "ADJFLAG",
							"ADJINVOICE": "ADJINVOICE",
							"WTAXRCPT": "WTAXRCPT",
							"WTAXID": "WTAXID",
							"LATEDATE": "LATEDATE",
							"JOBCODE": "JOBCODE",
							"JC_PHASECODE": "JC_PHASECODE",
							"APPLYFLAG": "APPLYFLAG",
							"USERID": "USERID",
							"PROGNAME": "PROGNAME",
							"RCPTORIGIN": "RCPTORIGIN",
							"RECPTTYPEID": "RECPTTYPEID",
							"RECPTNO": "RECPTNO",
							"RECPTSCREEN": "RECPTSCREEN",
							"DRAWER": "DRAWER",
							"FININST": "FININST",
							"BRANCH": "BRANCH",
							"TAXPOINTDT": "TAXPOINTDT",
							"RPTRUNID": "RPTRUNID",
							"AUTOEXCEPTION": "AUTOEXCEPTION",
							"ADDLDESC": "ADDLDESC",
							"SDTRANID": "SDTRANID",
							"APPLYCREDITID": "APPLYCREDITID",
							"PSTARSREF": "PSTARSREF",
							"RNTPAYMENTREF": "RNTPAYMENTREF",
							"SFEEAMT": "SFEEAMT",
							"PAYMENTPROVIDER": "PAYMENTPROVIDER",
							"PAYMENTRANID": "PAYMENTRANID",
							"DUEDATE": "DUEDATE",
							"PRRYEAR": "PRRYEAR",
							"STMTDATE": "STMTDATE",
							"REPDT": "REPDT",
							"DDPROC": "DDPROC",
							"MGUKCODE": "MGUKCODE",
							"COST": "COST",
							"ORIGDESC": "ORIGDESC",
							"FROMDATE": "FROMDATE",
							"TODATE": "TODATE",
							"ITEMS": "ITEMS",
							"DATEDUE": "DATEDUE",
							"DDDATE": "DDDATE",
							"CMNUM_IT": "CMNUM_IT",
							"MG_IT_PREVYR": "MG_IT_PREVYR",
							"EXCLDD": "EXCLDD",
							"WCALCUSED": "WCALCUSED",
							"INTCALCDATE": "INTCALCDATE",
							"PRVYINTCALCDATE": "PRVYINTCALCDATE",
							"UK_SCFLAG": "UK_SCFLAG",
							"DATEFLAG": "DATEFLAG",
							"DRAPKEY1": "DRAPKEY1",
							"DRAPKEY2": "DRAPKEY2",
							"LATECALC": "LATECALC",
							"IDE_CM_PROCNO": "IDE_CM_PROCNO",
							"IDE_CM_LATE1": "IDE_CM_LATE1",
							"IDE_CM_LATE2": "IDE_CM_LATE2",
							"IDE_CM_RUNID1": "IDE_CM_RUNID1",
							"IDE_CM_RUNID2": "IDE_CM_RUNID2",
							"CR_TEMP": "CR_TEMP",
							"DDNOS": "DDNOS",
							"LASTDATE": "LASTDATE",
							"IIT_PREVYR": "IIT_PREVYR",
							"LLCNTR": "LLCNTR",
							"EINVOICEID": "EINVOICEID",
							"EXCLUDEFLAG": "EXCLUDEFLAG",
							"EINVOICE_REASON": "EINVOICE_REASON",
							"EINVOICE_REASON_OTHER": "EINVOICE_REASON_OTHER",
							"UPD_DUEDATE": "UPD_DUEDATE"
						}
					}
				},
				"inputs": [
					{
						"referenceName": "MRIReplicaCMLEDG",
						"type": "DatasetReference"
					}
				],
				"outputs": [
					{
						"referenceName": "SQLDataWarehouse_staging_mri_cmledg",
						"type": "DatasetReference"
					}
				]
			},
			{
				"name": "sp_update_mri_cmledg",
				"type": "SqlServerStoredProcedure",
				"dependsOn": [
					{
						"activity": "CopyCMLEDGUpdates",
						"dependencyConditions": [
							"Succeeded"
						]
					}
				],
				"policy": {
					"timeout": "7.00:00:00",
					"retry": 0,
					"retryIntervalInSeconds": 30,
					"secureOutput": false,
					"secureInput": false
				},
				"userProperties": [],
				"typeProperties": {
					"storedProcedureName": "[dbo].[sp_update_mri_cmledg]"
				},
				"linkedServiceName": {
					"referenceName": "SQLDataWarehouse",
					"type": "LinkedServiceReference"
				}
			},
			{
				"name": "CopyCMLEDGDeletions",
				"type": "Copy",
				"dependsOn": [
					{
						"activity": "sp_update_mri_cmledg",
						"dependencyConditions": [
							"Succeeded"
						]
					}
				],
				"policy": {
					"timeout": "7.00:00:00",
					"retry": 0,
					"retryIntervalInSeconds": 30,
					"secureOutput": false,
					"secureInput": false
				},
				"userProperties": [],
				"typeProperties": {
					"source": {
						"type": "SqlSource",
						"sqlReaderQuery": "SELECT DISTINCT TRANID\nFROM CHANGETABLE(CHANGES CMLEDG,1) AS change_table\nWHERE SYS_CHANGE_OPERATION = 'D';"
					},
					"sink": {
						"type": "SqlDWSink",
						"allowPolyBase": true,
						"writeBatchSize": 10000,
						"preCopyScript": "TRUNCATE TABLE staging.mri_cmledg_deletion;",
						"polyBaseSettings": {
							"rejectValue": 0,
							"rejectType": "value",
							"useTypeDefault": false
						}
					},
					"enableStaging": true,
					"stagingSettings": {
						"linkedServiceName": {
							"referenceName": "dataplatformstoragearea",
							"type": "LinkedServiceReference"
						},
						"enableCompression": true
					},
					"translator": {
						"type": "TabularTranslator",
						"columnMappings": {
							"TRANID": "TRANID"
						}
					}
				},
				"inputs": [
					{
						"referenceName": "MRIReplicaCMLEDG",
						"type": "DatasetReference"
					}
				],
				"outputs": [
					{
						"referenceName": "SQLDataWarehouse_staging_mri_cmledg_deletion",
						"type": "DatasetReference"
					}
				]
			},
			{
				"name": "sp_update_mri_cmledg_deletion",
				"type": "SqlServerStoredProcedure",
				"dependsOn": [
					{
						"activity": "CopyCMLEDGDeletions",
						"dependencyConditions": [
							"Succeeded"
						]
					}
				],
				"policy": {
					"timeout": "7.00:00:00",
					"retry": 0,
					"retryIntervalInSeconds": 30,
					"secureOutput": false,
					"secureInput": false
				},
				"userProperties": [],
				"typeProperties": {
					"storedProcedureName": "[dbo].[sp_update_mri_cmledg_deletion]"
				},
				"linkedServiceName": {
					"referenceName": "SQLDataWarehouse",
					"type": "LinkedServiceReference"
				}
			},
			{
				"name": "CopyCMLEDGInsertsFailure",
				"type": "WebActivity",
				"dependsOn": [
					{
						"activity": "CopyCMLEDGInserts",
						"dependencyConditions": [
							"Failed"
						]
					}
				],
				"policy": {
					"timeout": "7.00:00:00",
					"retry": 0,
					"retryIntervalInSeconds": 30,
					"secureOutput": false,
					"secureInput": false
				},
				"userProperties": [],
				"typeProperties": {
					"url": "https://prod-17.northeurope.logic.azure.com:443/workflows/b5b00e5596e94affb317290e4964e4a4/triggers/manual/paths/invoke?api-version=2016-10-01&sp=%2Ftriggers%2Fmanual%2Frun&sv=1.0&sig=55j9tHX1WsutSx6HqYyFcX80ICAhwCoE06KuGGetqb8",
					"method": "POST",
					"headers": {
						"Content-Type": "application/json"
					},
					"body": {
						"activity": "CopyCMLEDGInserts",
						"message": "@{activity('CopyCMLEDGInserts').error.message}",
						"dataFactoryName": "@{pipeline().DataFactory}",
						"pipelineName": "@{pipeline().Pipeline}",
						"FailureNotificationRecipient": "@pipeline().parameters.FailureNotificationRecipient"
					}
				}
			},
			{
				"name": "sp_insert_mri_cmledgFailure",
				"type": "WebActivity",
				"dependsOn": [
					{
						"activity": "sp_insert_mri_cmledg",
						"dependencyConditions": [
							"Failed"
						]
					}
				],
				"policy": {
					"timeout": "7.00:00:00",
					"retry": 0,
					"retryIntervalInSeconds": 30,
					"secureOutput": false,
					"secureInput": false
				},
				"userProperties": [],
				"typeProperties": {
					"url": "https://prod-17.northeurope.logic.azure.com:443/workflows/b5b00e5596e94affb317290e4964e4a4/triggers/manual/paths/invoke?api-version=2016-10-01&sp=%2Ftriggers%2Fmanual%2Frun&sv=1.0&sig=55j9tHX1WsutSx6HqYyFcX80ICAhwCoE06KuGGetqb8",
					"method": "POST",
					"headers": {
						"Content-Type": "application/json"
					},
					"body": {
						"activity": "sp_insert_mri_cmledg",
						"message": "@{activity('sp_insert_mri_cmledg').error.message}",
						"dataFactoryName": "@{pipeline().DataFactory}",
						"pipelineName": "@{pipeline().Pipeline}",
						"FailureNotificationRecipient": "@pipeline().parameters.FailureNotificationRecipient"
					}
				}
			},
			{
				"name": "CopyCMLEDGUpdatesFailure",
				"type": "WebActivity",
				"dependsOn": [
					{
						"activity": "CopyCMLEDGUpdates",
						"dependencyConditions": [
							"Failed"
						]
					}
				],
				"policy": {
					"timeout": "7.00:00:00",
					"retry": 0,
					"retryIntervalInSeconds": 30,
					"secureOutput": false,
					"secureInput": false
				},
				"userProperties": [],
				"typeProperties": {
					"url": "https://prod-17.northeurope.logic.azure.com:443/workflows/b5b00e5596e94affb317290e4964e4a4/triggers/manual/paths/invoke?api-version=2016-10-01&sp=%2Ftriggers%2Fmanual%2Frun&sv=1.0&sig=55j9tHX1WsutSx6HqYyFcX80ICAhwCoE06KuGGetqb8",
					"method": "POST",
					"headers": {
						"Content-Type": "application/json"
					},
					"body": {
						"activity": "CopyCMLEDGUpdates",
						"message": "@{activity('CopyCMLEDGUpdates').error.message}",
						"dataFactoryName": "@{pipeline().DataFactory}",
						"pipelineName": "@{pipeline().Pipeline}",
						"FailureNotificationRecipient": "@pipeline().parameters.FailureNotificationRecipient"
					}
				}
			},
			{
				"name": "sp_update_mri_cmledgFailure",
				"type": "WebActivity",
				"dependsOn": [
					{
						"activity": "sp_update_mri_cmledg",
						"dependencyConditions": [
							"Failed"
						]
					}
				],
				"policy": {
					"timeout": "7.00:00:00",
					"retry": 0,
					"retryIntervalInSeconds": 30,
					"secureOutput": false,
					"secureInput": false
				},
				"userProperties": [],
				"typeProperties": {
					"url": "https://prod-17.northeurope.logic.azure.com:443/workflows/b5b00e5596e94affb317290e4964e4a4/triggers/manual/paths/invoke?api-version=2016-10-01&sp=%2Ftriggers%2Fmanual%2Frun&sv=1.0&sig=55j9tHX1WsutSx6HqYyFcX80ICAhwCoE06KuGGetqb8",
					"method": "POST",
					"headers": {
						"Content-Type": "application/json"
					},
					"body": {
						"activity": "sp_update_mri_cmledg",
						"message": "@{activity('sp_update_mri_cmledg').error.message}",
						"dataFactoryName": "@{pipeline().DataFactory}",
						"pipelineName": "@{pipeline().Pipeline}",
						"FailureNotificationRecipient": "@pipeline().parameters.FailureNotificationRecipient"
					}
				}
			},
			{
				"name": "CopyCMLEDGDeletionsFailure",
				"type": "WebActivity",
				"dependsOn": [
					{
						"activity": "CopyCMLEDGDeletions",
						"dependencyConditions": [
							"Failed"
						]
					}
				],
				"policy": {
					"timeout": "7.00:00:00",
					"retry": 0,
					"retryIntervalInSeconds": 30,
					"secureOutput": false,
					"secureInput": false
				},
				"userProperties": [],
				"typeProperties": {
					"url": "https://prod-17.northeurope.logic.azure.com:443/workflows/b5b00e5596e94affb317290e4964e4a4/triggers/manual/paths/invoke?api-version=2016-10-01&sp=%2Ftriggers%2Fmanual%2Frun&sv=1.0&sig=55j9tHX1WsutSx6HqYyFcX80ICAhwCoE06KuGGetqb8",
					"method": "POST",
					"headers": {
						"Content-Type": "application/json"
					},
					"body": {
						"activity": "CopyCMLEDGDeletions",
						"message": "@{activity('CopyCMLEDGDeletions').error.message}",
						"dataFactoryName": "@{pipeline().DataFactory}",
						"pipelineName": "@{pipeline().Pipeline}",
						"FailureNotificationRecipient": "@pipeline().parameters.FailureNotificationRecipient"
					}
				}
			},
			{
				"name": "sp_update_mri_cmledg_deletionFailure",
				"type": "WebActivity",
				"dependsOn": [
					{
						"activity": "sp_update_mri_cmledg_deletion",
						"dependencyConditions": [
							"Failed"
						]
					}
				],
				"policy": {
					"timeout": "7.00:00:00",
					"retry": 0,
					"retryIntervalInSeconds": 30,
					"secureOutput": false,
					"secureInput": false
				},
				"userProperties": [],
				"typeProperties": {
					"url": "https://prod-17.northeurope.logic.azure.com:443/workflows/b5b00e5596e94affb317290e4964e4a4/triggers/manual/paths/invoke?api-version=2016-10-01&sp=%2Ftriggers%2Fmanual%2Frun&sv=1.0&sig=55j9tHX1WsutSx6HqYyFcX80ICAhwCoE06KuGGetqb8",
					"method": "POST",
					"headers": {
						"Content-Type": "application/json"
					},
					"body": {
						"activity": "sp_update_mri_cmledg_deletion",
						"message": "@{activity('sp_update_mri_cmledg_deletion').error.message}",
						"dataFactoryName": "@{pipeline().DataFactory}",
						"pipelineName": "@{pipeline().Pipeline}",
						"FailureNotificationRecipient": "@pipeline().parameters.FailureNotificationRecipient"
					}
				}
			}
		],
		"parameters": {
			"FailureNotificationRecipient": {
				"type": "String",
				"defaultValue": "data.platform@mcarthurglen.com"
			}
		},
		"folder": {
			"name": "MRI"
		},
		"annotations": []
	},
	"type": "Microsoft.DataFactory/factories/pipelines"
}