{
	"name": "MRICMLEDGAPPLY",
	"properties": {
		"activities": [
			{
				"name": "MRICMLEDGAPPLY",
				"type": "Copy",
				"dependsOn": [
					{
						"activity": "stagingMRICMLEDGAPPLY",
						"dependencyConditions": [
							"Succeeded"
						]
					}
				],
				"policy": {
					"timeout": "7.00:00:00",
					"retry": 0,
					"retryIntervalInSeconds": 30,
					"secureOutput": false,
					"secureInput": false
				},
				"userProperties": [],
				"typeProperties": {
					"source": {
						"type": "SqlDWSource"
					},
					"sink": {
						"type": "SqlDWSink",
						"allowPolyBase": true,
						"writeBatchSize": 100000,
						"preCopyScript": "TRUNCATE TABLE mri.CMLEDGAPPLY;",
						"polyBaseSettings": {
							"rejectValue": 0,
							"rejectType": "value",
							"useTypeDefault": false
						},
						"disableMetricsCollection": false
					},
					"enableStaging": true,
					"stagingSettings": {
						"linkedServiceName": {
							"referenceName": "dataplatformstoragearea",
							"type": "LinkedServiceReference"
						},
						"enableCompression": true
					},
					"translator": {
						"type": "TabularTranslator",
						"columnMappings": {
							"TRANID": "TRANID",
							"PTRANID": "PTRANID",
							"AMT": "AMT",
							"BLDGID": "BLDGID",
							"LEASID": "LEASID",
							"CURRCODE": "CURRCODE",
							"BCURCODE": "BCURCODE",
							"BCAPLYAMT": "BCAPLYAMT",
							"BCAPLYREF": "BCAPLYREF",
							"BCGAINLOSS": "BCGAINLOSS",
							"PAMT": "PAMT",
							"PCURCODE": "PCURCODE"
						}
					}
				},
				"inputs": [
					{
						"referenceName": "SQLDataWarehouse_staging_mri_cmledgapply",
						"type": "DatasetReference"
					}
				],
				"outputs": [
					{
						"referenceName": "SQLDataWarehouse_mri_cmledgapply",
						"type": "DatasetReference"
					}
				]
			},
			{
				"name": "MRICMLEDGAPPLYFailure",
				"type": "WebActivity",
				"dependsOn": [
					{
						"activity": "MRICMLEDGAPPLY",
						"dependencyConditions": [
							"Failed"
						]
					}
				],
				"policy": {
					"timeout": "7.00:00:00",
					"retry": 0,
					"retryIntervalInSeconds": 30,
					"secureOutput": false,
					"secureInput": false
				},
				"userProperties": [],
				"typeProperties": {
					"url": "https://prod-17.northeurope.logic.azure.com:443/workflows/b5b00e5596e94affb317290e4964e4a4/triggers/manual/paths/invoke?api-version=2016-10-01&sp=%2Ftriggers%2Fmanual%2Frun&sv=1.0&sig=55j9tHX1WsutSx6HqYyFcX80ICAhwCoE06KuGGetqb8",
					"method": "POST",
					"headers": {
						"Content-Type": "application/json"
					},
					"body": {
						"activity": "MRICMLEDGAPPLY",
						"message": "@{activity('MRICMLEDGAPPLY').error.message}",
						"dataFactoryName": "@{pipeline().DataFactory}",
						"pipelineName": "@{pipeline().Pipeline}",
						"FailureNotificationRecipient": "@pipeline().parameters.FailureNotificationRecipient"
					}
				}
			},
			{
				"name": "stagingMRICMLEDGAPPLY",
				"type": "Copy",
				"dependsOn": [],
				"policy": {
					"timeout": "7.00:00:00",
					"retry": 0,
					"retryIntervalInSeconds": 30,
					"secureOutput": false,
					"secureInput": false
				},
				"userProperties": [],
				"typeProperties": {
					"source": {
						"type": "SqlServerSource"
					},
					"sink": {
						"type": "SqlDWSink",
						"allowPolyBase": true,
						"writeBatchSize": 100000,
						"preCopyScript": "TRUNCATE TABLE staging.mri_CMLEDGAPPLY;",
						"polyBaseSettings": {
							"rejectValue": 0,
							"rejectType": "value",
							"useTypeDefault": false
						},
						"disableMetricsCollection": false
					},
					"enableStaging": true,
					"stagingSettings": {
						"linkedServiceName": {
							"referenceName": "dataplatformstoragearea",
							"type": "LinkedServiceReference"
						},
						"enableCompression": true
					},
					"translator": {
						"type": "TabularTranslator",
						"columnMappings": {
							"TRANID": "TRANID",
							"PTRANID": "PTRANID",
							"AMT": "AMT",
							"BLDGID": "BLDGID",
							"LEASID": "LEASID",
							"CURRCODE": "CURRCODE",
							"BCURCODE": "BCURCODE",
							"BCAPLYAMT": "BCAPLYAMT",
							"BCAPLYREF": "BCAPLYREF",
							"BCGAINLOSS": "BCGAINLOSS",
							"PAMT": "PAMT",
							"PCURCODE": "PCURCODE"
						}
					}
				},
				"inputs": [
					{
						"referenceName": "MRIReplicaCMLEDGAPPLY",
						"type": "DatasetReference"
					}
				],
				"outputs": [
					{
						"referenceName": "SQLDataWarehouse_staging_mri_cmledgapply",
						"type": "DatasetReference"
					}
				]
			},
			{
				"name": "stagingMRICMLEDGAPPLYFailure",
				"type": "WebActivity",
				"dependsOn": [
					{
						"activity": "stagingMRICMLEDGAPPLY",
						"dependencyConditions": [
							"Failed"
						]
					}
				],
				"policy": {
					"timeout": "7.00:00:00",
					"retry": 0,
					"retryIntervalInSeconds": 30,
					"secureOutput": false,
					"secureInput": false
				},
				"userProperties": [],
				"typeProperties": {
					"url": "https://prod-17.northeurope.logic.azure.com:443/workflows/b5b00e5596e94affb317290e4964e4a4/triggers/manual/paths/invoke?api-version=2016-10-01&sp=%2Ftriggers%2Fmanual%2Frun&sv=1.0&sig=55j9tHX1WsutSx6HqYyFcX80ICAhwCoE06KuGGetqb8",
					"method": "POST",
					"headers": {
						"Content-Type": "application/json"
					},
					"body": {
						"activity": "stagingMRICMLEDGAPPLY",
						"message": "@{activity('stagingMRICMLEDGAPPLY').error.message}",
						"dataFactoryName": "@{pipeline().DataFactory}",
						"pipelineName": "@{pipeline().Pipeline}",
						"FailureNotificationRecipient": "@pipeline().parameters.FailureNotificationRecipient"
					}
				}
			}
		],
		"parameters": {
			"FailureNotificationRecipient": {
				"type": "string",
				"defaultValue": "data.platform@mcarthurglen.com"
			}
		},
		"folder": {
			"name": "MRI"
		},
		"annotations": []
	},
	"type": "Microsoft.DataFactory/factories/pipelines"
}