{
	"name": "MRICMSDLG",
	"properties": {
		"activities": [
			{
				"name": "MRICMSDLG",
				"type": "Copy",
				"dependsOn": [
					{
						"activity": "stagingMRICMSDLG",
						"dependencyConditions": [
							"Succeeded"
						]
					}
				],
				"policy": {
					"timeout": "7.00:00:00",
					"retry": 0,
					"retryIntervalInSeconds": 30,
					"secureOutput": false,
					"secureInput": false
				},
				"userProperties": [],
				"typeProperties": {
					"source": {
						"type": "SqlDWSource"
					},
					"sink": {
						"type": "SqlDWSink",
						"allowPolyBase": true,
						"writeBatchSize": 100000,
						"preCopyScript": "TRUNCATE TABLE mri.CMSDLG;",
						"polyBaseSettings": {
							"rejectValue": 0,
							"rejectType": "value",
							"useTypeDefault": false
						},
						"disableMetricsCollection": false
					},
					"enableStaging": true,
					"stagingSettings": {
						"linkedServiceName": {
							"referenceName": "dataplatformstoragearea",
							"type": "LinkedServiceReference"
						},
						"enableCompression": true
					},
					"translator": {
						"type": "TabularTranslator",
						"columnMappings": {
							"TRANID": "TRANID",
							"BLDGID": "BLDGID",
							"LEASID": "LEASID",
							"TRANDATE": "TRANDATE",
							"SECINCCAT": "SECINCCAT",
							"SRCCODE": "SRCCODE",
							"CASHTYPE": "CASHTYPE",
							"INTRATE": "INTRATE",
							"TRANAMT": "TRANAMT",
							"OPENAMT": "OPENAMT",
							"CMBATCHID": "CMBATCHID",
							"CHKDESC": "CHKDESC",
							"REFNMBR": "REFNMBR",
							"PERIOD": "PERIOD",
							"GLREF": "GLREF",
							"DESCRPTN": "DESCRPTN",
							"BANKID": "BANKID",
							"DOSITEMNO": "DOSITEMNO",
							"RCPTNO": "RCPTNO",
							"CURRCODE": "CURRCODE",
							"BCURCODE": "BCURCODE",
							"BCTRANAMT": "BCTRANAMT",
							"BCGAINLOSS": "BCGAINLOSS",
							"BCEXCHGREF": "BCEXCHGREF",
							"POSTED": "POSTED",
							"DEPARTMENT": "DEPARTMENT",
							"ORIGINALDEPT": "ORIGINALDEPT",
							"USERID": "USERID",
							"PROGNAME": "PROGNAME",
							"APPLYFLAG": "APPLYFLAG",
							"RECPTTYPEID": "RECPTTYPEID",
							"RECPTNO": "RECPTNO",
							"RECPTSCREEN": "RECPTSCREEN",
							"DRAWER": "DRAWER",
							"FININST": "FININST",
							"BRANCH": "BRANCH",
							"RCPTORIGIN": "RCPTORIGIN",
							"ACCRGLREF": "ACCRGLREF"
						}
					}
				},
				"inputs": [
					{
						"referenceName": "SQLDataWarehouse_staging_mri_cmsdlg",
						"type": "DatasetReference"
					}
				],
				"outputs": [
					{
						"referenceName": "SQLDataWarehouse_mri_cmsdlg",
						"type": "DatasetReference"
					}
				]
			},
			{
				"name": "MRICMSDLGFailure",
				"type": "WebActivity",
				"dependsOn": [
					{
						"activity": "MRICMSDLG",
						"dependencyConditions": [
							"Failed"
						]
					}
				],
				"policy": {
					"timeout": "7.00:00:00",
					"retry": 0,
					"retryIntervalInSeconds": 30,
					"secureOutput": false,
					"secureInput": false
				},
				"userProperties": [],
				"typeProperties": {
					"url": "https://prod-17.northeurope.logic.azure.com:443/workflows/b5b00e5596e94affb317290e4964e4a4/triggers/manual/paths/invoke?api-version=2016-10-01&sp=%2Ftriggers%2Fmanual%2Frun&sv=1.0&sig=55j9tHX1WsutSx6HqYyFcX80ICAhwCoE06KuGGetqb8",
					"method": "POST",
					"headers": {
						"Content-Type": "application/json"
					},
					"body": {
						"activity": "MRICMSDLG",
						"message": "@{activity('MRICMSDLG').error.message}",
						"dataFactoryName": "@{pipeline().DataFactory}",
						"pipelineName": "@{pipeline().Pipeline}",
						"FailureNotificationRecipient": "@pipeline().parameters.FailureNotificationRecipient"
					}
				}
			},
			{
				"name": "stagingMRICMSDLG",
				"type": "Copy",
				"dependsOn": [],
				"policy": {
					"timeout": "7.00:00:00",
					"retry": 0,
					"retryIntervalInSeconds": 30,
					"secureOutput": false,
					"secureInput": false
				},
				"userProperties": [],
				"typeProperties": {
					"source": {
						"type": "SqlServerSource"
					},
					"sink": {
						"type": "SqlDWSink",
						"allowPolyBase": true,
						"writeBatchSize": 100000,
						"preCopyScript": "TRUNCATE TABLE staging.mri_CMSDLG;",
						"polyBaseSettings": {
							"rejectValue": 0,
							"rejectType": "value",
							"useTypeDefault": false
						},
						"disableMetricsCollection": false
					},
					"enableStaging": true,
					"stagingSettings": {
						"linkedServiceName": {
							"referenceName": "dataplatformstoragearea",
							"type": "LinkedServiceReference"
						},
						"enableCompression": true
					},
					"translator": {
						"type": "TabularTranslator",
						"columnMappings": {
							"TRANID": "TRANID",
							"BLDGID": "BLDGID",
							"LEASID": "LEASID",
							"TRANDATE": "TRANDATE",
							"SECINCCAT": "SECINCCAT",
							"SRCCODE": "SRCCODE",
							"CASHTYPE": "CASHTYPE",
							"INTRATE": "INTRATE",
							"TRANAMT": "TRANAMT",
							"OPENAMT": "OPENAMT",
							"CMBATCHID": "CMBATCHID",
							"CHKDESC": "CHKDESC",
							"REFNMBR": "REFNMBR",
							"PERIOD": "PERIOD",
							"GLREF": "GLREF",
							"DESCRPTN": "DESCRPTN",
							"BANKID": "BANKID",
							"DOSITEMNO": "DOSITEMNO",
							"RCPTNO": "RCPTNO",
							"CURRCODE": "CURRCODE",
							"BCURCODE": "BCURCODE",
							"BCTRANAMT": "BCTRANAMT",
							"BCGAINLOSS": "BCGAINLOSS",
							"BCEXCHGREF": "BCEXCHGREF",
							"POSTED": "POSTED",
							"DEPARTMENT": "DEPARTMENT",
							"ORIGINALDEPT": "ORIGINALDEPT",
							"USERID": "USERID",
							"PROGNAME": "PROGNAME",
							"APPLYFLAG": "APPLYFLAG",
							"RECPTTYPEID": "RECPTTYPEID",
							"RECPTNO": "RECPTNO",
							"RECPTSCREEN": "RECPTSCREEN",
							"DRAWER": "DRAWER",
							"FININST": "FININST",
							"BRANCH": "BRANCH",
							"RCPTORIGIN": "RCPTORIGIN",
							"ACCRGLREF": "ACCRGLREF"
						}
					}
				},
				"inputs": [
					{
						"referenceName": "MRIReplicaCMSDLG",
						"type": "DatasetReference"
					}
				],
				"outputs": [
					{
						"referenceName": "SQLDataWarehouse_staging_mri_cmsdlg",
						"type": "DatasetReference"
					}
				]
			},
			{
				"name": "stagingMRICMSDLGFailure",
				"type": "WebActivity",
				"dependsOn": [
					{
						"activity": "stagingMRICMSDLG",
						"dependencyConditions": [
							"Failed"
						]
					}
				],
				"policy": {
					"timeout": "7.00:00:00",
					"retry": 0,
					"retryIntervalInSeconds": 30,
					"secureOutput": false,
					"secureInput": false
				},
				"userProperties": [],
				"typeProperties": {
					"url": "https://prod-17.northeurope.logic.azure.com:443/workflows/b5b00e5596e94affb317290e4964e4a4/triggers/manual/paths/invoke?api-version=2016-10-01&sp=%2Ftriggers%2Fmanual%2Frun&sv=1.0&sig=55j9tHX1WsutSx6HqYyFcX80ICAhwCoE06KuGGetqb8",
					"method": "POST",
					"headers": {
						"Content-Type": "application/json"
					},
					"body": {
						"activity": "stagingMRICMSDLG",
						"message": "@{activity('stagingMRICMSDLG').error.message}",
						"dataFactoryName": "@{pipeline().DataFactory}",
						"pipelineName": "@{pipeline().Pipeline}",
						"FailureNotificationRecipient": "@pipeline().parameters.FailureNotificationRecipient"
					}
				}
			}
		],
		"parameters": {
			"FailureNotificationRecipient": {
				"type": "string",
				"defaultValue": "data.platform@mcarthurglen.com"
			}
		},
		"folder": {
			"name": "MRI"
		},
		"annotations": []
	},
	"type": "Microsoft.DataFactory/factories/pipelines"
}