{
	"name": "MRIENTITY",
	"properties": {
		"activities": [
			{
				"name": "MRIENTITY",
				"type": "Copy",
				"dependsOn": [
					{
						"activity": "stagingMRIENTITY",
						"dependencyConditions": [
							"Succeeded"
						]
					}
				],
				"policy": {
					"timeout": "7.00:00:00",
					"retry": 0,
					"retryIntervalInSeconds": 30,
					"secureOutput": false,
					"secureInput": false
				},
				"userProperties": [],
				"typeProperties": {
					"source": {
						"type": "SqlDWSource"
					},
					"sink": {
						"type": "SqlDWSink",
						"allowPolyBase": true,
						"writeBatchSize": 100000,
						"preCopyScript": "TRUNCATE TABLE mri.ENTITY;",
						"polyBaseSettings": {
							"rejectValue": 0,
							"rejectType": "value",
							"useTypeDefault": false
						},
						"disableMetricsCollection": false
					},
					"enableStaging": true,
					"stagingSettings": {
						"linkedServiceName": {
							"referenceName": "dataplatformstoragearea",
							"type": "LinkedServiceReference"
						},
						"enableCompression": true
					},
					"translator": {
						"type": "TabularTranslator",
						"columnMappings": {
							"ENTITYID": "ENTITYID",
							"NAME": "NAME",
							"ADDR1": "ADDR1",
							"ADDR2": "ADDR2",
							"ADDR3": "ADDR3",
							"STATE": "STATE",
							"CITY": "CITY",
							"ZIPCODE": "ZIPCODE",
							"PHONE": "PHONE",
							"FEET": "FEET",
							"UNITS": "UNITS",
							"LASTDATE": "LASTDATE",
							"USERID": "USERID",
							"LEDGCODE": "LEDGCODE",
							"CLOSEDAY": "CLOSEDAY",
							"YEAREND": "YEAREND",
							"CURPED": "CURPED",
							"MAXOPEN": "MAXOPEN",
							"BASIS": "BASIS",
							"PROJID": "PROJID",
							"INTRACCT": "INTRACCT",
							"GLPURGE": "GLPURGE",
							"APACCTNO": "APACCTNO",
							"OPENBAL": "OPENBAL",
							"INVCSTAT": "INVCSTAT",
							"SUMDET": "SUMDET",
							"SUMCASH": "SUMCASH",
							"CASHTYPE": "CASHTYPE",
							"APPURGE": "APPURGE",
							"M_1099DATE": "M_1099DATE",
							"VATREG": "VATREG",
							"ATAXACCT": "ATAXACCT",
							"ATAXCASH": "ATAXCASH",
							"VENDPPED": "VENDPPED",
							"PAYENTRY": "PAYENTRY",
							"TAXEXEMP": "TAXEXEMP",
							"SHIPADR1": "SHIPADR1",
							"SHIPADR2": "SHIPADR2",
							"SHIPADR3": "SHIPADR3",
							"SHIPCITY": "SHIPCITY",
							"SHIPST": "SHIPST",
							"SHIPZIP": "SHIPZIP",
							"BILLADR1": "BILLADR1",
							"BILLADR2": "BILLADR2",
							"BILLADR3": "BILLADR3",
							"BILLCITY": "BILLCITY",
							"BILLST": "BILLST",
							"BILLZIP": "BILLZIP",
							"ACCTNUM": "ACCTNUM",
							"APPLIMIT": "APPLIMIT",
							"STATEID": "STATEID",
							"PROPTYPE": "PROPTYPE",
							"PROPSUBTYPE": "PROPSUBTYPE",
							"ACQUIRED": "ACQUIRED",
							"DISPOSED": "DISPOSED",
							"INVESTFLAG": "INVESTFLAG",
							"CLASSID": "CLASSID",
							"INVTYPE": "INVTYPE",
							"LIFECODE": "LIFECODE",
							"LOCAID": "LOCAID",
							"GROSSVALUE": "GROSSVALUE",
							"NETVALUE": "NETVALUE",
							"INCRET": "INCRET",
							"CAPRET": "CAPRET",
							"TOTRET": "TOTRET",
							"JEDESCID": "JEDESCID",
							"OPTED": "OPTED",
							"CURRCODE": "CURRCODE",
							"APREALEXCHG": "APREALEXCHG",
							"APUNREEXCHG": "APUNREEXCHG",
							"CROSSCURYN": "CROSSCURYN",
							"CMREALACCT": "CMREALACCT",
							"CMUNREACCT": "CMUNREACCT",
							"CMDEPGLACCT": "CMDEPGLACCT",
							"RMTACCTNO": "RMTACCTNO",
							"RMTCASHTYPE": "RMTCASHTYPE",
							"RMTOTHRFEE": "RMTOTHRFEE",
							"TOGFEES": "TOGFEES",
							"MINBAL": "MINBAL",
							"HELDFUNDS": "HELDFUNDS",
							"BADTAXACCT": "BADTAXACCT",
							"BADTAXCSHTYPE": "BADTAXCSHTYPE",
							"FIDTAXACCT": "FIDTAXACCT",
							"FIDTAXCSHTYPE": "FIDTAXCSHTYPE",
							"TOGACCTNUM": "TOGACCTNUM",
							"TOGCASHTYPE": "TOGCASHTYPE",
							"TOGVENDID": "TOGVENDID",
							"OTRACCTNUM": "OTRACCTNUM",
							"OTRCASHTYPE": "OTRCASHTYPE",
							"OTRVENDID": "OTRVENDID",
							"ENTTYPE": "ENTTYPE",
							"PERIODCNT": "PERIODCNT",
							"RECLAIMPCT": "RECLAIMPCT",
							"ALTTAXID": "ALTTAXID",
							"TAXSUSPENSE": "TAXSUSPENSE",
							"CMNBANKING": "CMNBANKING",
							"ARREALACCT": "ARREALACCT",
							"ARUNREACCT": "ARUNREACCT",
							"RETAINACCT": "RETAINACCT",
							"PHONENO": "PHONENO",
							"CONTCODE": "CONTCODE",
							"CNTYCODE": "CNTYCODE",
							"PRACCODE": "PRACCODE",
							"DVMNCODE": "DVMNCODE",
							"JVENCODE": "JVENCODE",
							"CMCOMPID": "CMCOMPID",
							"APCOMPID": "APCOMPID",
							"ATAXCODE": "ATAXCODE",
							"APDEVID": "APDEVID",
							"BILLFEES": "BILLFEES",
							"FUNDBALACCT": "FUNDBALACCT",
							"TAXRPTFREQ": "TAXRPTFREQ",
							"OWNERID": "OWNERID",
							"COUNTRY": "COUNTRY",
							"APTAXSUSPENSEACCOUNTNUMBER": "APTAXSUSPENSEACCOUNTNUMBER",
							"STLINEBASIS": "STLINEBASIS",
							"FYEMONTH": "FYEMONTH",
							"RESETFYE": "RESETFYE",
							"LATEFYE": "LATEFYE",
							"NUMUSE": "NUMUSE",
							"COMNUM": "COMNUM",
							"REG1": "REG1",
							"REG2": "REG2",
							"REG3": "REG3",
							"REG4": "REG4",
							"REG5": "REG5",
							"PHASEID": "PHASEID",
							"MATRIXID": "MATRIXID",
							"ENTMATRIXOPTION": "ENTMATRIXOPTION",
							"NCREIFACQUIREDFIRSTDAYQTR": "NCREIFACQUIREDFIRSTDAYQTR",
							"NCREIFDISPOSEDLASTDAYQTR": "NCREIFDISPOSEDLASTDAYQTR",
							"CHECKLOCATIONID": "CHECKLOCATIONID",
							"MAXAPOPEN": "MAXAPOPEN",
							"APREALLOSS": "APREALLOSS",
							"APUNREALLOSS": "APUNREALLOSS",
							"ARREALLOSS": "ARREALLOSS",
							"ARUNREALLOSS": "ARUNREALLOSS",
							"CMREALLOSS": "CMREALLOSS",
							"CMUNREALLOSS": "CMUNREALLOSS",
							"CMDEPLOSS": "CMDEPLOSS",
							"VENDORWITHHOLDINGACCT": "VENDORWITHHOLDINGACCT",
							"REG6": "REG6",
							"ADRCHGINCCAT": "ADRCHGINCCAT",
							"ADRCHGRTAXGRPID": "ADRCHGRTAXGRPID",
							"ADRCHGZEROGRPID": "ADRCHGZEROGRPID",
							"MG_AP_RECHARGE": "MG_AP_RECHARGE",
							"SRVCDEBT": "SRVCDEBT",
							"SRVCCRED": "SRVCCRED",
							"RMSRVCDEBT": "RMSRVCDEBT",
							"RMSRVCCRED": "RMSRVCCRED",
							"ENTALIAS": "ENTALIAS",
							"IAENTTYPE": "IAENTTYPE",
							"ACTIVE": "ACTIVE",
							"TEL": "TEL",
							"EMAIL": "EMAIL",
							"OFFICE": "OFFICE",
							"NUMEROREA": "NUMEROREA",
							"EINVVENDID": "EINVVENDID",
							"IAVENDORID": "IAVENDORID",
							"IACORPORATEACCOUNTID": "IACORPORATEACCOUNTID",
							"CONNECTCURRCODE": "CONNECTCURRCODE"
						}
					}
				},
				"inputs": [
					{
						"referenceName": "SQLDataWarehouse_staging_mri_entity",
						"type": "DatasetReference"
					}
				],
				"outputs": [
					{
						"referenceName": "SQLDataWarehouse_mri_entity",
						"type": "DatasetReference"
					}
				]
			},
			{
				"name": "MRIENTITYFailure",
				"type": "WebActivity",
				"dependsOn": [
					{
						"activity": "MRIENTITY",
						"dependencyConditions": [
							"Failed"
						]
					}
				],
				"policy": {
					"timeout": "7.00:00:00",
					"retry": 0,
					"retryIntervalInSeconds": 30,
					"secureOutput": false,
					"secureInput": false
				},
				"userProperties": [],
				"typeProperties": {
					"url": "https://prod-17.northeurope.logic.azure.com:443/workflows/b5b00e5596e94affb317290e4964e4a4/triggers/manual/paths/invoke?api-version=2016-10-01&sp=%2Ftriggers%2Fmanual%2Frun&sv=1.0&sig=55j9tHX1WsutSx6HqYyFcX80ICAhwCoE06KuGGetqb8",
					"method": "POST",
					"headers": {
						"Content-Type": "application/json"
					},
					"body": {
						"activity": "MRIENTITY",
						"message": "@{activity('MRIENTITY').error.message}",
						"dataFactoryName": "@{pipeline().DataFactory}",
						"pipelineName": "@{pipeline().Pipeline}",
						"FailureNotificationRecipient": "@pipeline().parameters.FailureNotificationRecipient"
					}
				}
			},
			{
				"name": "stagingMRIENTITY",
				"type": "Copy",
				"dependsOn": [],
				"policy": {
					"timeout": "7.00:00:00",
					"retry": 0,
					"retryIntervalInSeconds": 30,
					"secureOutput": false,
					"secureInput": false
				},
				"userProperties": [],
				"typeProperties": {
					"source": {
						"type": "SqlServerSource"
					},
					"sink": {
						"type": "SqlDWSink",
						"allowPolyBase": true,
						"writeBatchSize": 100000,
						"preCopyScript": "TRUNCATE TABLE staging.mri_ENTITY;",
						"polyBaseSettings": {
							"rejectValue": 0,
							"rejectType": "value",
							"useTypeDefault": false
						},
						"disableMetricsCollection": false
					},
					"enableStaging": true,
					"stagingSettings": {
						"linkedServiceName": {
							"referenceName": "dataplatformstoragearea",
							"type": "LinkedServiceReference"
						},
						"enableCompression": true
					},
					"translator": {
						"type": "TabularTranslator",
						"columnMappings": {
							"ENTITYID": "ENTITYID",
							"NAME": "NAME",
							"ADDR1": "ADDR1",
							"ADDR2": "ADDR2",
							"ADDR3": "ADDR3",
							"STATE": "STATE",
							"CITY": "CITY",
							"ZIPCODE": "ZIPCODE",
							"PHONE": "PHONE",
							"FEET": "FEET",
							"UNITS": "UNITS",
							"LASTDATE": "LASTDATE",
							"USERID": "USERID",
							"LEDGCODE": "LEDGCODE",
							"CLOSEDAY": "CLOSEDAY",
							"YEAREND": "YEAREND",
							"CURPED": "CURPED",
							"MAXOPEN": "MAXOPEN",
							"BASIS": "BASIS",
							"PROJID": "PROJID",
							"INTRACCT": "INTRACCT",
							"GLPURGE": "GLPURGE",
							"APACCTNO": "APACCTNO",
							"OPENBAL": "OPENBAL",
							"INVCSTAT": "INVCSTAT",
							"SUMDET": "SUMDET",
							"SUMCASH": "SUMCASH",
							"CASHTYPE": "CASHTYPE",
							"APPURGE": "APPURGE",
							"M_1099DATE": "M_1099DATE",
							"VATREG": "VATREG",
							"ATAXACCT": "ATAXACCT",
							"ATAXCASH": "ATAXCASH",
							"VENDPPED": "VENDPPED",
							"PAYENTRY": "PAYENTRY",
							"TAXEXEMP": "TAXEXEMP",
							"SHIPADR1": "SHIPADR1",
							"SHIPADR2": "SHIPADR2",
							"SHIPADR3": "SHIPADR3",
							"SHIPCITY": "SHIPCITY",
							"SHIPST": "SHIPST",
							"SHIPZIP": "SHIPZIP",
							"BILLADR1": "BILLADR1",
							"BILLADR2": "BILLADR2",
							"BILLADR3": "BILLADR3",
							"BILLCITY": "BILLCITY",
							"BILLST": "BILLST",
							"BILLZIP": "BILLZIP",
							"ACCTNUM": "ACCTNUM",
							"APPLIMIT": "APPLIMIT",
							"STATEID": "STATEID",
							"PROPTYPE": "PROPTYPE",
							"PROPSUBTYPE": "PROPSUBTYPE",
							"ACQUIRED": "ACQUIRED",
							"DISPOSED": "DISPOSED",
							"INVESTFLAG": "INVESTFLAG",
							"CLASSID": "CLASSID",
							"INVTYPE": "INVTYPE",
							"LIFECODE": "LIFECODE",
							"LOCAID": "LOCAID",
							"GROSSVALUE": "GROSSVALUE",
							"NETVALUE": "NETVALUE",
							"INCRET": "INCRET",
							"CAPRET": "CAPRET",
							"TOTRET": "TOTRET",
							"JEDESCID": "JEDESCID",
							"OPTED": "OPTED",
							"CURRCODE": "CURRCODE",
							"APREALEXCHG": "APREALEXCHG",
							"APUNREEXCHG": "APUNREEXCHG",
							"CROSSCURYN": "CROSSCURYN",
							"CMREALACCT": "CMREALACCT",
							"CMUNREACCT": "CMUNREACCT",
							"CMDEPGLACCT": "CMDEPGLACCT",
							"RMTACCTNO": "RMTACCTNO",
							"RMTCASHTYPE": "RMTCASHTYPE",
							"RMTOTHRFEE": "RMTOTHRFEE",
							"TOGFEES": "TOGFEES",
							"MINBAL": "MINBAL",
							"HELDFUNDS": "HELDFUNDS",
							"BADTAXACCT": "BADTAXACCT",
							"BADTAXCSHTYPE": "BADTAXCSHTYPE",
							"FIDTAXACCT": "FIDTAXACCT",
							"FIDTAXCSHTYPE": "FIDTAXCSHTYPE",
							"TOGACCTNUM": "TOGACCTNUM",
							"TOGCASHTYPE": "TOGCASHTYPE",
							"TOGVENDID": "TOGVENDID",
							"OTRACCTNUM": "OTRACCTNUM",
							"OTRCASHTYPE": "OTRCASHTYPE",
							"OTRVENDID": "OTRVENDID",
							"ENTTYPE": "ENTTYPE",
							"PERIODCNT": "PERIODCNT",
							"RECLAIMPCT": "RECLAIMPCT",
							"ALTTAXID": "ALTTAXID",
							"TAXSUSPENSE": "TAXSUSPENSE",
							"CMNBANKING": "CMNBANKING",
							"ARREALACCT": "ARREALACCT",
							"ARUNREACCT": "ARUNREACCT",
							"RETAINACCT": "RETAINACCT",
							"PHONENO": "PHONENO",
							"CONTCODE": "CONTCODE",
							"CNTYCODE": "CNTYCODE",
							"PRACCODE": "PRACCODE",
							"DVMNCODE": "DVMNCODE",
							"JVENCODE": "JVENCODE",
							"CMCOMPID": "CMCOMPID",
							"APCOMPID": "APCOMPID",
							"ATAXCODE": "ATAXCODE",
							"APDEVID": "APDEVID",
							"BILLFEES": "BILLFEES",
							"FUNDBALACCT": "FUNDBALACCT",
							"TAXRPTFREQ": "TAXRPTFREQ",
							"OWNERID": "OWNERID",
							"COUNTRY": "COUNTRY",
							"APTAXSUSPENSEACCOUNTNUMBER": "APTAXSUSPENSEACCOUNTNUMBER",
							"STLINEBASIS": "STLINEBASIS",
							"FYEMONTH": "FYEMONTH",
							"RESETFYE": "RESETFYE",
							"LATEFYE": "LATEFYE",
							"NUMUSE": "NUMUSE",
							"COMNUM": "COMNUM",
							"REG1": "REG1",
							"REG2": "REG2",
							"REG3": "REG3",
							"REG4": "REG4",
							"REG5": "REG5",
							"PHASEID": "PHASEID",
							"MATRIXID": "MATRIXID",
							"ENTMATRIXOPTION": "ENTMATRIXOPTION",
							"NCREIFACQUIREDFIRSTDAYQTR": "NCREIFACQUIREDFIRSTDAYQTR",
							"NCREIFDISPOSEDLASTDAYQTR": "NCREIFDISPOSEDLASTDAYQTR",
							"CHECKLOCATIONID": "CHECKLOCATIONID",
							"MAXAPOPEN": "MAXAPOPEN",
							"APREALLOSS": "APREALLOSS",
							"APUNREALLOSS": "APUNREALLOSS",
							"ARREALLOSS": "ARREALLOSS",
							"ARUNREALLOSS": "ARUNREALLOSS",
							"CMREALLOSS": "CMREALLOSS",
							"CMUNREALLOSS": "CMUNREALLOSS",
							"CMDEPLOSS": "CMDEPLOSS",
							"VENDORWITHHOLDINGACCT": "VENDORWITHHOLDINGACCT",
							"REG6": "REG6",
							"ADRCHGINCCAT": "ADRCHGINCCAT",
							"ADRCHGRTAXGRPID": "ADRCHGRTAXGRPID",
							"ADRCHGZEROGRPID": "ADRCHGZEROGRPID",
							"MG_AP_RECHARGE": "MG_AP_RECHARGE",
							"SRVCDEBT": "SRVCDEBT",
							"SRVCCRED": "SRVCCRED",
							"RMSRVCDEBT": "RMSRVCDEBT",
							"RMSRVCCRED": "RMSRVCCRED",
							"ENTALIAS": "ENTALIAS",
							"IAENTTYPE": "IAENTTYPE",
							"ACTIVE": "ACTIVE",
							"TEL": "TEL",
							"EMAIL": "EMAIL",
							"OFFICE": "OFFICE",
							"NUMEROREA": "NUMEROREA",
							"EINVVENDID": "EINVVENDID",
							"IAVENDORID": "IAVENDORID",
							"IACORPORATEACCOUNTID": "IACORPORATEACCOUNTID",
							"CONNECTCURRCODE": "CONNECTCURRCODE"
						}
					}
				},
				"inputs": [
					{
						"referenceName": "MRIReplicaENTITY",
						"type": "DatasetReference"
					}
				],
				"outputs": [
					{
						"referenceName": "SQLDataWarehouse_staging_mri_entity",
						"type": "DatasetReference"
					}
				]
			},
			{
				"name": "stagingMRIENTITYFailure",
				"type": "WebActivity",
				"dependsOn": [
					{
						"activity": "stagingMRIENTITY",
						"dependencyConditions": [
							"Failed"
						]
					}
				],
				"policy": {
					"timeout": "7.00:00:00",
					"retry": 0,
					"retryIntervalInSeconds": 30,
					"secureOutput": false,
					"secureInput": false
				},
				"userProperties": [],
				"typeProperties": {
					"url": "https://prod-17.northeurope.logic.azure.com:443/workflows/b5b00e5596e94affb317290e4964e4a4/triggers/manual/paths/invoke?api-version=2016-10-01&sp=%2Ftriggers%2Fmanual%2Frun&sv=1.0&sig=55j9tHX1WsutSx6HqYyFcX80ICAhwCoE06KuGGetqb8",
					"method": "POST",
					"headers": {
						"Content-Type": "application/json"
					},
					"body": {
						"activity": "stagingMRIENTITY",
						"message": "@{activity('stagingMRIENTITY').error.message}",
						"dataFactoryName": "@{pipeline().DataFactory}",
						"pipelineName": "@{pipeline().Pipeline}",
						"FailureNotificationRecipient": "@pipeline().parameters.FailureNotificationRecipient"
					}
				}
			}
		],
		"parameters": {
			"FailureNotificationRecipient": {
				"type": "string",
				"defaultValue": "data.platform@mcarthurglen.com"
			}
		},
		"folder": {
			"name": "MRI"
		},
		"annotations": []
	},
	"type": "Microsoft.DataFactory/factories/pipelines"
}