{
	"name": "MRIGJOB",
	"properties": {
		"activities": [
			{
				"name": "MRIGJOB",
				"type": "Copy",
				"dependsOn": [
					{
						"activity": "stagingMRIGJOB",
						"dependencyConditions": [
							"Succeeded"
						]
					}
				],
				"policy": {
					"timeout": "7.00:00:00",
					"retry": 0,
					"retryIntervalInSeconds": 30,
					"secureOutput": false,
					"secureInput": false
				},
				"userProperties": [],
				"typeProperties": {
					"source": {
						"type": "SqlDWSource"
					},
					"sink": {
						"type": "SqlDWSink",
						"allowPolyBase": true,
						"writeBatchSize": 100000,
						"preCopyScript": "TRUNCATE TABLE mri.GJOB;",
						"polyBaseSettings": {
							"rejectValue": 0,
							"rejectType": "value",
							"useTypeDefault": false
						},
						"disableMetricsCollection": false
					},
					"enableStaging": true,
					"stagingSettings": {
						"linkedServiceName": {
							"referenceName": "dataplatformstoragearea",
							"type": "LinkedServiceReference"
						},
						"enableCompression": true
					},
					"translator": {
						"type": "TabularTranslator",
						"columnMappings": {
							"JOBCODE": "JOBCODE",
							"DESCRPTN": "DESCRPTN",
							"JOBTYPE": "JOBTYPE",
							"JOBBUDGT": "JOBBUDGT",
							"JOBSRTDT": "JOBSRTDT",
							"JIMPCDT": "JIMPCDT",
							"JINACTDT": "JINACTDT",
							"JACTIVE": "JACTIVE",
							"LASTDATE": "LASTDATE",
							"USERID": "USERID",
							"SQFEET": "SQFEET",
							"BLDGID": "BLDGID",
							"LEASID": "LEASID",
							"REVENH": "REVENH",
							"CAPRECUR": "CAPRECUR",
							"PROJAMT": "PROJAMT",
							"CHNGAMT": "CHNGAMT",
							"ESCYRS": "ESCYRS",
							"ACCTNUM": "ACCTNUM",
							"INSVCDT": "INSVCDT",
							"ASSETID": "ASSETID",
							"LIFE": "LIFE",
							"MANAGER": "MANAGER",
							"JOBCOST": "JOBCOST",
							"JC_COSTLIST": "JC_COSTLIST",
							"PCTGCOMP": "PCTGCOMP",
							"RMPROPID": "RMPROPID",
							"RMBLDGID": "RMBLDGID",
							"RMUNIT": "RMUNIT",
							"RMSQFEET": "RMSQFEET",
							"SUITID": "SUITID",
							"COMMENT": "COMMENT",
							"DEP_APP": "DEP_APP"
						}
					}
				},
				"inputs": [
					{
						"referenceName": "SQLDataWarehouse_staging_mri_gjob",
						"type": "DatasetReference"
					}
				],
				"outputs": [
					{
						"referenceName": "SQLDataWarehouse_mri_gjob",
						"type": "DatasetReference"
					}
				]
			},
			{
				"name": "MRIGJOBFailure",
				"type": "WebActivity",
				"dependsOn": [
					{
						"activity": "MRIGJOB",
						"dependencyConditions": [
							"Failed"
						]
					}
				],
				"policy": {
					"timeout": "7.00:00:00",
					"retry": 0,
					"retryIntervalInSeconds": 30,
					"secureOutput": false,
					"secureInput": false
				},
				"userProperties": [],
				"typeProperties": {
					"url": "https://prod-17.northeurope.logic.azure.com:443/workflows/b5b00e5596e94affb317290e4964e4a4/triggers/manual/paths/invoke?api-version=2016-10-01&sp=%2Ftriggers%2Fmanual%2Frun&sv=1.0&sig=55j9tHX1WsutSx6HqYyFcX80ICAhwCoE06KuGGetqb8",
					"method": "POST",
					"headers": {
						"Content-Type": "application/json"
					},
					"body": {
						"activity": "MRIGJOB",
						"message": "@{activity('MRIGJOB').error.message}",
						"dataFactoryName": "@{pipeline().DataFactory}",
						"pipelineName": "@{pipeline().Pipeline}",
						"FailureNotificationRecipient": "@pipeline().parameters.FailureNotificationRecipient"
					}
				}
			},
			{
				"name": "stagingMRIGJOB",
				"type": "Copy",
				"dependsOn": [],
				"policy": {
					"timeout": "7.00:00:00",
					"retry": 0,
					"retryIntervalInSeconds": 30,
					"secureOutput": false,
					"secureInput": false
				},
				"userProperties": [],
				"typeProperties": {
					"source": {
						"type": "SqlServerSource"
					},
					"sink": {
						"type": "SqlDWSink",
						"allowPolyBase": true,
						"writeBatchSize": 100000,
						"preCopyScript": "TRUNCATE TABLE staging.mri_GJOB;",
						"polyBaseSettings": {
							"rejectValue": 0,
							"rejectType": "value",
							"useTypeDefault": false
						},
						"disableMetricsCollection": false
					},
					"enableStaging": true,
					"stagingSettings": {
						"linkedServiceName": {
							"referenceName": "dataplatformstoragearea",
							"type": "LinkedServiceReference"
						},
						"enableCompression": true
					},
					"translator": {
						"type": "TabularTranslator",
						"columnMappings": {
							"JOBCODE": "JOBCODE",
							"DESCRPTN": "DESCRPTN",
							"JOBTYPE": "JOBTYPE",
							"JOBBUDGT": "JOBBUDGT",
							"JOBSRTDT": "JOBSRTDT",
							"JIMPCDT": "JIMPCDT",
							"JINACTDT": "JINACTDT",
							"JACTIVE": "JACTIVE",
							"LASTDATE": "LASTDATE",
							"USERID": "USERID",
							"SQFEET": "SQFEET",
							"BLDGID": "BLDGID",
							"LEASID": "LEASID",
							"REVENH": "REVENH",
							"CAPRECUR": "CAPRECUR",
							"PROJAMT": "PROJAMT",
							"CHNGAMT": "CHNGAMT",
							"ESCYRS": "ESCYRS",
							"ACCTNUM": "ACCTNUM",
							"INSVCDT": "INSVCDT",
							"ASSETID": "ASSETID",
							"LIFE": "LIFE",
							"MANAGER": "MANAGER",
							"JOBCOST": "JOBCOST",
							"JC_COSTLIST": "JC_COSTLIST",
							"PCTGCOMP": "PCTGCOMP",
							"RMPROPID": "RMPROPID",
							"RMBLDGID": "RMBLDGID",
							"RMUNIT": "RMUNIT",
							"RMSQFEET": "RMSQFEET",
							"SUITID": "SUITID",
							"COMMENT": "COMMENT",
							"DEP_APP": "DEP_APP"
						}
					}
				},
				"inputs": [
					{
						"referenceName": "MRIReplicaGJOB",
						"type": "DatasetReference"
					}
				],
				"outputs": [
					{
						"referenceName": "SQLDataWarehouse_staging_mri_gjob",
						"type": "DatasetReference"
					}
				]
			},
			{
				"name": "stagingMRIGJOBFailure",
				"type": "WebActivity",
				"dependsOn": [
					{
						"activity": "stagingMRIGJOB",
						"dependencyConditions": [
							"Failed"
						]
					}
				],
				"policy": {
					"timeout": "7.00:00:00",
					"retry": 0,
					"retryIntervalInSeconds": 30,
					"secureOutput": false,
					"secureInput": false
				},
				"userProperties": [],
				"typeProperties": {
					"url": "https://prod-17.northeurope.logic.azure.com:443/workflows/b5b00e5596e94affb317290e4964e4a4/triggers/manual/paths/invoke?api-version=2016-10-01&sp=%2Ftriggers%2Fmanual%2Frun&sv=1.0&sig=55j9tHX1WsutSx6HqYyFcX80ICAhwCoE06KuGGetqb8",
					"method": "POST",
					"headers": {
						"Content-Type": "application/json"
					},
					"body": {
						"activity": "stagingMRIGJOB",
						"message": "@{activity('stagingMRIGJOB').error.message}",
						"dataFactoryName": "@{pipeline().DataFactory}",
						"pipelineName": "@{pipeline().Pipeline}",
						"FailureNotificationRecipient": "@pipeline().parameters.FailureNotificationRecipient"
					}
				}
			}
		],
		"parameters": {
			"FailureNotificationRecipient": {
				"type": "string",
				"defaultValue": "data.platform@mcarthurglen.com"
			}
		},
		"folder": {
			"name": "MRI"
		},
		"annotations": []
	},
	"type": "Microsoft.DataFactory/factories/pipelines"
}