{
	"name": "MRIGACC",
	"properties": {
		"activities": [
			{
				"name": "MRIGACC",
				"type": "Copy",
				"dependsOn": [
					{
						"activity": "stagingMRIGACC",
						"dependencyConditions": [
							"Succeeded"
						]
					}
				],
				"policy": {
					"timeout": "7.00:00:00",
					"retry": 0,
					"retryIntervalInSeconds": 30,
					"secureOutput": false,
					"secureInput": false
				},
				"userProperties": [],
				"typeProperties": {
					"source": {
						"type": "SqlDWSource"
					},
					"sink": {
						"type": "SqlDWSink",
						"allowPolyBase": true,
						"writeBatchSize": 100000,
						"preCopyScript": "TRUNCATE TABLE mri.GACC;",
						"polyBaseSettings": {
							"rejectValue": 0,
							"rejectType": "value",
							"useTypeDefault": false
						},
						"disableMetricsCollection": false
					},
					"enableStaging": true,
					"stagingSettings": {
						"linkedServiceName": {
							"referenceName": "dataplatformstoragearea",
							"type": "LinkedServiceReference"
						},
						"enableCompression": true
					},
					"translator": {
						"type": "TabularTranslator",
						"columnMappings": {
							"ACCTNUM": "ACCTNUM",
							"ACCTNAME": "ACCTNAME",
							"TYPE": "TYPE",
							"LASTDATE": "LASTDATE",
							"USERID": "USERID",
							"M_1099ACCT": "M_1099ACCT",
							"DPRSTR": "DPRSTR",
							"PEXCHTYPE": "PEXCHTYPE",
							"OWNERTAX": "OWNERTAX",
							"SUBWITH": "SUBWITH",
							"ACCTBASIS": "ACCTBASIS",
							"LEGALACCT": "LEGALACCT",
							"VAT": "VAT",
							"MGAU_PLEDGE": "MGAU_PLEDGE",
							"ACTIVE": "ACTIVE"
						}
					}
				},
				"inputs": [
					{
						"referenceName": "SQLDataWarehouse_staging_mri_gacc",
						"type": "DatasetReference"
					}
				],
				"outputs": [
					{
						"referenceName": "SQLDataWarehouse_mri_gacc",
						"type": "DatasetReference"
					}
				]
			},
			{
				"name": "MRIGACCFailure",
				"type": "WebActivity",
				"dependsOn": [
					{
						"activity": "MRIGACC",
						"dependencyConditions": [
							"Failed"
						]
					}
				],
				"policy": {
					"timeout": "7.00:00:00",
					"retry": 0,
					"retryIntervalInSeconds": 30,
					"secureOutput": false,
					"secureInput": false
				},
				"userProperties": [],
				"typeProperties": {
					"url": "https://prod-17.northeurope.logic.azure.com:443/workflows/b5b00e5596e94affb317290e4964e4a4/triggers/manual/paths/invoke?api-version=2016-10-01&sp=%2Ftriggers%2Fmanual%2Frun&sv=1.0&sig=55j9tHX1WsutSx6HqYyFcX80ICAhwCoE06KuGGetqb8",
					"method": "POST",
					"headers": {
						"Content-Type": "application/json"
					},
					"body": {
						"activity": "MRIGACC",
						"message": "@{activity('MRIGACC').error.message}",
						"dataFactoryName": "@{pipeline().DataFactory}",
						"pipelineName": "@{pipeline().Pipeline}",
						"FailureNotificationRecipient": "@pipeline().parameters.FailureNotificationRecipient"
					}
				}
			},
			{
				"name": "stagingMRIGACC",
				"type": "Copy",
				"dependsOn": [],
				"policy": {
					"timeout": "7.00:00:00",
					"retry": 0,
					"retryIntervalInSeconds": 30,
					"secureOutput": false,
					"secureInput": false
				},
				"userProperties": [],
				"typeProperties": {
					"source": {
						"type": "SqlServerSource"
					},
					"sink": {
						"type": "SqlDWSink",
						"allowPolyBase": true,
						"writeBatchSize": 100000,
						"preCopyScript": "TRUNCATE TABLE staging.mri_GACC;",
						"polyBaseSettings": {
							"rejectValue": 0,
							"rejectType": "value",
							"useTypeDefault": false
						},
						"disableMetricsCollection": false
					},
					"enableStaging": true,
					"stagingSettings": {
						"linkedServiceName": {
							"referenceName": "dataplatformstoragearea",
							"type": "LinkedServiceReference"
						},
						"enableCompression": true
					},
					"translator": {
						"type": "TabularTranslator",
						"columnMappings": {
							"ACCTNUM": "ACCTNUM",
							"ACCTNAME": "ACCTNAME",
							"TYPE": "TYPE",
							"LASTDATE": "LASTDATE",
							"USERID": "USERID",
							"M_1099ACCT": "M_1099ACCT",
							"DPRSTR": "DPRSTR",
							"PEXCHTYPE": "PEXCHTYPE",
							"OWNERTAX": "OWNERTAX",
							"SUBWITH": "SUBWITH",
							"ACCTBASIS": "ACCTBASIS",
							"LEGALACCT": "LEGALACCT",
							"VAT": "VAT",
							"MGAU_PLEDGE": "MGAU_PLEDGE",
							"ACTIVE": "ACTIVE"
						}
					}
				},
				"inputs": [
					{
						"referenceName": "MRIReplicaGACC",
						"type": "DatasetReference"
					}
				],
				"outputs": [
					{
						"referenceName": "SQLDataWarehouse_staging_mri_gacc",
						"type": "DatasetReference"
					}
				]
			},
			{
				"name": "stagingMRIGACCFailure",
				"type": "WebActivity",
				"dependsOn": [
					{
						"activity": "stagingMRIGACC",
						"dependencyConditions": [
							"Failed"
						]
					}
				],
				"policy": {
					"timeout": "7.00:00:00",
					"retry": 0,
					"retryIntervalInSeconds": 30,
					"secureOutput": false,
					"secureInput": false
				},
				"userProperties": [],
				"typeProperties": {
					"url": "https://prod-17.northeurope.logic.azure.com:443/workflows/b5b00e5596e94affb317290e4964e4a4/triggers/manual/paths/invoke?api-version=2016-10-01&sp=%2Ftriggers%2Fmanual%2Frun&sv=1.0&sig=55j9tHX1WsutSx6HqYyFcX80ICAhwCoE06KuGGetqb8",
					"method": "POST",
					"headers": {
						"Content-Type": "application/json"
					},
					"body": {
						"activity": "stagingMRIGACC",
						"message": "@{activity('stagingMRIGACC').error.message}",
						"dataFactoryName": "@{pipeline().DataFactory}",
						"pipelineName": "@{pipeline().Pipeline}",
						"FailureNotificationRecipient": "@pipeline().parameters.FailureNotificationRecipient"
					}
				}
			}
		],
		"parameters": {
			"FailureNotificationRecipient": {
				"type": "string",
				"defaultValue": "data.platform@mcarthurglen.com"
			}
		},
		"folder": {
			"name": "MRI"
		},
		"annotations": []
	},
	"type": "Microsoft.DataFactory/factories/pipelines"
}