{
	"name": "MRIHIST",
	"properties": {
		"activities": [
			{
				"name": "MRIHIST",
				"type": "Copy",
				"dependsOn": [
					{
						"activity": "stagingMRIHIST",
						"dependencyConditions": [
							"Succeeded"
						]
					}
				],
				"policy": {
					"timeout": "7.00:00:00",
					"retry": 0,
					"retryIntervalInSeconds": 30,
					"secureOutput": false,
					"secureInput": false
				},
				"userProperties": [],
				"typeProperties": {
					"source": {
						"type": "SqlDWSource"
					},
					"sink": {
						"type": "SqlDWSink",
						"allowPolyBase": true,
						"writeBatchSize": 100000,
						"preCopyScript": "TRUNCATE TABLE mri.HIST;",
						"polyBaseSettings": {
							"rejectValue": 0,
							"rejectType": "value",
							"useTypeDefault": false
						},
						"disableMetricsCollection": false
					},
					"enableStaging": true,
					"stagingSettings": {
						"linkedServiceName": {
							"referenceName": "dataplatformstoragearea",
							"type": "LinkedServiceReference"
						},
						"enableCompression": true
					},
					"translator": {
						"type": "TabularTranslator",
						"columnMappings": {
							"VENDID": "VENDID",
							"INVOICE": "INVOICE",
							"EXPPED": "EXPPED",
							"ITEM": "ITEM",
							"REF": "REF",
							"ENTITYID": "ENTITYID",
							"ACCTNUM": "ACCTNUM",
							"ITEMAMT": "ITEMAMT",
							"DISCAMT": "DISCAMT",
							"EXPPOST": "EXPPOST",
							"STATUS": "STATUS",
							"BALFLAG": "BALFLAG",
							"CHECKNO": "CHECKNO",
							"CHECKDT": "CHECKDT",
							"CHECKPD": "CHECKPD",
							"DISCTKN": "DISCTKN",
							"CKPOSTED": "CKPOSTED",
							"CASHTYPE": "CASHTYPE",
							"JOBCODE": "JOBCODE",
							"POLINENMBR": "POLINENMBR",
							"ATAXID": "ATAXID",
							"ATAXAMT": "ATAXAMT",
							"PONUM": "PONUM",
							"EXPGLREF": "EXPGLREF",
							"DEPARTMENT": "DEPARTMENT",
							"TAXITEM": "TAXITEM",
							"BANKID": "BANKID",
							"CKACCRLREF": "CKACCRLREF",
							"CKCASHGLREF": "CKCASHGLREF",
							"LASTDATE": "LASTDATE",
							"USERID": "USERID",
							"ATAXGRPID": "ATAXGRPID",
							"TAXMOD": "TAXMOD",
							"CURRCODE": "CURRCODE",
							"EXCHGREF": "EXCHGREF",
							"ECURCODE": "ECURCODE",
							"ECITEMAMT": "ECITEMAMT",
							"ECDISCAMT": "ECDISCAMT",
							"ECATAXAMT": "ECATAXAMT",
							"PCURCODE": "PCURCODE",
							"PCHECKAMT": "PCHECKAMT",
							"PCEXCHGREF": "PCEXCHGREF",
							"XITEMAMT": "XITEMAMT",
							"XDISCAMT": "XDISCAMT",
							"XEXCHGREF": "XEXCHGREF",
							"VOIDPD": "VOIDPD",
							"ORIGITEMAMT": "ORIGITEMAMT",
							"TRANSFERITEM": "TRANSFERITEM",
							"OWNERTAX": "OWNERTAX",
							"WITHATAXGRP": "WITHATAXGRP",
							"DISCMOD": "DISCMOD",
							"SUBWITH": "SUBWITH",
							"WITHATAXID": "WITHATAXID",
							"INTENTEXPGLREF": "INTENTEXPGLREF",
							"INTENTCASHREF": "INTENTCASHREF",
							"INTENTACCRLREF": "INTENTACCRLREF",
							"POQTY": "POQTY",
							"JOBCOST": "JOBCOST",
							"JC_PHASECODE": "JC_PHASECODE",
							"JC_COSTLIST": "JC_COSTLIST",
							"JC_COSTCODE": "JC_COSTCODE",
							"CATEGORY": "CATEGORY",
							"CROSSSITE": "CROSSSITE",
							"INVDRSTATUS": "INVDRSTATUS",
							"LOANID": "LOANID",
							"DRAWNO": "DRAWNO",
							"BATCHID": "BATCHID",
							"SRCBANKID": "SRCBANKID",
							"JCBILLTRAN": "JCBILLTRAN",
							"AUTAXPAID": "AUTAXPAID",
							"RPTRUNID": "RPTRUNID",
							"DISTRBTYPEID": "DISTRBTYPEID",
							"TAXPTDATECALC": "TAXPTDATECALC",
							"TAXPTDATEACRLRPT": "TAXPTDATEACRLRPT",
							"TAXPTDATECASHRPT": "TAXPTDATECASHRPT",
							"RECEIPTCOMMITTED": "RECEIPTCOMMITTED",
							"APINVCTYPEID": "APINVCTYPEID",
							"RECEIPTNUMBER": "RECEIPTNUMBER",
							"RECEIPTJOURNALREFERENCEACCRUAL": "RECEIPTJOURNALREFERENCEACCRUAL",
							"RECEIPTJOURNALPERIODACCRUAL": "RECEIPTJOURNALPERIODACCRUAL",
							"RECEIPTJOURNALREFERENCECASH": "RECEIPTJOURNALREFERENCECASH",
							"RECEIPTJOURNALPERIODCASH": "RECEIPTJOURNALPERIODCASH",
							"ADDLDESC": "ADDLDESC",
							"WITHHOLDINGLINE": "WITHHOLDINGLINE",
							"CRELEDGID": "CRELEDGID",
							"USER_DEFINED_ID1": "USER_DEFINED_ID1",
							"USER_DEFINED_VAL1": "USER_DEFINED_VAL1",
							"USER_DEFINED_ID2": "USER_DEFINED_ID2",
							"USER_DEFINED_VAL2": "USER_DEFINED_VAL2",
							"USER_DEFINED_ID3": "USER_DEFINED_ID3",
							"USER_DEFINED_VAL3": "USER_DEFINED_VAL3",
							"USER_DEFINED_ID4": "USER_DEFINED_ID4",
							"USER_DEFINED_VAL4": "USER_DEFINED_VAL4",
							"USER_DEFINED_ID5": "USER_DEFINED_ID5",
							"USER_DEFINED_VAL5": "USER_DEFINED_VAL5",
							"USER_DEFINED_ID6": "USER_DEFINED_ID6",
							"USER_DEFINED_VAL6": "USER_DEFINED_VAL6",
							"USER_DEFINED_ID7": "USER_DEFINED_ID7",
							"USER_DEFINED_VAL7": "USER_DEFINED_VAL7",
							"USER_DEFINED_ID8": "USER_DEFINED_ID8",
							"USER_DEFINED_VAL8": "USER_DEFINED_VAL8",
							"USER_DEFINED_ID9": "USER_DEFINED_ID9",
							"USER_DEFINED_VAL9": "USER_DEFINED_VAL9",
							"USER_DEFINED_ID10": "USER_DEFINED_ID10",
							"USER_DEFINED_VAL10": "USER_DEFINED_VAL10",
							"ASSETCLASS": "ASSETCLASS",
							"IFACETYPE": "IFACETYPE",
							"INTERFACED": "INTERFACED",
							"IFACEDATE": "IFACEDATE",
							"MG_APSEQNUM": "MG_APSEQNUM",
							"APNUM_IT": "APNUM_IT",
							"MG_IT_PREVYR": "MG_IT_PREVYR",
							"DRTODATE": "DRTODATE",
							"DRLEASID": "DRLEASID",
							"DRSCHEDULE": "DRSCHEDULE",
							"DRNETAMT": "DRNETAMT",
							"DRRTAXGRPID": "DRRTAXGRPID",
							"DRINCCAT": "DRINCCAT",
							"DRCMBATCHID": "DRCMBATCHID",
							"DRFROMDATE": "DRFROMDATE",
							"ADMINRECHRG": "ADMINRECHRG",
							"MG_ENTRDATE": "MG_ENTRDATE",
							"SUBWITH_GR": "SUBWITH_GR",
							"UIC": "UIC"
						}
					}
				},
				"inputs": [
					{
						"referenceName": "SQLDataWarehouse_staging_mri_hist",
						"type": "DatasetReference"
					}
				],
				"outputs": [
					{
						"referenceName": "SQLDataWarehouse_mri_hist",
						"type": "DatasetReference"
					}
				]
			},
			{
				"name": "MRIHISTFailure",
				"type": "WebActivity",
				"dependsOn": [
					{
						"activity": "MRIHIST",
						"dependencyConditions": [
							"Failed"
						]
					}
				],
				"policy": {
					"timeout": "7.00:00:00",
					"retry": 0,
					"retryIntervalInSeconds": 30,
					"secureOutput": false,
					"secureInput": false
				},
				"userProperties": [],
				"typeProperties": {
					"url": "https://prod-17.northeurope.logic.azure.com:443/workflows/b5b00e5596e94affb317290e4964e4a4/triggers/manual/paths/invoke?api-version=2016-10-01&sp=%2Ftriggers%2Fmanual%2Frun&sv=1.0&sig=55j9tHX1WsutSx6HqYyFcX80ICAhwCoE06KuGGetqb8",
					"method": "POST",
					"headers": {
						"Content-Type": "application/json"
					},
					"body": {
						"activity": "MRIHIST",
						"message": "@{activity('MRIHIST').error.message}",
						"dataFactoryName": "@{pipeline().DataFactory}",
						"pipelineName": "@{pipeline().Pipeline}",
						"FailureNotificationRecipient": "@pipeline().parameters.FailureNotificationRecipient"
					}
				}
			},
			{
				"name": "stagingMRIHIST",
				"type": "Copy",
				"dependsOn": [],
				"policy": {
					"timeout": "7.00:00:00",
					"retry": 0,
					"retryIntervalInSeconds": 30,
					"secureOutput": false,
					"secureInput": false
				},
				"userProperties": [],
				"typeProperties": {
					"source": {
						"type": "SqlServerSource"
					},
					"sink": {
						"type": "SqlDWSink",
						"allowPolyBase": true,
						"writeBatchSize": 100000,
						"preCopyScript": "TRUNCATE TABLE staging.mri_HIST;",
						"polyBaseSettings": {
							"rejectValue": 0,
							"rejectType": "value",
							"useTypeDefault": false
						},
						"disableMetricsCollection": false
					},
					"enableStaging": true,
					"stagingSettings": {
						"linkedServiceName": {
							"referenceName": "dataplatformstoragearea",
							"type": "LinkedServiceReference"
						},
						"enableCompression": true
					},
					"translator": {
						"type": "TabularTranslator",
						"columnMappings": {
							"VENDID": "VENDID",
							"INVOICE": "INVOICE",
							"EXPPED": "EXPPED",
							"ITEM": "ITEM",
							"REF": "REF",
							"ENTITYID": "ENTITYID",
							"ACCTNUM": "ACCTNUM",
							"ITEMAMT": "ITEMAMT",
							"DISCAMT": "DISCAMT",
							"EXPPOST": "EXPPOST",
							"STATUS": "STATUS",
							"BALFLAG": "BALFLAG",
							"CHECKNO": "CHECKNO",
							"CHECKDT": "CHECKDT",
							"CHECKPD": "CHECKPD",
							"DISCTKN": "DISCTKN",
							"CKPOSTED": "CKPOSTED",
							"CASHTYPE": "CASHTYPE",
							"JOBCODE": "JOBCODE",
							"POLINENMBR": "POLINENMBR",
							"ATAXID": "ATAXID",
							"ATAXAMT": "ATAXAMT",
							"PONUM": "PONUM",
							"EXPGLREF": "EXPGLREF",
							"DEPARTMENT": "DEPARTMENT",
							"TAXITEM": "TAXITEM",
							"BANKID": "BANKID",
							"CKACCRLREF": "CKACCRLREF",
							"CKCASHGLREF": "CKCASHGLREF",
							"LASTDATE": "LASTDATE",
							"USERID": "USERID",
							"ATAXGRPID": "ATAXGRPID",
							"TAXMOD": "TAXMOD",
							"CURRCODE": "CURRCODE",
							"EXCHGREF": "EXCHGREF",
							"ECURCODE": "ECURCODE",
							"ECITEMAMT": "ECITEMAMT",
							"ECDISCAMT": "ECDISCAMT",
							"ECATAXAMT": "ECATAXAMT",
							"PCURCODE": "PCURCODE",
							"PCHECKAMT": "PCHECKAMT",
							"PCEXCHGREF": "PCEXCHGREF",
							"XITEMAMT": "XITEMAMT",
							"XDISCAMT": "XDISCAMT",
							"XEXCHGREF": "XEXCHGREF",
							"VOIDPD": "VOIDPD",
							"ORIGITEMAMT": "ORIGITEMAMT",
							"TRANSFERITEM": "TRANSFERITEM",
							"OWNERTAX": "OWNERTAX",
							"WITHATAXGRP": "WITHATAXGRP",
							"DISCMOD": "DISCMOD",
							"SUBWITH": "SUBWITH",
							"WITHATAXID": "WITHATAXID",
							"INTENTEXPGLREF": "INTENTEXPGLREF",
							"INTENTCASHREF": "INTENTCASHREF",
							"INTENTACCRLREF": "INTENTACCRLREF",
							"POQTY": "POQTY",
							"JOBCOST": "JOBCOST",
							"JC_PHASECODE": "JC_PHASECODE",
							"JC_COSTLIST": "JC_COSTLIST",
							"JC_COSTCODE": "JC_COSTCODE",
							"CATEGORY": "CATEGORY",
							"CROSSSITE": "CROSSSITE",
							"INVDRSTATUS": "INVDRSTATUS",
							"LOANID": "LOANID",
							"DRAWNO": "DRAWNO",
							"BATCHID": "BATCHID",
							"SRCBANKID": "SRCBANKID",
							"JCBILLTRAN": "JCBILLTRAN",
							"AUTAXPAID": "AUTAXPAID",
							"RPTRUNID": "RPTRUNID",
							"DISTRBTYPEID": "DISTRBTYPEID",
							"TAXPTDATECALC": "TAXPTDATECALC",
							"TAXPTDATEACRLRPT": "TAXPTDATEACRLRPT",
							"TAXPTDATECASHRPT": "TAXPTDATECASHRPT",
							"RECEIPTCOMMITTED": "RECEIPTCOMMITTED",
							"APINVCTYPEID": "APINVCTYPEID",
							"RECEIPTNUMBER": "RECEIPTNUMBER",
							"RECEIPTJOURNALREFERENCEACCRUAL": "RECEIPTJOURNALREFERENCEACCRUAL",
							"RECEIPTJOURNALPERIODACCRUAL": "RECEIPTJOURNALPERIODACCRUAL",
							"RECEIPTJOURNALREFERENCECASH": "RECEIPTJOURNALREFERENCECASH",
							"RECEIPTJOURNALPERIODCASH": "RECEIPTJOURNALPERIODCASH",
							"ADDLDESC": "ADDLDESC",
							"WITHHOLDINGLINE": "WITHHOLDINGLINE",
							"CRELEDGID": "CRELEDGID",
							"USER_DEFINED_ID1": "USER_DEFINED_ID1",
							"USER_DEFINED_VAL1": "USER_DEFINED_VAL1",
							"USER_DEFINED_ID2": "USER_DEFINED_ID2",
							"USER_DEFINED_VAL2": "USER_DEFINED_VAL2",
							"USER_DEFINED_ID3": "USER_DEFINED_ID3",
							"USER_DEFINED_VAL3": "USER_DEFINED_VAL3",
							"USER_DEFINED_ID4": "USER_DEFINED_ID4",
							"USER_DEFINED_VAL4": "USER_DEFINED_VAL4",
							"USER_DEFINED_ID5": "USER_DEFINED_ID5",
							"USER_DEFINED_VAL5": "USER_DEFINED_VAL5",
							"USER_DEFINED_ID6": "USER_DEFINED_ID6",
							"USER_DEFINED_VAL6": "USER_DEFINED_VAL6",
							"USER_DEFINED_ID7": "USER_DEFINED_ID7",
							"USER_DEFINED_VAL7": "USER_DEFINED_VAL7",
							"USER_DEFINED_ID8": "USER_DEFINED_ID8",
							"USER_DEFINED_VAL8": "USER_DEFINED_VAL8",
							"USER_DEFINED_ID9": "USER_DEFINED_ID9",
							"USER_DEFINED_VAL9": "USER_DEFINED_VAL9",
							"USER_DEFINED_ID10": "USER_DEFINED_ID10",
							"USER_DEFINED_VAL10": "USER_DEFINED_VAL10",
							"ASSETCLASS": "ASSETCLASS",
							"IFACETYPE": "IFACETYPE",
							"INTERFACED": "INTERFACED",
							"IFACEDATE": "IFACEDATE",
							"MG_APSEQNUM": "MG_APSEQNUM",
							"APNUM_IT": "APNUM_IT",
							"MG_IT_PREVYR": "MG_IT_PREVYR",
							"DRTODATE": "DRTODATE",
							"DRLEASID": "DRLEASID",
							"DRSCHEDULE": "DRSCHEDULE",
							"DRNETAMT": "DRNETAMT",
							"DRRTAXGRPID": "DRRTAXGRPID",
							"DRINCCAT": "DRINCCAT",
							"DRCMBATCHID": "DRCMBATCHID",
							"DRFROMDATE": "DRFROMDATE",
							"ADMINRECHRG": "ADMINRECHRG",
							"MG_ENTRDATE": "MG_ENTRDATE",
							"SUBWITH_GR": "SUBWITH_GR",
							"UIC": "UIC"
						}
					}
				},
				"inputs": [
					{
						"referenceName": "MRIReplicaHIST",
						"type": "DatasetReference"
					}
				],
				"outputs": [
					{
						"referenceName": "SQLDataWarehouse_staging_mri_hist",
						"type": "DatasetReference"
					}
				]
			},
			{
				"name": "stagingMRIHISTFailure",
				"type": "WebActivity",
				"dependsOn": [
					{
						"activity": "stagingMRIHIST",
						"dependencyConditions": [
							"Failed"
						]
					}
				],
				"policy": {
					"timeout": "7.00:00:00",
					"retry": 0,
					"retryIntervalInSeconds": 30,
					"secureOutput": false,
					"secureInput": false
				},
				"userProperties": [],
				"typeProperties": {
					"url": "https://prod-17.northeurope.logic.azure.com:443/workflows/b5b00e5596e94affb317290e4964e4a4/triggers/manual/paths/invoke?api-version=2016-10-01&sp=%2Ftriggers%2Fmanual%2Frun&sv=1.0&sig=55j9tHX1WsutSx6HqYyFcX80ICAhwCoE06KuGGetqb8",
					"method": "POST",
					"headers": {
						"Content-Type": "application/json"
					},
					"body": {
						"activity": "stagingMRIHIST",
						"message": "@{activity('stagingMRIHIST').error.message}",
						"dataFactoryName": "@{pipeline().DataFactory}",
						"pipelineName": "@{pipeline().Pipeline}",
						"FailureNotificationRecipient": "@pipeline().parameters.FailureNotificationRecipient"
					}
				}
			}
		],
		"parameters": {
			"FailureNotificationRecipient": {
				"type": "string",
				"defaultValue": "data.platform@mcarthurglen.com"
			}
		},
		"folder": {
			"name": "MRI"
		},
		"annotations": []
	},
	"type": "Microsoft.DataFactory/factories/pipelines"
}