{
	"name": "MRIINCH_Incremental",
	"properties": {
		"activities": [
			{
				"name": "CopyINCHInserts",
				"type": "Copy",
				"dependsOn": [],
				"policy": {
					"timeout": "7.00:00:00",
					"retry": 0,
					"retryIntervalInSeconds": 30,
					"secureOutput": false,
					"secureInput": false
				},
				"userProperties": [],
				"typeProperties": {
					"source": {
						"type": "SqlSource",
						"sqlReaderQuery": "WITH change_table AS (\nSELECT DISTINCT INCCAT\nFROM CHANGETABLE(CHANGES INCH,1) AS change_table\nWHERE SYS_CHANGE_OPERATION = 'I'\n)\nSELECT INCH.*\nFROM INCH\nJOIN change_table ct ON ct.INCCAT = INCH.INCCAT;"
					},
					"sink": {
						"type": "SqlDWSink",
						"allowPolyBase": true,
						"writeBatchSize": 10000,
						"preCopyScript": "TRUNCATE TABLE staging.mri_inch;",
						"polyBaseSettings": {
							"rejectValue": 0,
							"rejectType": "value",
							"useTypeDefault": false
						}
					},
					"enableStaging": true,
					"stagingSettings": {
						"linkedServiceName": {
							"referenceName": "dataplatformstoragearea",
							"type": "LinkedServiceReference"
						},
						"enableCompression": true
					},
					"translator": {
						"type": "TabularTranslator",
						"columnMappings": {
							"INCCAT": "INCCAT",
							"DESCRPTN": "DESCRPTN",
							"PRIORITY": "PRIORITY",
							"CATGUSAGE": "CATGUSAGE",
							"BILLFREQ": "BILLFREQ",
							"BEGMONTH": "BEGMONTH",
							"LASTDATE": "LASTDATE",
							"USERID": "USERID",
							"LATEFEE": "LATEFEE",
							"RPTTYPE": "RPTTYPE",
							"FASB13": "FASB13",
							"BUDGUSAGE": "BUDGUSAGE",
							"RTAXGRPID": "RTAXGRPID",
							"OWNERTAX": "OWNERTAX",
							"WTAXID": "WTAXID",
							"SUSPENSE": "SUSPENSE",
							"SUSINCCAT": "SUSINCCAT",
							"MCASHTYPE": "MCASHTYPE",
							"JC_COSTLIST": "JC_COSTLIST",
							"JC_COSTCODE": "JC_COSTCODE",
							"CATEGORY": "CATEGORY",
							"FTAXEXCLUDE": "FTAXEXCLUDE",
							"CNTYCODE": "CNTYCODE",
							"MGUKCODE": "MGUKCODE",
							"AUT_DESCRPN": "AUT_DESCRPN",
							"AUTOEXCEPTION": "AUTOEXCEPTION",
							"ADMINRECHARGE": "ADMINRECHARGE",
							"MGRPT": "MGRPT",
							"SITEID": "SITEID"
						}
					}
				},
				"inputs": [
					{
						"referenceName": "MRIReplicaINCH",
						"type": "DatasetReference"
					}
				],
				"outputs": [
					{
						"referenceName": "SQLDataWarehouse_staging_mri_inch",
						"type": "DatasetReference"
					}
				]
			},
			{
				"name": "sp_insert_mri_inch",
				"type": "SqlServerStoredProcedure",
				"dependsOn": [
					{
						"activity": "CopyINCHInserts",
						"dependencyConditions": [
							"Succeeded"
						]
					}
				],
				"policy": {
					"timeout": "7.00:00:00",
					"retry": 0,
					"retryIntervalInSeconds": 30,
					"secureOutput": false,
					"secureInput": false
				},
				"userProperties": [],
				"typeProperties": {
					"storedProcedureName": "[dbo].[sp_insert_mri_inch]"
				},
				"linkedServiceName": {
					"referenceName": "SQLDataWarehouse",
					"type": "LinkedServiceReference"
				}
			},
			{
				"name": "CopyINCHUpdates",
				"type": "Copy",
				"dependsOn": [
					{
						"activity": "sp_insert_mri_inch",
						"dependencyConditions": [
							"Succeeded"
						]
					}
				],
				"policy": {
					"timeout": "7.00:00:00",
					"retry": 0,
					"retryIntervalInSeconds": 30,
					"secureOutput": false,
					"secureInput": false
				},
				"userProperties": [],
				"typeProperties": {
					"source": {
						"type": "SqlSource",
						"sqlReaderQuery": "WITH change_table AS (\nSELECT DISTINCT INCCAT\nFROM CHANGETABLE(CHANGES INCH,1) AS change_table\nWHERE SYS_CHANGE_OPERATION = 'U'\n)\nSELECT INCH.*\nFROM INCH\nJOIN change_table ct ON ct.INCCAT = INCH.INCCAT;"
					},
					"sink": {
						"type": "SqlDWSink",
						"allowPolyBase": true,
						"writeBatchSize": 10000,
						"preCopyScript": "TRUNCATE TABLE staging.mri_inch;",
						"polyBaseSettings": {
							"rejectValue": 0,
							"rejectType": "value",
							"useTypeDefault": false
						}
					},
					"enableStaging": true,
					"stagingSettings": {
						"linkedServiceName": {
							"referenceName": "dataplatformstoragearea",
							"type": "LinkedServiceReference"
						},
						"enableCompression": true
					},
					"translator": {
						"type": "TabularTranslator",
						"columnMappings": {
							"INCCAT": "INCCAT",
							"DESCRPTN": "DESCRPTN",
							"PRIORITY": "PRIORITY",
							"CATGUSAGE": "CATGUSAGE",
							"BILLFREQ": "BILLFREQ",
							"BEGMONTH": "BEGMONTH",
							"LASTDATE": "LASTDATE",
							"USERID": "USERID",
							"LATEFEE": "LATEFEE",
							"RPTTYPE": "RPTTYPE",
							"FASB13": "FASB13",
							"BUDGUSAGE": "BUDGUSAGE",
							"RTAXGRPID": "RTAXGRPID",
							"OWNERTAX": "OWNERTAX",
							"WTAXID": "WTAXID",
							"SUSPENSE": "SUSPENSE",
							"SUSINCCAT": "SUSINCCAT",
							"MCASHTYPE": "MCASHTYPE",
							"JC_COSTLIST": "JC_COSTLIST",
							"JC_COSTCODE": "JC_COSTCODE",
							"CATEGORY": "CATEGORY",
							"FTAXEXCLUDE": "FTAXEXCLUDE",
							"CNTYCODE": "CNTYCODE",
							"MGUKCODE": "MGUKCODE",
							"AUT_DESCRPN": "AUT_DESCRPN",
							"AUTOEXCEPTION": "AUTOEXCEPTION",
							"ADMINRECHARGE": "ADMINRECHARGE",
							"MGRPT": "MGRPT",
							"SITEID": "SITEID"
						}
					}
				},
				"inputs": [
					{
						"referenceName": "MRIReplicaINCH",
						"type": "DatasetReference"
					}
				],
				"outputs": [
					{
						"referenceName": "SQLDataWarehouse_staging_mri_inch",
						"type": "DatasetReference"
					}
				]
			},
			{
				"name": "sp_update_mri_inch",
				"type": "SqlServerStoredProcedure",
				"dependsOn": [
					{
						"activity": "CopyINCHUpdates",
						"dependencyConditions": [
							"Succeeded"
						]
					}
				],
				"policy": {
					"timeout": "7.00:00:00",
					"retry": 0,
					"retryIntervalInSeconds": 30,
					"secureOutput": false,
					"secureInput": false
				},
				"userProperties": [],
				"typeProperties": {
					"storedProcedureName": "[dbo].[sp_update_mri_inch]"
				},
				"linkedServiceName": {
					"referenceName": "SQLDataWarehouse",
					"type": "LinkedServiceReference"
				}
			},
			{
				"name": "CopyINCHDeletions",
				"type": "Copy",
				"dependsOn": [
					{
						"activity": "sp_update_mri_inch",
						"dependencyConditions": [
							"Succeeded"
						]
					}
				],
				"policy": {
					"timeout": "7.00:00:00",
					"retry": 0,
					"retryIntervalInSeconds": 30,
					"secureOutput": false,
					"secureInput": false
				},
				"userProperties": [],
				"typeProperties": {
					"source": {
						"type": "SqlSource",
						"sqlReaderQuery": "SELECT DISTINCT INCCAT\nFROM CHANGETABLE(CHANGES INCH,1) AS change_table\nWHERE SYS_CHANGE_OPERATION = 'D';"
					},
					"sink": {
						"type": "SqlDWSink",
						"allowPolyBase": true,
						"writeBatchSize": 10000,
						"preCopyScript": "TRUNCATE TABLE staging.mri_inch_deletion;",
						"polyBaseSettings": {
							"rejectValue": 0,
							"rejectType": "value",
							"useTypeDefault": false
						}
					},
					"enableStaging": true,
					"stagingSettings": {
						"linkedServiceName": {
							"referenceName": "dataplatformstoragearea",
							"type": "LinkedServiceReference"
						},
						"enableCompression": true
					},
					"translator": {
						"type": "TabularTranslator",
						"columnMappings": {
							"INCCAT": "INCCAT"
						}
					}
				},
				"inputs": [
					{
						"referenceName": "MRIReplicaINCH",
						"type": "DatasetReference"
					}
				],
				"outputs": [
					{
						"referenceName": "SQLDataWarehouse_staging_mri_inch_deletion",
						"type": "DatasetReference"
					}
				]
			},
			{
				"name": "sp_update_mri_inch_deletion",
				"type": "SqlServerStoredProcedure",
				"dependsOn": [
					{
						"activity": "CopyINCHDeletions",
						"dependencyConditions": [
							"Succeeded"
						]
					}
				],
				"policy": {
					"timeout": "7.00:00:00",
					"retry": 0,
					"retryIntervalInSeconds": 30,
					"secureOutput": false,
					"secureInput": false
				},
				"userProperties": [],
				"typeProperties": {
					"storedProcedureName": "[dbo].[sp_update_mri_inch_deletion]"
				},
				"linkedServiceName": {
					"referenceName": "SQLDataWarehouse",
					"type": "LinkedServiceReference"
				}
			},
			{
				"name": "CopyINCHInsertsFailure",
				"type": "WebActivity",
				"dependsOn": [
					{
						"activity": "CopyINCHInserts",
						"dependencyConditions": [
							"Failed"
						]
					}
				],
				"policy": {
					"timeout": "7.00:00:00",
					"retry": 0,
					"retryIntervalInSeconds": 30,
					"secureOutput": false,
					"secureInput": false
				},
				"userProperties": [],
				"typeProperties": {
					"url": "https://prod-17.northeurope.logic.azure.com:443/workflows/b5b00e5596e94affb317290e4964e4a4/triggers/manual/paths/invoke?api-version=2016-10-01&sp=%2Ftriggers%2Fmanual%2Frun&sv=1.0&sig=55j9tHX1WsutSx6HqYyFcX80ICAhwCoE06KuGGetqb8",
					"method": "POST",
					"headers": {
						"Content-Type": "application/json"
					},
					"body": {
						"activity": "CopyINCHInserts",
						"message": "@{activity('CopyINCHInserts').error.message}",
						"dataFactoryName": "@{pipeline().DataFactory}",
						"pipelineName": "@{pipeline().Pipeline}",
						"FailureNotificationRecipient": "@pipeline().parameters.FailureNotificationRecipient"
					}
				}
			},
			{
				"name": "sp_insert_mri_inchFailure",
				"type": "WebActivity",
				"dependsOn": [
					{
						"activity": "sp_insert_mri_inch",
						"dependencyConditions": [
							"Failed"
						]
					}
				],
				"policy": {
					"timeout": "7.00:00:00",
					"retry": 0,
					"retryIntervalInSeconds": 30,
					"secureOutput": false,
					"secureInput": false
				},
				"userProperties": [],
				"typeProperties": {
					"url": "https://prod-17.northeurope.logic.azure.com:443/workflows/b5b00e5596e94affb317290e4964e4a4/triggers/manual/paths/invoke?api-version=2016-10-01&sp=%2Ftriggers%2Fmanual%2Frun&sv=1.0&sig=55j9tHX1WsutSx6HqYyFcX80ICAhwCoE06KuGGetqb8",
					"method": "POST",
					"headers": {
						"Content-Type": "application/json"
					},
					"body": {
						"activity": "sp_insert_mri_inch",
						"message": "@{activity('sp_insert_mri_inch').error.message}",
						"dataFactoryName": "@{pipeline().DataFactory}",
						"pipelineName": "@{pipeline().Pipeline}",
						"FailureNotificationRecipient": "@pipeline().parameters.FailureNotificationRecipient"
					}
				}
			},
			{
				"name": "CopyINCHUpdatesFailure",
				"type": "WebActivity",
				"dependsOn": [
					{
						"activity": "CopyINCHUpdates",
						"dependencyConditions": [
							"Failed"
						]
					}
				],
				"policy": {
					"timeout": "7.00:00:00",
					"retry": 0,
					"retryIntervalInSeconds": 30,
					"secureOutput": false,
					"secureInput": false
				},
				"userProperties": [],
				"typeProperties": {
					"url": "https://prod-17.northeurope.logic.azure.com:443/workflows/b5b00e5596e94affb317290e4964e4a4/triggers/manual/paths/invoke?api-version=2016-10-01&sp=%2Ftriggers%2Fmanual%2Frun&sv=1.0&sig=55j9tHX1WsutSx6HqYyFcX80ICAhwCoE06KuGGetqb8",
					"method": "POST",
					"headers": {
						"Content-Type": "application/json"
					},
					"body": {
						"activity": "CopyINCHUpdates",
						"message": "@{activity('CopyINCHUpdates').error.message}",
						"dataFactoryName": "@{pipeline().DataFactory}",
						"pipelineName": "@{pipeline().Pipeline}",
						"FailureNotificationRecipient": "@pipeline().parameters.FailureNotificationRecipient"
					}
				}
			},
			{
				"name": "sp_update_mri_inchFailure",
				"type": "WebActivity",
				"dependsOn": [
					{
						"activity": "sp_update_mri_inch",
						"dependencyConditions": [
							"Failed"
						]
					}
				],
				"policy": {
					"timeout": "7.00:00:00",
					"retry": 0,
					"retryIntervalInSeconds": 30,
					"secureOutput": false,
					"secureInput": false
				},
				"userProperties": [],
				"typeProperties": {
					"url": "https://prod-17.northeurope.logic.azure.com:443/workflows/b5b00e5596e94affb317290e4964e4a4/triggers/manual/paths/invoke?api-version=2016-10-01&sp=%2Ftriggers%2Fmanual%2Frun&sv=1.0&sig=55j9tHX1WsutSx6HqYyFcX80ICAhwCoE06KuGGetqb8",
					"method": "POST",
					"headers": {
						"Content-Type": "application/json"
					},
					"body": {
						"activity": "sp_update_mri_inch",
						"message": "@{activity('sp_update_mri_inch').error.message}",
						"dataFactoryName": "@{pipeline().DataFactory}",
						"pipelineName": "@{pipeline().Pipeline}",
						"FailureNotificationRecipient": "@pipeline().parameters.FailureNotificationRecipient"
					}
				}
			},
			{
				"name": "CopyINCHDeletionsFailure",
				"type": "WebActivity",
				"dependsOn": [
					{
						"activity": "CopyINCHDeletions",
						"dependencyConditions": [
							"Failed"
						]
					}
				],
				"policy": {
					"timeout": "7.00:00:00",
					"retry": 0,
					"retryIntervalInSeconds": 30,
					"secureOutput": false,
					"secureInput": false
				},
				"userProperties": [],
				"typeProperties": {
					"url": "https://prod-17.northeurope.logic.azure.com:443/workflows/b5b00e5596e94affb317290e4964e4a4/triggers/manual/paths/invoke?api-version=2016-10-01&sp=%2Ftriggers%2Fmanual%2Frun&sv=1.0&sig=55j9tHX1WsutSx6HqYyFcX80ICAhwCoE06KuGGetqb8",
					"method": "POST",
					"headers": {
						"Content-Type": "application/json"
					},
					"body": {
						"activity": "CopyINCHDeletions",
						"message": "@{activity('CopyINCHDeletions').error.message}",
						"dataFactoryName": "@{pipeline().DataFactory}",
						"pipelineName": "@{pipeline().Pipeline}",
						"FailureNotificationRecipient": "@pipeline().parameters.FailureNotificationRecipient"
					}
				}
			},
			{
				"name": "sp_update_mri_inch_deletionFailure",
				"type": "WebActivity",
				"dependsOn": [
					{
						"activity": "sp_update_mri_inch_deletion",
						"dependencyConditions": [
							"Failed"
						]
					}
				],
				"policy": {
					"timeout": "7.00:00:00",
					"retry": 0,
					"retryIntervalInSeconds": 30,
					"secureOutput": false,
					"secureInput": false
				},
				"userProperties": [],
				"typeProperties": {
					"url": "https://prod-17.northeurope.logic.azure.com:443/workflows/b5b00e5596e94affb317290e4964e4a4/triggers/manual/paths/invoke?api-version=2016-10-01&sp=%2Ftriggers%2Fmanual%2Frun&sv=1.0&sig=55j9tHX1WsutSx6HqYyFcX80ICAhwCoE06KuGGetqb8",
					"method": "POST",
					"headers": {
						"Content-Type": "application/json"
					},
					"body": {
						"activity": "sp_update_mri_inch_deletion",
						"message": "@{activity('sp_update_mri_inch_deletion').error.message}",
						"dataFactoryName": "@{pipeline().DataFactory}",
						"pipelineName": "@{pipeline().Pipeline}",
						"FailureNotificationRecipient": "@pipeline().parameters.FailureNotificationRecipient"
					}
				}
			}
		],
		"parameters": {
			"FailureNotificationRecipient": {
				"type": "String",
				"defaultValue": "data.platform@mcarthurglen.com"
			}
		},
		"folder": {
			"name": "MRI"
		},
		"annotations": []
	},
	"type": "Microsoft.DataFactory/factories/pipelines"
}