{
	"name": "MRIINVC_Full_Refresh",
	"properties": {
		"activities": [
			{
				"name": "CopyINVCFailure",
				"type": "WebActivity",
				"dependsOn": [
					{
						"activity": "CopyINVC",
						"dependencyConditions": [
							"Failed"
						]
					}
				],
				"policy": {
					"timeout": "7.00:00:00",
					"retry": 0,
					"retryIntervalInSeconds": 30,
					"secureOutput": false,
					"secureInput": false
				},
				"userProperties": [],
				"typeProperties": {
					"url": "https://prod-17.northeurope.logic.azure.com:443/workflows/b5b00e5596e94affb317290e4964e4a4/triggers/manual/paths/invoke?api-version=2016-10-01&sp=%2Ftriggers%2Fmanual%2Frun&sv=1.0&sig=55j9tHX1WsutSx6HqYyFcX80ICAhwCoE06KuGGetqb8",
					"method": "POST",
					"headers": {
						"Content-Type": "application/json"
					},
					"body": {
						"activity": "CopyINVC",
						"message": "@{activity('CopyINVC').error.message}",
						"dataFactoryName": "@{pipeline().DataFactory}",
						"pipelineName": "@{pipeline().Pipeline}",
						"FailureNotificationRecipient": "@pipeline().parameters.FailureNotificationRecipient"
					}
				}
			},
			{
				"name": "CopyINVC",
				"type": "Copy",
				"dependsOn": [],
				"policy": {
					"timeout": "7.00:00:00",
					"retry": 0,
					"retryIntervalInSeconds": 30,
					"secureOutput": false,
					"secureInput": false
				},
				"userProperties": [],
				"typeProperties": {
					"source": {
						"type": "SqlServerSource"
					},
					"sink": {
						"type": "SqlDWSink",
						"allowPolyBase": false,
						"writeBatchSize": 10000,
						"preCopyScript": "TRUNCATE TABLE mri.invc;"
					},
					"enableStaging": true,
					"stagingSettings": {
						"linkedServiceName": {
							"referenceName": "dataplatformstoragearea",
							"type": "LinkedServiceReference"
						}
					},
					"translator": {
						"type": "TabularTranslator",
						"columnMappings": {
							"VENDID": "VENDID",
							"INVOICE": "INVOICE",
							"EXPPED": "EXPPED",
							"INVCDATE": "INVCDATE",
							"DUEDATE": "DUEDATE",
							"INVCAMT": "INVCAMT",
							"PAIDAMT": "PAIDAMT",
							"SEPCHECK": "SEPCHECK",
							"PONUM": "PONUM",
							"LASTDATE": "LASTDATE",
							"SESSION": "SESSION",
							"USERID": "USERID",
							"PARTIALPRG": "PARTIALPRG",
							"ATAXAMT": "ATAXAMT",
							"INVCTOT": "INVCTOT",
							"STATUS": "STATUS",
							"AUTHDATE": "AUTHDATE",
							"AUTHLOC": "AUTHLOC",
							"AUTHID": "AUTHID",
							"ECURCODE": "ECURCODE",
							"PLANID": "PLANID",
							"SITEID": "SITEID",
							"PROTYPE": "PROTYPE",
							"PBEGDATE": "PBEGDATE",
							"PENDDATE": "PENDDATE",
							"INCLATAXAMT": "INCLATAXAMT",
							"JOBCOST": "JOBCOST",
							"CROSSSITE": "CROSSSITE",
							"ALLOCODE": "ALLOCODE",
							"VENDID2ND": "VENDID2ND",
							"DESCRPTN": "DESCRPTN",
							"OUTSIDEBUD": "OUTSIDEBUD",
							"TAXPTDATECALC": "TAXPTDATECALC",
							"EXPCTRLFLAG": "EXPCTRLFLAG",
							"APINVCTYPEID": "APINVCTYPEID",
							"OWNTBL": "OWNTBL",
							"OWNYEAR": "OWNYEAR",
							"OWNNUM": "OWNNUM",
							"CTRYTBL": "CTRYTBL",
							"CTRYYEAR": "CTRYYEAR",
							"CTRYNUM": "CTRYNUM",
							"M_SESSION": "M_SESSION",
							"ENTRYDT": "ENTRYDT",
							"ENTITYTBL": "ENTITYTBL",
							"ENTITYYEAR": "ENTITYYEAR",
							"ENTITYNUM": "ENTITYNUM",
							"MG_APSEQNUM": "MG_APSEQNUM",
							"APIMPORTNUM": "APIMPORTNUM",
							"PERIODDATE": "PERIODDATE",
							"ALTADDRID": "ALTADDRID",
							"INTERFACEID": "INTERFACEID",
							"INTFMARKER": "INTFMARKER",
							"WITHHOLDINGPERCENTID": "WITHHOLDINGPERCENTID",
							"SCANNEDCOPYURL": "SCANNEDCOPYURL",
							"UIC": "UIC",
							"CheckPrintingPriorityID": "CheckPrintingPriorityID",
							"REJECTNOTES": "REJECTNOTES"
						}
					}
				},
				"inputs": [
					{
						"referenceName": "MRIProductionINVC",
						"type": "DatasetReference"
					}
				],
				"outputs": [
					{
						"referenceName": "SQLDataWarehouse_mri_invc",
						"type": "DatasetReference"
					}
				]
			}
		],
		"parameters": {
			"FailureNotificationRecipient": {
				"type": "String",
				"defaultValue": "data.platform@mcarthurglen.com"
			}
		},
		"folder": {
			"name": "MRI"
		},
		"annotations": []
	},
	"type": "Microsoft.DataFactory/factories/pipelines"
}