{
	"name": "MRIINCH",
	"properties": {
		"activities": [
			{
				"name": "MRIINCH",
				"type": "Copy",
				"dependsOn": [
					{
						"activity": "stagingMRIINCH",
						"dependencyConditions": [
							"Succeeded"
						]
					}
				],
				"policy": {
					"timeout": "7.00:00:00",
					"retry": 0,
					"retryIntervalInSeconds": 30,
					"secureOutput": false,
					"secureInput": false
				},
				"userProperties": [],
				"typeProperties": {
					"source": {
						"type": "SqlDWSource"
					},
					"sink": {
						"type": "SqlDWSink",
						"allowPolyBase": true,
						"writeBatchSize": 100000,
						"preCopyScript": "TRUNCATE TABLE mri.INCH;",
						"polyBaseSettings": {
							"rejectValue": 0,
							"rejectType": "value",
							"useTypeDefault": false
						},
						"disableMetricsCollection": false
					},
					"enableStaging": true,
					"stagingSettings": {
						"linkedServiceName": {
							"referenceName": "dataplatformstoragearea",
							"type": "LinkedServiceReference"
						},
						"enableCompression": true
					},
					"translator": {
						"type": "TabularTranslator",
						"columnMappings": {
							"INCCAT": "INCCAT",
							"DESCRPTN": "DESCRPTN",
							"PRIORITY": "PRIORITY",
							"CATGUSAGE": "CATGUSAGE",
							"BILLFREQ": "BILLFREQ",
							"BEGMONTH": "BEGMONTH",
							"LASTDATE": "LASTDATE",
							"USERID": "USERID",
							"LATEFEE": "LATEFEE",
							"RPTTYPE": "RPTTYPE",
							"FASB13": "FASB13",
							"BUDGUSAGE": "BUDGUSAGE",
							"RTAXGRPID": "RTAXGRPID",
							"OWNERTAX": "OWNERTAX",
							"WTAXID": "WTAXID",
							"SUSPENSE": "SUSPENSE",
							"SUSINCCAT": "SUSINCCAT",
							"MCASHTYPE": "MCASHTYPE",
							"JC_COSTLIST": "JC_COSTLIST",
							"JC_COSTCODE": "JC_COSTCODE",
							"CATEGORY": "CATEGORY",
							"FTAXEXCLUDE": "FTAXEXCLUDE",
							"CNTYCODE": "CNTYCODE",
							"MGUKCODE": "MGUKCODE",
							"AUT_DESCRPN": "AUT_DESCRPN",
							"AUTOEXCEPTION": "AUTOEXCEPTION",
							"ADMINRECHARGE": "ADMINRECHARGE",
							"MGRPT": "MGRPT",
							"SITEID": "SITEID"
						}
					}
				},
				"inputs": [
					{
						"referenceName": "SQLDataWarehouse_staging_mri_inch",
						"type": "DatasetReference"
					}
				],
				"outputs": [
					{
						"referenceName": "SQLDataWarehouse_mri_inch",
						"type": "DatasetReference"
					}
				]
			},
			{
				"name": "MRIINCHFailure",
				"type": "WebActivity",
				"dependsOn": [
					{
						"activity": "MRIINCH",
						"dependencyConditions": [
							"Failed"
						]
					}
				],
				"policy": {
					"timeout": "7.00:00:00",
					"retry": 0,
					"retryIntervalInSeconds": 30,
					"secureOutput": false,
					"secureInput": false
				},
				"userProperties": [],
				"typeProperties": {
					"url": "https://prod-17.northeurope.logic.azure.com:443/workflows/b5b00e5596e94affb317290e4964e4a4/triggers/manual/paths/invoke?api-version=2016-10-01&sp=%2Ftriggers%2Fmanual%2Frun&sv=1.0&sig=55j9tHX1WsutSx6HqYyFcX80ICAhwCoE06KuGGetqb8",
					"method": "POST",
					"headers": {
						"Content-Type": "application/json"
					},
					"body": {
						"activity": "MRIINCH",
						"message": "@{activity('MRIINCH').error.message}",
						"dataFactoryName": "@{pipeline().DataFactory}",
						"pipelineName": "@{pipeline().Pipeline}",
						"FailureNotificationRecipient": "@pipeline().parameters.FailureNotificationRecipient"
					}
				}
			},
			{
				"name": "stagingMRIINCH",
				"type": "Copy",
				"dependsOn": [],
				"policy": {
					"timeout": "7.00:00:00",
					"retry": 0,
					"retryIntervalInSeconds": 30,
					"secureOutput": false,
					"secureInput": false
				},
				"userProperties": [],
				"typeProperties": {
					"source": {
						"type": "SqlServerSource"
					},
					"sink": {
						"type": "SqlDWSink",
						"allowPolyBase": true,
						"writeBatchSize": 100000,
						"preCopyScript": "TRUNCATE TABLE staging.mri_INCH;",
						"polyBaseSettings": {
							"rejectValue": 0,
							"rejectType": "value",
							"useTypeDefault": false
						},
						"disableMetricsCollection": false
					},
					"enableStaging": true,
					"stagingSettings": {
						"linkedServiceName": {
							"referenceName": "dataplatformstoragearea",
							"type": "LinkedServiceReference"
						},
						"enableCompression": true
					},
					"translator": {
						"type": "TabularTranslator",
						"columnMappings": {
							"INCCAT": "INCCAT",
							"DESCRPTN": "DESCRPTN",
							"PRIORITY": "PRIORITY",
							"CATGUSAGE": "CATGUSAGE",
							"BILLFREQ": "BILLFREQ",
							"BEGMONTH": "BEGMONTH",
							"LASTDATE": "LASTDATE",
							"USERID": "USERID",
							"LATEFEE": "LATEFEE",
							"RPTTYPE": "RPTTYPE",
							"FASB13": "FASB13",
							"BUDGUSAGE": "BUDGUSAGE",
							"RTAXGRPID": "RTAXGRPID",
							"OWNERTAX": "OWNERTAX",
							"WTAXID": "WTAXID",
							"SUSPENSE": "SUSPENSE",
							"SUSINCCAT": "SUSINCCAT",
							"MCASHTYPE": "MCASHTYPE",
							"JC_COSTLIST": "JC_COSTLIST",
							"JC_COSTCODE": "JC_COSTCODE",
							"CATEGORY": "CATEGORY",
							"FTAXEXCLUDE": "FTAXEXCLUDE",
							"CNTYCODE": "CNTYCODE",
							"MGUKCODE": "MGUKCODE",
							"AUT_DESCRPN": "AUT_DESCRPN",
							"AUTOEXCEPTION": "AUTOEXCEPTION",
							"ADMINRECHARGE": "ADMINRECHARGE",
							"MGRPT": "MGRPT",
							"SITEID": "SITEID"
						}
					}
				},
				"inputs": [
					{
						"referenceName": "MRIReplicaINCH",
						"type": "DatasetReference"
					}
				],
				"outputs": [
					{
						"referenceName": "SQLDataWarehouse_staging_mri_inch",
						"type": "DatasetReference"
					}
				]
			},
			{
				"name": "stagingMRIINCHFailure",
				"type": "WebActivity",
				"dependsOn": [
					{
						"activity": "stagingMRIINCH",
						"dependencyConditions": [
							"Failed"
						]
					}
				],
				"policy": {
					"timeout": "7.00:00:00",
					"retry": 0,
					"retryIntervalInSeconds": 30,
					"secureOutput": false,
					"secureInput": false
				},
				"userProperties": [],
				"typeProperties": {
					"url": "https://prod-17.northeurope.logic.azure.com:443/workflows/b5b00e5596e94affb317290e4964e4a4/triggers/manual/paths/invoke?api-version=2016-10-01&sp=%2Ftriggers%2Fmanual%2Frun&sv=1.0&sig=55j9tHX1WsutSx6HqYyFcX80ICAhwCoE06KuGGetqb8",
					"method": "POST",
					"headers": {
						"Content-Type": "application/json"
					},
					"body": {
						"activity": "stagingMRIINCH",
						"message": "@{activity('stagingMRIINCH').error.message}",
						"dataFactoryName": "@{pipeline().DataFactory}",
						"pipelineName": "@{pipeline().Pipeline}",
						"FailureNotificationRecipient": "@pipeline().parameters.FailureNotificationRecipient"
					}
				}
			}
		],
		"parameters": {
			"FailureNotificationRecipient": {
				"type": "string",
				"defaultValue": "data.platform@mcarthurglen.com"
			}
		},
		"folder": {
			"name": "MRI"
		},
		"annotations": []
	},
	"type": "Microsoft.DataFactory/factories/pipelines"
}