{
	"name": "MRIINVC_Incremental",
	"properties": {
		"activities": [
			{
				"name": "CopyINVCInserts",
				"type": "Copy",
				"dependsOn": [],
				"policy": {
					"timeout": "7.00:00:00",
					"retry": 0,
					"retryIntervalInSeconds": 30,
					"secureOutput": false,
					"secureInput": false
				},
				"userProperties": [],
				"typeProperties": {
					"source": {
						"type": "SqlServerSource",
						"sqlReaderQuery": "WITH change_table AS (\nSELECT DISTINCT VENDID, INVOICE, EXPPED\nFROM CHANGETABLE(CHANGES INVC,1) AS change_table\nWHERE SYS_CHANGE_OPERATION = 'I'\n)\nSELECT INVC.*\nFROM INVC\nJOIN change_table ct ON ct.VENDID = INVC.VENDID AND ct.INVOICE = INVC.INVOICE AND ct.EXPPED = INVC.EXPPED"
					},
					"sink": {
						"type": "SqlDWSink",
						"allowPolyBase": true,
						"writeBatchSize": 10000,
						"preCopyScript": "TRUNCATE TABLE staging.mri_invc;",
						"polyBaseSettings": {
							"rejectValue": 0,
							"rejectType": "value",
							"useTypeDefault": false
						}
					},
					"enableStaging": true,
					"stagingSettings": {
						"linkedServiceName": {
							"referenceName": "dataplatformstoragearea",
							"type": "LinkedServiceReference"
						},
						"enableCompression": true
					}
				},
				"inputs": [
					{
						"referenceName": "MRIReplicaINVC",
						"type": "DatasetReference"
					}
				],
				"outputs": [
					{
						"referenceName": "SQLDataWarehouse_staging_mri_invc",
						"type": "DatasetReference"
					}
				]
			},
			{
				"name": "sp_insert_mri_invc",
				"type": "SqlServerStoredProcedure",
				"dependsOn": [
					{
						"activity": "CopyINVCInserts",
						"dependencyConditions": [
							"Succeeded"
						]
					}
				],
				"policy": {
					"timeout": "7.00:00:00",
					"retry": 0,
					"retryIntervalInSeconds": 30,
					"secureOutput": false,
					"secureInput": false
				},
				"userProperties": [],
				"typeProperties": {
					"storedProcedureName": "[dbo].[sp_insert_mri_invc]"
				},
				"linkedServiceName": {
					"referenceName": "SQLDataWarehouse",
					"type": "LinkedServiceReference"
				}
			},
			{
				"name": "CopyINVCUpdates",
				"type": "Copy",
				"dependsOn": [
					{
						"activity": "sp_insert_mri_invc",
						"dependencyConditions": [
							"Succeeded"
						]
					}
				],
				"policy": {
					"timeout": "7.00:00:00",
					"retry": 0,
					"retryIntervalInSeconds": 30,
					"secureOutput": false,
					"secureInput": false
				},
				"userProperties": [],
				"typeProperties": {
					"source": {
						"type": "SqlServerSource",
						"sqlReaderQuery": "WITH change_table AS (\nSELECT DISTINCT VENDID, INVOICE, EXPPED\nFROM CHANGETABLE(CHANGES INVC,1) AS change_table\nWHERE SYS_CHANGE_OPERATION = 'U'\n)\nSELECT INVC.*\nFROM INVC\nJOIN change_table ct ON ct.VENDID = INVC.VENDID AND ct.INVOICE = INVC.INVOICE AND ct.EXPPED = INVC.EXPPED;"
					},
					"sink": {
						"type": "SqlDWSink",
						"allowPolyBase": true,
						"writeBatchSize": 10000,
						"preCopyScript": "TRUNCATE TABLE staging.mri_invc;",
						"polyBaseSettings": {
							"rejectValue": 0,
							"rejectType": "value",
							"useTypeDefault": false
						}
					},
					"enableStaging": true,
					"stagingSettings": {
						"linkedServiceName": {
							"referenceName": "dataplatformstoragearea",
							"type": "LinkedServiceReference"
						},
						"enableCompression": true
					}
				},
				"inputs": [
					{
						"referenceName": "MRIReplicaINVC",
						"type": "DatasetReference"
					}
				],
				"outputs": [
					{
						"referenceName": "SQLDataWarehouse_staging_mri_invc",
						"type": "DatasetReference"
					}
				]
			},
			{
				"name": "sp_update_mri_invc",
				"type": "SqlServerStoredProcedure",
				"dependsOn": [
					{
						"activity": "CopyINVCUpdates",
						"dependencyConditions": [
							"Succeeded"
						]
					}
				],
				"policy": {
					"timeout": "7.00:00:00",
					"retry": 0,
					"retryIntervalInSeconds": 30,
					"secureOutput": false,
					"secureInput": false
				},
				"userProperties": [],
				"typeProperties": {
					"storedProcedureName": "[dbo].[sp_update_mri_invc]"
				},
				"linkedServiceName": {
					"referenceName": "SQLDataWarehouse",
					"type": "LinkedServiceReference"
				}
			},
			{
				"name": "CopyINVCDeletions",
				"type": "Copy",
				"dependsOn": [
					{
						"activity": "sp_update_mri_invc",
						"dependencyConditions": [
							"Succeeded"
						]
					}
				],
				"policy": {
					"timeout": "7.00:00:00",
					"retry": 0,
					"retryIntervalInSeconds": 30,
					"secureOutput": false,
					"secureInput": false
				},
				"userProperties": [],
				"typeProperties": {
					"source": {
						"type": "SqlServerSource",
						"sqlReaderQuery": "SELECT DISTINCT VENDID, INVOICE, EXPPED\nFROM CHANGETABLE(CHANGES INVC,1) AS change_table\nWHERE SYS_CHANGE_OPERATION = 'D';"
					},
					"sink": {
						"type": "SqlDWSink",
						"allowPolyBase": true,
						"writeBatchSize": 10000,
						"preCopyScript": "TRUNCATE TABLE staging.mri_invc_deletion;",
						"polyBaseSettings": {
							"rejectValue": 0,
							"rejectType": "value",
							"useTypeDefault": false
						}
					},
					"enableStaging": true,
					"stagingSettings": {
						"linkedServiceName": {
							"referenceName": "dataplatformstoragearea",
							"type": "LinkedServiceReference"
						},
						"enableCompression": true
					}
				},
				"inputs": [
					{
						"referenceName": "MRIReplicaINVC",
						"type": "DatasetReference"
					}
				],
				"outputs": [
					{
						"referenceName": "SQLDataWarehouse_staging_mri_invc_deletion",
						"type": "DatasetReference"
					}
				]
			},
			{
				"name": "sp_update_mri_invc_deletion",
				"type": "SqlServerStoredProcedure",
				"dependsOn": [
					{
						"activity": "CopyINVCDeletions",
						"dependencyConditions": [
							"Succeeded"
						]
					}
				],
				"policy": {
					"timeout": "7.00:00:00",
					"retry": 0,
					"retryIntervalInSeconds": 30,
					"secureOutput": false,
					"secureInput": false
				},
				"userProperties": [],
				"typeProperties": {
					"storedProcedureName": "[dbo].[sp_update_mri_invc_deletion]"
				},
				"linkedServiceName": {
					"referenceName": "SQLDataWarehouse",
					"type": "LinkedServiceReference"
				}
			},
			{
				"name": "CopyINVCInsertsFailure",
				"type": "WebActivity",
				"dependsOn": [
					{
						"activity": "CopyINVCInserts",
						"dependencyConditions": [
							"Failed"
						]
					}
				],
				"policy": {
					"timeout": "7.00:00:00",
					"retry": 0,
					"retryIntervalInSeconds": 30,
					"secureOutput": false,
					"secureInput": false
				},
				"userProperties": [],
				"typeProperties": {
					"url": "https://prod-17.northeurope.logic.azure.com:443/workflows/b5b00e5596e94affb317290e4964e4a4/triggers/manual/paths/invoke?api-version=2016-10-01&sp=%2Ftriggers%2Fmanual%2Frun&sv=1.0&sig=55j9tHX1WsutSx6HqYyFcX80ICAhwCoE06KuGGetqb8",
					"method": "POST",
					"headers": {
						"Content-Type": "application/json"
					},
					"body": {
						"activity": "CopyINVCInserts",
						"message": "@{activity('CopyINVCInserts').error.message}",
						"dataFactoryName": "@{pipeline().DataFactory}",
						"pipelineName": "@{pipeline().Pipeline}",
						"FailureNotificationRecipient": "@pipeline().parameters.FailureNotificationRecipient"
					}
				}
			},
			{
				"name": "sp_insert_mri_invcFailure",
				"type": "WebActivity",
				"dependsOn": [
					{
						"activity": "sp_insert_mri_invc",
						"dependencyConditions": [
							"Failed"
						]
					}
				],
				"policy": {
					"timeout": "7.00:00:00",
					"retry": 0,
					"retryIntervalInSeconds": 30,
					"secureOutput": false,
					"secureInput": false
				},
				"userProperties": [],
				"typeProperties": {
					"url": "https://prod-17.northeurope.logic.azure.com:443/workflows/b5b00e5596e94affb317290e4964e4a4/triggers/manual/paths/invoke?api-version=2016-10-01&sp=%2Ftriggers%2Fmanual%2Frun&sv=1.0&sig=55j9tHX1WsutSx6HqYyFcX80ICAhwCoE06KuGGetqb8",
					"method": "POST",
					"headers": {
						"Content-Type": "application/json"
					},
					"body": {
						"activity": "sp_insert_mri_invc",
						"message": "@{activity('sp_insert_mri_invc').error.message}",
						"dataFactoryName": "@{pipeline().DataFactory}",
						"pipelineName": "@{pipeline().Pipeline}",
						"FailureNotificationRecipient": "@pipeline().parameters.FailureNotificationRecipient"
					}
				}
			},
			{
				"name": "CopyINVCUpdatesFailure",
				"type": "WebActivity",
				"dependsOn": [
					{
						"activity": "CopyINVCUpdates",
						"dependencyConditions": [
							"Failed"
						]
					}
				],
				"policy": {
					"timeout": "7.00:00:00",
					"retry": 0,
					"retryIntervalInSeconds": 30,
					"secureOutput": false,
					"secureInput": false
				},
				"userProperties": [],
				"typeProperties": {
					"url": "https://prod-17.northeurope.logic.azure.com:443/workflows/b5b00e5596e94affb317290e4964e4a4/triggers/manual/paths/invoke?api-version=2016-10-01&sp=%2Ftriggers%2Fmanual%2Frun&sv=1.0&sig=55j9tHX1WsutSx6HqYyFcX80ICAhwCoE06KuGGetqb8",
					"method": "POST",
					"headers": {
						"Content-Type": "application/json"
					},
					"body": {
						"activity": "CopyINVCUpdates",
						"message": "@{activity('CopyINVCUpdates').error.message}",
						"dataFactoryName": "@{pipeline().DataFactory}",
						"pipelineName": "@{pipeline().Pipeline}",
						"FailureNotificationRecipient": "@pipeline().parameters.FailureNotificationRecipient"
					}
				}
			},
			{
				"name": "sp_update_mri_invcFailure",
				"type": "WebActivity",
				"dependsOn": [
					{
						"activity": "sp_update_mri_invc",
						"dependencyConditions": [
							"Failed"
						]
					}
				],
				"policy": {
					"timeout": "7.00:00:00",
					"retry": 0,
					"retryIntervalInSeconds": 30,
					"secureOutput": false,
					"secureInput": false
				},
				"userProperties": [],
				"typeProperties": {
					"url": "https://prod-17.northeurope.logic.azure.com:443/workflows/b5b00e5596e94affb317290e4964e4a4/triggers/manual/paths/invoke?api-version=2016-10-01&sp=%2Ftriggers%2Fmanual%2Frun&sv=1.0&sig=55j9tHX1WsutSx6HqYyFcX80ICAhwCoE06KuGGetqb8",
					"method": "POST",
					"headers": {
						"Content-Type": "application/json"
					},
					"body": {
						"activity": "sp_update_mri_invc",
						"message": "@{activity('sp_update_mri_invc').error.message}",
						"dataFactoryName": "@{pipeline().DataFactory}",
						"pipelineName": "@{pipeline().Pipeline}",
						"FailureNotificationRecipient": "@pipeline().parameters.FailureNotificationRecipient"
					}
				}
			},
			{
				"name": "CopyINVCDeletionsFailure",
				"type": "WebActivity",
				"dependsOn": [
					{
						"activity": "CopyINVCDeletions",
						"dependencyConditions": [
							"Failed"
						]
					}
				],
				"policy": {
					"timeout": "7.00:00:00",
					"retry": 0,
					"retryIntervalInSeconds": 30,
					"secureOutput": false,
					"secureInput": false
				},
				"userProperties": [],
				"typeProperties": {
					"url": "https://prod-17.northeurope.logic.azure.com:443/workflows/b5b00e5596e94affb317290e4964e4a4/triggers/manual/paths/invoke?api-version=2016-10-01&sp=%2Ftriggers%2Fmanual%2Frun&sv=1.0&sig=55j9tHX1WsutSx6HqYyFcX80ICAhwCoE06KuGGetqb8",
					"method": "POST",
					"headers": {
						"Content-Type": "application/json"
					},
					"body": {
						"activity": "CopyINVCDeletions",
						"message": "@{activity('CopyINVCDeletions').error.message}",
						"dataFactoryName": "@{pipeline().DataFactory}",
						"pipelineName": "@{pipeline().Pipeline}",
						"FailureNotificationRecipient": "@pipeline().parameters.FailureNotificationRecipient"
					}
				}
			},
			{
				"name": "sp_update_mri_invc_deletionFailure",
				"type": "WebActivity",
				"dependsOn": [
					{
						"activity": "sp_update_mri_invc_deletion",
						"dependencyConditions": [
							"Failed"
						]
					}
				],
				"policy": {
					"timeout": "7.00:00:00",
					"retry": 0,
					"retryIntervalInSeconds": 30,
					"secureOutput": false,
					"secureInput": false
				},
				"userProperties": [],
				"typeProperties": {
					"url": "https://prod-17.northeurope.logic.azure.com:443/workflows/b5b00e5596e94affb317290e4964e4a4/triggers/manual/paths/invoke?api-version=2016-10-01&sp=%2Ftriggers%2Fmanual%2Frun&sv=1.0&sig=55j9tHX1WsutSx6HqYyFcX80ICAhwCoE06KuGGetqb8",
					"method": "POST",
					"headers": {
						"Content-Type": "application/json"
					},
					"body": {
						"activity": "sp_update_mri_invc_deletion",
						"message": "@{activity('sp_update_mri_invc_deletion').error.message}",
						"dataFactoryName": "@{pipeline().DataFactory}",
						"pipelineName": "@{pipeline().Pipeline}",
						"FailureNotificationRecipient": "@pipeline().parameters.FailureNotificationRecipient"
					}
				}
			}
		],
		"parameters": {
			"FailureNotificationRecipient": {
				"type": "String",
				"defaultValue": "data.platform@mcarthurglen.com"
			}
		},
		"folder": {
			"name": "MRI"
		},
		"annotations": []
	},
	"type": "Microsoft.DataFactory/factories/pipelines"
}