{
	"name": "MRIJOURNAL",
	"properties": {
		"activities": [
			{
				"name": "MRIJOURNAL",
				"type": "Copy",
				"dependsOn": [
					{
						"activity": "stagingMRIJOURNAL",
						"dependencyConditions": [
							"Succeeded"
						]
					}
				],
				"policy": {
					"timeout": "7.00:00:00",
					"retry": 0,
					"retryIntervalInSeconds": 30,
					"secureOutput": false,
					"secureInput": false
				},
				"userProperties": [],
				"typeProperties": {
					"source": {
						"type": "SqlDWSource"
					},
					"sink": {
						"type": "SqlDWSink",
						"allowPolyBase": true,
						"writeBatchSize": 100000,
						"preCopyScript": "TRUNCATE TABLE mri.JOURNAL;",
						"polyBaseSettings": {
							"rejectValue": 0,
							"rejectType": "value",
							"useTypeDefault": false
						},
						"disableMetricsCollection": false
					},
					"enableStaging": true,
					"stagingSettings": {
						"linkedServiceName": {
							"referenceName": "dataplatformstoragearea",
							"type": "LinkedServiceReference"
						},
						"enableCompression": true
					},
					"translator": {
						"type": "TabularTranslator",
						"columnMappings": {
							"PERIOD": "PERIOD",
							"REF": "REF",
							"SOURCE": "SOURCE",
							"SITEID": "SITEID",
							"ITEM": "ITEM",
							"ENTITYID": "ENTITYID",
							"ACCTNUM": "ACCTNUM",
							"DEPARTMENT": "DEPARTMENT",
							"JOBCODE": "JOBCODE",
							"AMT": "AMT",
							"DESCRPN": "DESCRPN",
							"ENTRDATE": "ENTRDATE",
							"REVERSAL": "REVERSAL",
							"STATUS": "STATUS",
							"OEXCHGREF": "OEXCHGREF",
							"BASIS": "BASIS",
							"LASTDATE": "LASTDATE",
							"USERID": "USERID",
							"OCURRCODE": "OCURRCODE",
							"OAMT": "OAMT",
							"REVREF": "REVREF",
							"INTENTENTRY": "INTENTENTRY",
							"INTENTTYPE": "INTENTTYPE",
							"CJEGRPID": "CJEGRPID",
							"CJEID": "CJEID",
							"DESTITEM": "DESTITEM",
							"AUDITFLAG": "AUDITFLAG",
							"REVENTRY": "REVENTRY",
							"REVPRD": "REVPRD",
							"REVITEM": "REVITEM",
							"OWNERTAX": "OWNERTAX",
							"OWNPCTCALC": "OWNPCTCALC",
							"JC_PHASECODE": "JC_PHASECODE",
							"JC_COSTLIST": "JC_COSTLIST",
							"JC_COSTCODE": "JC_COSTCODE",
							"CATEGORY": "CATEGORY",
							"OWNTBL": "OWNTBL",
							"OWNYEAR": "OWNYEAR",
							"OWNNUM": "OWNNUM",
							"CTRYTBL": "CTRYTBL",
							"CTRYYEAR": "CTRYYEAR",
							"CTRYNUM": "CTRYNUM",
							"BANKRECID": "BANKRECID",
							"BRSTATUS": "BRSTATUS",
							"STATFLAG": "STATFLAG",
							"ENTITYTBL": "ENTITYTBL",
							"ENTITYYEAR": "ENTITYYEAR",
							"ENTITYNUM": "ENTITYNUM",
							"INTERFACEID": "INTERFACEID",
							"INTFMARKER": "INTFMARKER",
							"LOANSTAT": "LOANSTAT",
							"GLNUM_IT": "GLNUM_IT",
							"ADMINRECHRG": "ADMINRECHRG",
							"GLSEQNUM": "GLSEQNUM",
							"ADDLDESC": "ADDLDESC",
							"USER_DEFINED_ID1": "USER_DEFINED_ID1",
							"USER_DEFINED_VAL1": "USER_DEFINED_VAL1",
							"USER_DEFINED_ID2": "USER_DEFINED_ID2",
							"USER_DEFINED_VAL2": "USER_DEFINED_VAL2",
							"USER_DEFINED_ID3": "USER_DEFINED_ID3",
							"USER_DEFINED_VAL3": "USER_DEFINED_VAL3",
							"USER_DEFINED_ID4": "USER_DEFINED_ID4",
							"USER_DEFINED_VAL4": "USER_DEFINED_VAL4",
							"USER_DEFINED_ID5": "USER_DEFINED_ID5",
							"USER_DEFINED_VAL5": "USER_DEFINED_VAL5",
							"USER_DEFINED_ID6": "USER_DEFINED_ID6",
							"USER_DEFINED_VAL6": "USER_DEFINED_VAL6",
							"USER_DEFINED_ID7": "USER_DEFINED_ID7",
							"USER_DEFINED_VAL7": "USER_DEFINED_VAL7",
							"USER_DEFINED_ID8": "USER_DEFINED_ID8",
							"USER_DEFINED_VAL8": "USER_DEFINED_VAL8",
							"USER_DEFINED_ID9": "USER_DEFINED_ID9",
							"USER_DEFINED_VAL9": "USER_DEFINED_VAL9",
							"USER_DEFINED_ID10": "USER_DEFINED_ID10",
							"USER_DEFINED_VAL10": "USER_DEFINED_VAL10",
							"ASSETCLASS": "ASSETCLASS",
							"ASSETCODE": "ASSETCODE",
							"ASSETSTATUS": "ASSETSTATUS"
						}
					}
				},
				"inputs": [
					{
						"referenceName": "SQLDataWarehouse_staging_mri_journal",
						"type": "DatasetReference"
					}
				],
				"outputs": [
					{
						"referenceName": "SQLDataWarehouse_mri_journal",
						"type": "DatasetReference"
					}
				]
			},
			{
				"name": "MRIJOURNALFailure",
				"type": "WebActivity",
				"dependsOn": [
					{
						"activity": "MRIJOURNAL",
						"dependencyConditions": [
							"Failed"
						]
					}
				],
				"policy": {
					"timeout": "7.00:00:00",
					"retry": 0,
					"retryIntervalInSeconds": 30,
					"secureOutput": false,
					"secureInput": false
				},
				"userProperties": [],
				"typeProperties": {
					"url": "https://prod-17.northeurope.logic.azure.com:443/workflows/b5b00e5596e94affb317290e4964e4a4/triggers/manual/paths/invoke?api-version=2016-10-01&sp=%2Ftriggers%2Fmanual%2Frun&sv=1.0&sig=55j9tHX1WsutSx6HqYyFcX80ICAhwCoE06KuGGetqb8",
					"method": "POST",
					"headers": {
						"Content-Type": "application/json"
					},
					"body": {
						"activity": "MRIJOURNAL",
						"message": "@{activity('MRIJOURNAL').error.message}",
						"dataFactoryName": "@{pipeline().DataFactory}",
						"pipelineName": "@{pipeline().Pipeline}",
						"FailureNotificationRecipient": "@pipeline().parameters.FailureNotificationRecipient"
					}
				}
			},
			{
				"name": "stagingMRIJOURNAL",
				"type": "Copy",
				"dependsOn": [],
				"policy": {
					"timeout": "7.00:00:00",
					"retry": 0,
					"retryIntervalInSeconds": 30,
					"secureOutput": false,
					"secureInput": false
				},
				"userProperties": [],
				"typeProperties": {
					"source": {
						"type": "SqlServerSource"
					},
					"sink": {
						"type": "SqlDWSink",
						"allowPolyBase": true,
						"writeBatchSize": 100000,
						"preCopyScript": "TRUNCATE TABLE staging.mri_JOURNAL;",
						"polyBaseSettings": {
							"rejectValue": 0,
							"rejectType": "value",
							"useTypeDefault": false
						},
						"disableMetricsCollection": false
					},
					"enableStaging": true,
					"stagingSettings": {
						"linkedServiceName": {
							"referenceName": "dataplatformstoragearea",
							"type": "LinkedServiceReference"
						},
						"enableCompression": true
					},
					"translator": {
						"type": "TabularTranslator",
						"columnMappings": {
							"PERIOD": "PERIOD",
							"REF": "REF",
							"SOURCE": "SOURCE",
							"SITEID": "SITEID",
							"ITEM": "ITEM",
							"ENTITYID": "ENTITYID",
							"ACCTNUM": "ACCTNUM",
							"DEPARTMENT": "DEPARTMENT",
							"JOBCODE": "JOBCODE",
							"AMT": "AMT",
							"DESCRPN": "DESCRPN",
							"ENTRDATE": "ENTRDATE",
							"REVERSAL": "REVERSAL",
							"STATUS": "STATUS",
							"OEXCHGREF": "OEXCHGREF",
							"BASIS": "BASIS",
							"LASTDATE": "LASTDATE",
							"USERID": "USERID",
							"OCURRCODE": "OCURRCODE",
							"OAMT": "OAMT",
							"REVREF": "REVREF",
							"INTENTENTRY": "INTENTENTRY",
							"INTENTTYPE": "INTENTTYPE",
							"CJEGRPID": "CJEGRPID",
							"CJEID": "CJEID",
							"DESTITEM": "DESTITEM",
							"AUDITFLAG": "AUDITFLAG",
							"REVENTRY": "REVENTRY",
							"REVPRD": "REVPRD",
							"REVITEM": "REVITEM",
							"OWNERTAX": "OWNERTAX",
							"OWNPCTCALC": "OWNPCTCALC",
							"JC_PHASECODE": "JC_PHASECODE",
							"JC_COSTLIST": "JC_COSTLIST",
							"JC_COSTCODE": "JC_COSTCODE",
							"CATEGORY": "CATEGORY",
							"OWNTBL": "OWNTBL",
							"OWNYEAR": "OWNYEAR",
							"OWNNUM": "OWNNUM",
							"CTRYTBL": "CTRYTBL",
							"CTRYYEAR": "CTRYYEAR",
							"CTRYNUM": "CTRYNUM",
							"BANKRECID": "BANKRECID",
							"BRSTATUS": "BRSTATUS",
							"STATFLAG": "STATFLAG",
							"ENTITYTBL": "ENTITYTBL",
							"ENTITYYEAR": "ENTITYYEAR",
							"ENTITYNUM": "ENTITYNUM",
							"INTERFACEID": "INTERFACEID",
							"INTFMARKER": "INTFMARKER",
							"LOANSTAT": "LOANSTAT",
							"GLNUM_IT": "GLNUM_IT",
							"ADMINRECHRG": "ADMINRECHRG",
							"GLSEQNUM": "GLSEQNUM",
							"ADDLDESC": "ADDLDESC",
							"USER_DEFINED_ID1": "USER_DEFINED_ID1",
							"USER_DEFINED_VAL1": "USER_DEFINED_VAL1",
							"USER_DEFINED_ID2": "USER_DEFINED_ID2",
							"USER_DEFINED_VAL2": "USER_DEFINED_VAL2",
							"USER_DEFINED_ID3": "USER_DEFINED_ID3",
							"USER_DEFINED_VAL3": "USER_DEFINED_VAL3",
							"USER_DEFINED_ID4": "USER_DEFINED_ID4",
							"USER_DEFINED_VAL4": "USER_DEFINED_VAL4",
							"USER_DEFINED_ID5": "USER_DEFINED_ID5",
							"USER_DEFINED_VAL5": "USER_DEFINED_VAL5",
							"USER_DEFINED_ID6": "USER_DEFINED_ID6",
							"USER_DEFINED_VAL6": "USER_DEFINED_VAL6",
							"USER_DEFINED_ID7": "USER_DEFINED_ID7",
							"USER_DEFINED_VAL7": "USER_DEFINED_VAL7",
							"USER_DEFINED_ID8": "USER_DEFINED_ID8",
							"USER_DEFINED_VAL8": "USER_DEFINED_VAL8",
							"USER_DEFINED_ID9": "USER_DEFINED_ID9",
							"USER_DEFINED_VAL9": "USER_DEFINED_VAL9",
							"USER_DEFINED_ID10": "USER_DEFINED_ID10",
							"USER_DEFINED_VAL10": "USER_DEFINED_VAL10",
							"ASSETCLASS": "ASSETCLASS",
							"ASSETCODE": "ASSETCODE",
							"ASSETSTATUS": "ASSETSTATUS"
						}
					}
				},
				"inputs": [
					{
						"referenceName": "MRIReplicaJOURNAL",
						"type": "DatasetReference"
					}
				],
				"outputs": [
					{
						"referenceName": "SQLDataWarehouse_staging_mri_journal",
						"type": "DatasetReference"
					}
				]
			},
			{
				"name": "stagingMRIJOURNALFailure",
				"type": "WebActivity",
				"dependsOn": [
					{
						"activity": "stagingMRIJOURNAL",
						"dependencyConditions": [
							"Failed"
						]
					}
				],
				"policy": {
					"timeout": "7.00:00:00",
					"retry": 0,
					"retryIntervalInSeconds": 30,
					"secureOutput": false,
					"secureInput": false
				},
				"userProperties": [],
				"typeProperties": {
					"url": "https://prod-17.northeurope.logic.azure.com:443/workflows/b5b00e5596e94affb317290e4964e4a4/triggers/manual/paths/invoke?api-version=2016-10-01&sp=%2Ftriggers%2Fmanual%2Frun&sv=1.0&sig=55j9tHX1WsutSx6HqYyFcX80ICAhwCoE06KuGGetqb8",
					"method": "POST",
					"headers": {
						"Content-Type": "application/json"
					},
					"body": {
						"activity": "stagingMRIJOURNAL",
						"message": "@{activity('stagingMRIJOURNAL').error.message}",
						"dataFactoryName": "@{pipeline().DataFactory}",
						"pipelineName": "@{pipeline().Pipeline}",
						"FailureNotificationRecipient": "@pipeline().parameters.FailureNotificationRecipient"
					}
				}
			}
		],
		"parameters": {
			"FailureNotificationRecipient": {
				"type": "string",
				"defaultValue": "data.platform@mcarthurglen.com"
			}
		},
		"folder": {
			"name": "MRI"
		},
		"annotations": []
	},
	"type": "Microsoft.DataFactory/factories/pipelines"
}