{
	"name": "MRILEAS",
	"properties": {
		"activities": [
			{
				"name": "MRILEAS",
				"type": "Copy",
				"dependsOn": [
					{
						"activity": "stagingMRILEAS",
						"dependencyConditions": [
							"Succeeded"
						]
					}
				],
				"policy": {
					"timeout": "7.00:00:00",
					"retry": 1,
					"retryIntervalInSeconds": 60,
					"secureOutput": false,
					"secureInput": false
				},
				"userProperties": [],
				"typeProperties": {
					"source": {
						"type": "SqlDWSource"
					},
					"sink": {
						"type": "SqlDWSink",
						"allowPolyBase": true,
						"writeBatchSize": 100000,
						"preCopyScript": "TRUNCATE TABLE mri.LEAS;",
						"polyBaseSettings": {
							"rejectValue": 0,
							"rejectType": "value",
							"useTypeDefault": false
						},
						"disableMetricsCollection": false
					},
					"enableStaging": true,
					"stagingSettings": {
						"linkedServiceName": {
							"referenceName": "dataplatformstoragearea",
							"type": "LinkedServiceReference"
						},
						"enableCompression": true
					},
					"translator": {
						"type": "TabularTranslator",
						"columnMappings": {
							"BLDGID": "BLDGID",
							"LEASID": "LEASID",
							"SUITID": "SUITID",
							"OCCPNAME": "OCCPNAME",
							"DBA": "DBA",
							"CONTNAME": "CONTNAME",
							"PHONENO1": "PHONENO1",
							"PHONENO2": "PHONENO2",
							"NAME": "NAME",
							"ADDRESS": "ADDRESS",
							"ADDRESS2": "ADDRESS2",
							"CITY": "CITY",
							"STATE": "STATE",
							"ZIPCODE": "ZIPCODE",
							"ATTENT": "ATTENT",
							"TENTID": "TENTID",
							"TTYPID": "TTYPID",
							"OCCPSTAT": "OCCPSTAT",
							"EXECDATE": "EXECDATE",
							"RENTSTRT": "RENTSTRT",
							"OCCUPNCY": "OCCUPNCY",
							"BEGINDATE": "BEGINDATE",
							"EXPIR": "EXPIR",
							"VACATE": "VACATE",
							"CANCDATE": "CANCDATE",
							"PRTSTAT": "PRTSTAT",
							"PERMITCR": "PERMITCR",
							"LEASSTOP": "LEASSTOP",
							"DAYDUE": "DAYDUE",
							"LATECALC": "LATECALC",
							"LATEFLAT": "LATEFLAT",
							"LATERATE": "LATERATE",
							"INTRATE": "INTRATE",
							"MAXLATE": "MAXLATE",
							"NUMLATE": "NUMLATE",
							"NCDEP": "NCDEP",
							"MGMTRATE": "MGMTRATE",
							"DELQOPT": "DELQOPT",
							"DELQDAY": "DELQDAY",
							"INTSTART": "INTSTART",
							"LASTINT": "LASTINT",
							"LASTDATE": "LASTDATE",
							"USERID": "USERID",
							"ADDRID": "ADDRID",
							"EXCL5YR": "EXCL5YR",
							"BANKID": "BANKID",
							"VENDID": "VENDID",
							"ALLOWAMT": "ALLOWAMT",
							"PROFILE": "PROFILE",
							"COUNTY": "COUNTY",
							"STORECAT": "STORECAT",
							"TENTCAT": "TENTCAT",
							"STYPID": "STYPID",
							"YEAREND": "YEAREND",
							"PRVYREND": "PRVYREND",
							"PRVY2END": "PRVY2END",
							"SALESTRT": "SALESTRT",
							"SALEEND": "SALEEND",
							"REPFREQ": "REPFREQ",
							"REQRPTY": "REQRPTY",
							"REQADJ": "REQADJ",
							"PCTGBASE": "PCTGBASE",
							"ESTLEVEL": "ESTLEVEL",
							"ESTMETH": "ESTMETH",
							"LASTEST": "LASTEST",
							"NATURAL": "NATURAL",
							"NINCCAT1": "NINCCAT1",
							"NINCCAT2": "NINCCAT2",
							"NINCCAT3": "NINCCAT3",
							"RPTYPRI1": "RPTYPRI1",
							"RPTYPRI2": "RPTYPRI2",
							"RPTYPRI3": "RPTYPRI3",
							"RPTYPRI4": "RPTYPRI4",
							"RPTYPRI5": "RPTYPRI5",
							"NUMCOPY": "NUMCOPY",
							"SICCODE": "SICCODE",
							"CHAINID": "CHAINID",
							"MOCCPID": "MOCCPID",
							"GENERATION": "GENERATION",
							"GENCODE": "GENCODE",
							"ADDLSPACE": "ADDLSPACE",
							"STOPBILLDATE": "STOPBILLDATE",
							"LITIGATION": "LITIGATION",
							"RENEWAL": "RENEWAL",
							"PRIMARYCHGS": "PRIMARYCHGS",
							"INSEXP": "INSEXP",
							"TICOST": "TICOST",
							"COMMCOST": "COMMCOST",
							"DRAWER": "DRAWER",
							"FININST": "FININST",
							"BRANCH": "BRANCH",
							"HEADLEAS": "HEADLEAS",
							"PRORATE": "PRORATE",
							"CURRCODE": "CURRCODE",
							"CROSSCURYN": "CROSSCURYN",
							"BALDUEME": "BALDUEME",
							"LEGALNM2": "LEGALNM2",
							"LEASETRM": "LEASETRM",
							"LEASDAYS": "LEASDAYS",
							"RENTREVW": "RENTREVW",
							"INITRENT": "INITRENT",
							"CURRRENT": "CURRRENT",
							"STRTDATE": "STRTDATE",
							"ESTRENTV": "ESTRENTV",
							"ERVDATE": "ERVDATE",
							"PAYTYPE": "PAYTYPE",
							"VALNAMNT": "VALNAMNT",
							"VALNDATE": "VALNDATE",
							"M_OPTIONS": "M_OPTIONS",
							"DEEDSDOC": "DEEDSDOC",
							"SECDEPOP": "SECDEPOP",
							"ASSIGNMT": "ASSIGNMT",
							"GUARANTR": "GUARANTR",
							"DAYSLEAS": "DAYSLEAS",
							"BREACH": "BREACH",
							"UPRDONLY": "UPRDONLY",
							"MINNOTCE": "MINNOTCE",
							"MAXNOTCE": "MAXNOTCE",
							"COUNTNTC": "COUNTNTC",
							"INTONRVW": "INTONRVW",
							"INTRVWRT": "INTRVWRT",
							"INTBASIS": "INTBASIS",
							"TIMEESS": "TIMEESS",
							"THIRDPTY": "THIRDPTY",
							"REVSECDP": "REVSECDP",
							"REVBASIS": "REVBASIS",
							"REVWDATE": "REVWDATE",
							"INTREDEC": "INTREDEC",
							"EXTREDEC": "EXTREDEC",
							"INTYRBY": "INTYRBY",
							"EXTYRBY": "EXTYRBY",
							"INTFINYR": "INTFINYR",
							"EXTFINYR": "EXTFINYR",
							"INTLAST": "INTLAST",
							"EXTLAST": "EXTLAST",
							"LEASTYPE": "LEASTYPE",
							"TNTRATNG": "TNTRATNG",
							"LATERAT2": "LATERAT2",
							"LATEMIN": "LATEMIN",
							"LATEMULT": "LATEMULT",
							"LLRDTCON": "LLRDTCON",
							"LEASCVNT": "LEASCVNT",
							"RENTAPP": "RENTAPP",
							"GUARNAME": "GUARNAME",
							"BMGCLASS": "BMGCLASS",
							"LEASAGRE": "LEASAGRE",
							"UNITOPEN": "UNITOPEN",
							"COVNTSTR": "COVNTSTR",
							"PERCVAT": "PERCVAT",
							"APPLYCUM": "APPLYCUM",
							"BMGUPLIFT1": "BMGUPLIFT1",
							"BMGUPLIFT2": "BMGUPLIFT2",
							"BMGUPLIFT3": "BMGUPLIFT3",
							"BMGUPLIFT4": "BMGUPLIFT4",
							"BMGUDATE1": "BMGUDATE1",
							"BMGUDATE2": "BMGUDATE2",
							"BMGUDATE3": "BMGUDATE3",
							"BMGUDATE4": "BMGUDATE4",
							"BMGSTF": "BMGSTF",
							"BMGBILLPERIOD": "BMGBILLPERIOD",
							"BMGUPBREAKS": "BMGUPBREAKS",
							"BMGDTSAVE": "BMGDTSAVE",
							"BMGANNICHECK": "BMGANNICHECK",
							"BMGCURRCHECK": "BMGCURRCHECK",
							"BMGYEAREND": "BMGYEAREND",
							"BMGMANUAL": "BMGMANUAL",
							"BALBFWD": "BALBFWD",
							"DATEBFWD": "DATEBFWD",
							"BMGADDPD": "BMGADDPD",
							"BMGALLOWUP": "BMGALLOWUP",
							"LTFEEDAYS": "LTFEEDAYS",
							"LTFCAMT": "LTFCAMT",
							"CAPCONT": "CAPCONT",
							"BMGSPECPSF": "BMGSPECPSF",
							"EXPSTOP": "EXPSTOP",
							"DEPARTMENT": "DEPARTMENT",
							"SHOPFIT": "SHOPFIT",
							"ACCOUNTID": "ACCOUNTID",
							"BILL445": "BILL445",
							"MGUPSPEC": "MGUPSPEC",
							"NAICSCODE": "NAICSCODE",
							"RECALC": "RECALC",
							"CLOSESTAT": "CLOSESTAT",
							"BANKACCTNAME": "BANKACCTNAME",
							"EMAILBILL": "EMAILBILL",
							"PREPAYTAXTERM": "PREPAYTAXTERM",
							"ATTACHID": "ATTACHID",
							"UNITSTAT": "UNITSTAT",
							"H_TCAT": "H_TCAT",
							"BILLADDR1": "BILLADDR1",
							"BILLADDR2": "BILLADDR2",
							"BILLADDR3": "BILLADDR3",
							"BILLCOUNTY": "BILLCOUNTY",
							"BILLCOUNTRY": "BILLCOUNTRY",
							"BILLZIPCODE": "BILLZIPCODE",
							"BILLCONT": "BILLCONT",
							"TENTAX": "TENTAX",
							"ADDRESS3": "ADDRESS3",
							"COUNTRY": "COUNTRY",
							"BILLCITY": "BILLCITY",
							"DUEDATE": "DUEDATE",
							"TAXEXEMPT": "TAXEXEMPT",
							"AUTOEXCEPTION": "AUTOEXCEPTION",
							"FASBEXCEPTION": "FASBEXCEPTION",
							"FASBSTART": "FASBSTART",
							"FASBSTOP": "FASBSTOP",
							"PERCENTRENT": "PERCENTRENT",
							"ORIGEXPIR": "ORIGEXPIR",
							"AFTERFACT": "AFTERFACT",
							"CNTYCODE": "CNTYCODE",
							"REGION": "REGION",
							"SUBREGION": "SUBREGION",
							"VATREG": "VATREG",
							"CODAFISC": "CODAFISC",
							"ADMINRCHG": "ADMINRCHG",
							"BRANDID": "BRANDID",
							"BMGUPLIFTBYRPI": "BMGUPLIFTBYRPI",
							"STRPIBASE": "STRPIBASE",
							"STRPITO": "STRPITO",
							"ISTATPER": "ISTATPER",
							"BMGRATCHETPLUSRPI": "BMGRATCHETPLUSRPI",
							"BMGISTATPER": "BMGISTATPER",
							"CLIENTDESC": "CLIENTDESC",
							"CLIENTTAX": "CLIENTTAX",
							"KPO": "KPO",
							"IIT_DD": "IIT_DD",
							"TENTBANKCODE": "TENTBANKCODE",
							"SWIFT": "SWIFT",
							"INCCAT_RYE": "INCCAT_RYE",
							"INCCAT2": "INCCAT2",
							"BANKADDR1": "BANKADDR1",
							"BANKADDR2": "BANKADDR2",
							"BANKCITY": "BANKCITY",
							"BANKZIP": "BANKZIP",
							"INCCATL": "INCCATL",
							"RRESTRIC": "RRESTRIC",
							"MDISC": "MDISC",
							"DEP": "DEP",
							"IBAN": "IBAN",
							"MANDATE_NO": "MANDATE_NO",
							"MANDATE_DATE": "MANDATE_DATE",
							"ADVANCEBILL": "ADVANCEBILL",
							"BANKNAME": "BANKNAME",
							"B2BTENANT": "B2BTENANT",
							"DDSEQTP": "DDSEQTP",
							"VOIDTENTANALYSIS": "VOIDTENTANALYSIS",
							"EMAILBILL2": "EMAILBILL2",
							"DONOTSENDEC": "DONOTSENDEC",
							"DONOTSENDREMINDER": "DONOTSENDREMINDER",
							"MGAU_PLEDG": "MGAU_PLEDG",
							"ABATRAN": "ABATRAN",
							"ABABANK": "ABABANK",
							"PSTARSCUSTOMER": "PSTARSCUSTOMER",
							"GNTEE1": "GNTEE1",
							"GNTEE2": "GNTEE2",
							"GNTEE3": "GNTEE3",
							"GNTEE4": "GNTEE4",
							"CALENDARTYPE": "CALENDARTYPE",
							"BILLCALCTYPE": "BILLCALCTYPE",
							"TRUEUPFREQ": "TRUEUPFREQ",
							"RERUNWCALC": "RERUNWCALC",
							"RERUNWCALCYE": "RERUNWCALCYE",
							"APPORTION": "APPORTION",
							"INTERESTPER": "INTERESTPER",
							"INTERESTDEL": "INTERESTDEL",
							"INTERESTCALC": "INTERESTCALC",
							"INTERESTFROM": "INTERESTFROM",
							"GNEXPIRE": "GNEXPIRE",
							"GNREVOLVE": "GNREVOLVE",
							"CODICEDEST": "CODICEDEST",
							"PECDEST": "PECDEST",
							"BILLADDNUM": "BILLADDNUM",
							"BILLCITYCODE": "BILLCITYCODE",
							"CITYCODE": "CITYCODE"
						}
					}
				},
				"inputs": [
					{
						"referenceName": "SQLDataWarehouse_staging_mri_leas",
						"type": "DatasetReference"
					}
				],
				"outputs": [
					{
						"referenceName": "SQLDataWarehouse_mri_leas",
						"type": "DatasetReference"
					}
				]
			},
			{
				"name": "MRILEASFailure",
				"type": "WebActivity",
				"dependsOn": [
					{
						"activity": "MRILEAS",
						"dependencyConditions": [
							"Failed"
						]
					}
				],
				"policy": {
					"timeout": "7.00:00:00",
					"retry": 0,
					"retryIntervalInSeconds": 30,
					"secureOutput": false,
					"secureInput": false
				},
				"userProperties": [],
				"typeProperties": {
					"url": "https://prod-17.northeurope.logic.azure.com:443/workflows/b5b00e5596e94affb317290e4964e4a4/triggers/manual/paths/invoke?api-version=2016-10-01&sp=%2Ftriggers%2Fmanual%2Frun&sv=1.0&sig=55j9tHX1WsutSx6HqYyFcX80ICAhwCoE06KuGGetqb8",
					"method": "POST",
					"headers": {
						"Content-Type": "application/json"
					},
					"body": {
						"activity": "MRILEAS",
						"message": "@{activity('MRILEAS').error.message}",
						"dataFactoryName": "@{pipeline().DataFactory}",
						"pipelineName": "@{pipeline().Pipeline}",
						"FailureNotificationRecipient": "@pipeline().parameters.FailureNotificationRecipient"
					}
				}
			},
			{
				"name": "stagingMRILEAS",
				"type": "Copy",
				"dependsOn": [],
				"policy": {
					"timeout": "7.00:00:00",
					"retry": 1,
					"retryIntervalInSeconds": 60,
					"secureOutput": false,
					"secureInput": false
				},
				"userProperties": [],
				"typeProperties": {
					"source": {
						"type": "SqlServerSource"
					},
					"sink": {
						"type": "SqlDWSink",
						"allowPolyBase": true,
						"writeBatchSize": 100000,
						"preCopyScript": "TRUNCATE TABLE staging.mri_LEAS;",
						"polyBaseSettings": {
							"rejectValue": 0,
							"rejectType": "value",
							"useTypeDefault": false
						},
						"disableMetricsCollection": false
					},
					"enableStaging": true,
					"stagingSettings": {
						"linkedServiceName": {
							"referenceName": "dataplatformstoragearea",
							"type": "LinkedServiceReference"
						},
						"enableCompression": true
					},
					"translator": {
						"type": "TabularTranslator",
						"columnMappings": {
							"BLDGID": "BLDGID",
							"LEASID": "LEASID",
							"SUITID": "SUITID",
							"OCCPNAME": "OCCPNAME",
							"DBA": "DBA",
							"CONTNAME": "CONTNAME",
							"PHONENO1": "PHONENO1",
							"PHONENO2": "PHONENO2",
							"NAME": "NAME",
							"ADDRESS": "ADDRESS",
							"ADDRESS2": "ADDRESS2",
							"CITY": "CITY",
							"STATE": "STATE",
							"ZIPCODE": "ZIPCODE",
							"ATTENT": "ATTENT",
							"TENTID": "TENTID",
							"TTYPID": "TTYPID",
							"OCCPSTAT": "OCCPSTAT",
							"EXECDATE": "EXECDATE",
							"RENTSTRT": "RENTSTRT",
							"OCCUPNCY": "OCCUPNCY",
							"BEGINDATE": "BEGINDATE",
							"EXPIR": "EXPIR",
							"VACATE": "VACATE",
							"CANCDATE": "CANCDATE",
							"PRTSTAT": "PRTSTAT",
							"PERMITCR": "PERMITCR",
							"LEASSTOP": "LEASSTOP",
							"DAYDUE": "DAYDUE",
							"LATECALC": "LATECALC",
							"LATEFLAT": "LATEFLAT",
							"LATERATE": "LATERATE",
							"INTRATE": "INTRATE",
							"MAXLATE": "MAXLATE",
							"NUMLATE": "NUMLATE",
							"NCDEP": "NCDEP",
							"MGMTRATE": "MGMTRATE",
							"DELQOPT": "DELQOPT",
							"DELQDAY": "DELQDAY",
							"INTSTART": "INTSTART",
							"LASTINT": "LASTINT",
							"LASTDATE": "LASTDATE",
							"USERID": "USERID",
							"ADDRID": "ADDRID",
							"EXCL5YR": "EXCL5YR",
							"BANKID": "BANKID",
							"VENDID": "VENDID",
							"ALLOWAMT": "ALLOWAMT",
							"PROFILE": "PROFILE",
							"COUNTY": "COUNTY",
							"STORECAT": "STORECAT",
							"TENTCAT": "TENTCAT",
							"STYPID": "STYPID",
							"YEAREND": "YEAREND",
							"PRVYREND": "PRVYREND",
							"PRVY2END": "PRVY2END",
							"SALESTRT": "SALESTRT",
							"SALEEND": "SALEEND",
							"REPFREQ": "REPFREQ",
							"REQRPTY": "REQRPTY",
							"REQADJ": "REQADJ",
							"PCTGBASE": "PCTGBASE",
							"ESTLEVEL": "ESTLEVEL",
							"ESTMETH": "ESTMETH",
							"LASTEST": "LASTEST",
							"NATURAL": "NATURAL",
							"NINCCAT1": "NINCCAT1",
							"NINCCAT2": "NINCCAT2",
							"NINCCAT3": "NINCCAT3",
							"RPTYPRI1": "RPTYPRI1",
							"RPTYPRI2": "RPTYPRI2",
							"RPTYPRI3": "RPTYPRI3",
							"RPTYPRI4": "RPTYPRI4",
							"RPTYPRI5": "RPTYPRI5",
							"NUMCOPY": "NUMCOPY",
							"SICCODE": "SICCODE",
							"CHAINID": "CHAINID",
							"MOCCPID": "MOCCPID",
							"GENERATION": "GENERATION",
							"GENCODE": "GENCODE",
							"ADDLSPACE": "ADDLSPACE",
							"STOPBILLDATE": "STOPBILLDATE",
							"LITIGATION": "LITIGATION",
							"RENEWAL": "RENEWAL",
							"PRIMARYCHGS": "PRIMARYCHGS",
							"INSEXP": "INSEXP",
							"TICOST": "TICOST",
							"COMMCOST": "COMMCOST",
							"DRAWER": "DRAWER",
							"FININST": "FININST",
							"BRANCH": "BRANCH",
							"HEADLEAS": "HEADLEAS",
							"PRORATE": "PRORATE",
							"CURRCODE": "CURRCODE",
							"CROSSCURYN": "CROSSCURYN",
							"BALDUEME": "BALDUEME",
							"LEGALNM2": "LEGALNM2",
							"LEASETRM": "LEASETRM",
							"LEASDAYS": "LEASDAYS",
							"RENTREVW": "RENTREVW",
							"INITRENT": "INITRENT",
							"CURRRENT": "CURRRENT",
							"STRTDATE": "STRTDATE",
							"ESTRENTV": "ESTRENTV",
							"ERVDATE": "ERVDATE",
							"PAYTYPE": "PAYTYPE",
							"VALNAMNT": "VALNAMNT",
							"VALNDATE": "VALNDATE",
							"M_OPTIONS": "M_OPTIONS",
							"DEEDSDOC": "DEEDSDOC",
							"SECDEPOP": "SECDEPOP",
							"ASSIGNMT": "ASSIGNMT",
							"GUARANTR": "GUARANTR",
							"DAYSLEAS": "DAYSLEAS",
							"BREACH": "BREACH",
							"UPRDONLY": "UPRDONLY",
							"MINNOTCE": "MINNOTCE",
							"MAXNOTCE": "MAXNOTCE",
							"COUNTNTC": "COUNTNTC",
							"INTONRVW": "INTONRVW",
							"INTRVWRT": "INTRVWRT",
							"INTBASIS": "INTBASIS",
							"TIMEESS": "TIMEESS",
							"THIRDPTY": "THIRDPTY",
							"REVSECDP": "REVSECDP",
							"REVBASIS": "REVBASIS",
							"REVWDATE": "REVWDATE",
							"INTREDEC": "INTREDEC",
							"EXTREDEC": "EXTREDEC",
							"INTYRBY": "INTYRBY",
							"EXTYRBY": "EXTYRBY",
							"INTFINYR": "INTFINYR",
							"EXTFINYR": "EXTFINYR",
							"INTLAST": "INTLAST",
							"EXTLAST": "EXTLAST",
							"LEASTYPE": "LEASTYPE",
							"TNTRATNG": "TNTRATNG",
							"LATERAT2": "LATERAT2",
							"LATEMIN": "LATEMIN",
							"LATEMULT": "LATEMULT",
							"LLRDTCON": "LLRDTCON",
							"LEASCVNT": "LEASCVNT",
							"RENTAPP": "RENTAPP",
							"GUARNAME": "GUARNAME",
							"BMGCLASS": "BMGCLASS",
							"LEASAGRE": "LEASAGRE",
							"UNITOPEN": "UNITOPEN",
							"COVNTSTR": "COVNTSTR",
							"PERCVAT": "PERCVAT",
							"APPLYCUM": "APPLYCUM",
							"BMGUPLIFT1": "BMGUPLIFT1",
							"BMGUPLIFT2": "BMGUPLIFT2",
							"BMGUPLIFT3": "BMGUPLIFT3",
							"BMGUPLIFT4": "BMGUPLIFT4",
							"BMGUDATE1": "BMGUDATE1",
							"BMGUDATE2": "BMGUDATE2",
							"BMGUDATE3": "BMGUDATE3",
							"BMGUDATE4": "BMGUDATE4",
							"BMGSTF": "BMGSTF",
							"BMGBILLPERIOD": "BMGBILLPERIOD",
							"BMGUPBREAKS": "BMGUPBREAKS",
							"BMGDTSAVE": "BMGDTSAVE",
							"BMGANNICHECK": "BMGANNICHECK",
							"BMGCURRCHECK": "BMGCURRCHECK",
							"BMGYEAREND": "BMGYEAREND",
							"BMGMANUAL": "BMGMANUAL",
							"BALBFWD": "BALBFWD",
							"DATEBFWD": "DATEBFWD",
							"BMGADDPD": "BMGADDPD",
							"BMGALLOWUP": "BMGALLOWUP",
							"LTFEEDAYS": "LTFEEDAYS",
							"LTFCAMT": "LTFCAMT",
							"CAPCONT": "CAPCONT",
							"BMGSPECPSF": "BMGSPECPSF",
							"EXPSTOP": "EXPSTOP",
							"DEPARTMENT": "DEPARTMENT",
							"SHOPFIT": "SHOPFIT",
							"ACCOUNTID": "ACCOUNTID",
							"BILL445": "BILL445",
							"MGUPSPEC": "MGUPSPEC",
							"NAICSCODE": "NAICSCODE",
							"RECALC": "RECALC",
							"CLOSESTAT": "CLOSESTAT",
							"BANKACCTNAME": "BANKACCTNAME",
							"EMAILBILL": "EMAILBILL",
							"PREPAYTAXTERM": "PREPAYTAXTERM",
							"ATTACHID": "ATTACHID",
							"UNITSTAT": "UNITSTAT",
							"H_TCAT": "H_TCAT",
							"BILLADDR1": "BILLADDR1",
							"BILLADDR2": "BILLADDR2",
							"BILLADDR3": "BILLADDR3",
							"BILLCOUNTY": "BILLCOUNTY",
							"BILLCOUNTRY": "BILLCOUNTRY",
							"BILLZIPCODE": "BILLZIPCODE",
							"BILLCONT": "BILLCONT",
							"TENTAX": "TENTAX",
							"ADDRESS3": "ADDRESS3",
							"COUNTRY": "COUNTRY",
							"BILLCITY": "BILLCITY",
							"DUEDATE": "DUEDATE",
							"TAXEXEMPT": "TAXEXEMPT",
							"AUTOEXCEPTION": "AUTOEXCEPTION",
							"FASBEXCEPTION": "FASBEXCEPTION",
							"FASBSTART": "FASBSTART",
							"FASBSTOP": "FASBSTOP",
							"PERCENTRENT": "PERCENTRENT",
							"ORIGEXPIR": "ORIGEXPIR",
							"AFTERFACT": "AFTERFACT",
							"CNTYCODE": "CNTYCODE",
							"REGION": "REGION",
							"SUBREGION": "SUBREGION",
							"VATREG": "VATREG",
							"CODAFISC": "CODAFISC",
							"ADMINRCHG": "ADMINRCHG",
							"BRANDID": "BRANDID",
							"BMGUPLIFTBYRPI": "BMGUPLIFTBYRPI",
							"STRPIBASE": "STRPIBASE",
							"STRPITO": "STRPITO",
							"ISTATPER": "ISTATPER",
							"BMGRATCHETPLUSRPI": "BMGRATCHETPLUSRPI",
							"BMGISTATPER": "BMGISTATPER",
							"CLIENTDESC": "CLIENTDESC",
							"CLIENTTAX": "CLIENTTAX",
							"KPO": "KPO",
							"IIT_DD": "IIT_DD",
							"TENTBANKCODE": "TENTBANKCODE",
							"SWIFT": "SWIFT",
							"INCCAT_RYE": "INCCAT_RYE",
							"INCCAT2": "INCCAT2",
							"BANKADDR1": "BANKADDR1",
							"BANKADDR2": "BANKADDR2",
							"BANKCITY": "BANKCITY",
							"BANKZIP": "BANKZIP",
							"INCCATL": "INCCATL",
							"RRESTRIC": "RRESTRIC",
							"MDISC": "MDISC",
							"Dep": "DEP",
							"IBAN": "IBAN",
							"MANDATE_NO": "MANDATE_NO",
							"MANDATE_DATE": "MANDATE_DATE",
							"ADVANCEBILL": "ADVANCEBILL",
							"BANKNAME": "BANKNAME",
							"B2BTenant": "B2BTENANT",
							"DDSEQTP": "DDSEQTP",
							"VOIDTENTANALYSIS": "VOIDTENTANALYSIS",
							"EMAILBILL2": "EMAILBILL2",
							"DONOTSENDEC": "DONOTSENDEC",
							"DONOTSENDREMINDER": "DONOTSENDREMINDER",
							"MGAU_PLEDG": "MGAU_PLEDG",
							"ABATRAN": "ABATRAN",
							"ABABANK": "ABABANK",
							"PSTARSCUSTOMER": "PSTARSCUSTOMER",
							"GNTEE1": "GNTEE1",
							"GNTEE2": "GNTEE2",
							"GNTEE3": "GNTEE3",
							"GNTEE4": "GNTEE4",
							"CALENDARTYPE": "CALENDARTYPE",
							"BILLCALCTYPE": "BILLCALCTYPE",
							"TRUEUPFREQ": "TRUEUPFREQ",
							"RERUNWCALC": "RERUNWCALC",
							"RERUNWCALCYE": "RERUNWCALCYE",
							"APPORTION": "APPORTION",
							"INTERESTPER": "INTERESTPER",
							"INTERESTDEL": "INTERESTDEL",
							"INTERESTCALC": "INTERESTCALC",
							"INTERESTFROM": "INTERESTFROM",
							"GNEXPIRE": "GNEXPIRE",
							"GNREVOLVE": "GNREVOLVE",
							"CODICEDEST": "CODICEDEST",
							"PECDEST": "PECDEST",
							"BILLADDNUM": "BILLADDNUM",
							"BILLCITYCODE": "BILLCITYCODE",
							"CITYCODE": "CITYCODE"
						}
					}
				},
				"inputs": [
					{
						"referenceName": "MRIReplicaLEAS",
						"type": "DatasetReference"
					}
				],
				"outputs": [
					{
						"referenceName": "SQLDataWarehouse_staging_mri_leas",
						"type": "DatasetReference"
					}
				]
			},
			{
				"name": "stagingMRILEASFailure",
				"type": "WebActivity",
				"dependsOn": [
					{
						"activity": "stagingMRILEAS",
						"dependencyConditions": [
							"Failed"
						]
					}
				],
				"policy": {
					"timeout": "7.00:00:00",
					"retry": 0,
					"retryIntervalInSeconds": 30,
					"secureOutput": false,
					"secureInput": false
				},
				"userProperties": [],
				"typeProperties": {
					"url": "https://prod-17.northeurope.logic.azure.com:443/workflows/b5b00e5596e94affb317290e4964e4a4/triggers/manual/paths/invoke?api-version=2016-10-01&sp=%2Ftriggers%2Fmanual%2Frun&sv=1.0&sig=55j9tHX1WsutSx6HqYyFcX80ICAhwCoE06KuGGetqb8",
					"method": "POST",
					"headers": {
						"Content-Type": "application/json"
					},
					"body": {
						"activity": "stagingMRILEAS",
						"message": "@{activity('stagingMRILEAS').error.message}",
						"dataFactoryName": "@{pipeline().DataFactory}",
						"pipelineName": "@{pipeline().Pipeline}",
						"FailureNotificationRecipient": "@pipeline().parameters.FailureNotificationRecipient"
					}
				}
			}
		],
		"parameters": {
			"FailureNotificationRecipient": {
				"type": "string",
				"defaultValue": "data.platform@mcarthurglen.com"
			}
		},
		"folder": {
			"name": "MRI"
		},
		"annotations": []
	},
	"type": "Microsoft.DataFactory/factories/pipelines"
}