{
	"name": "MRILEAS_Incremental",
	"properties": {
		"activities": [
			{
				"name": "CopyLEASInserts",
				"type": "Copy",
				"dependsOn": [],
				"policy": {
					"timeout": "7.00:00:00",
					"retry": 0,
					"retryIntervalInSeconds": 30,
					"secureOutput": false,
					"secureInput": false
				},
				"userProperties": [],
				"typeProperties": {
					"source": {
						"type": "SqlSource",
						"sqlReaderQuery": "WITH change_table AS (\nSELECT DISTINCT BLDGID, LEASID\nFROM CHANGETABLE(CHANGES LEAS,1) AS change_table\nWHERE SYS_CHANGE_OPERATION = 'I'\n)\nSELECT LEAS.BLDGID,\nLEAS.LEASID,\nLEAS.SUITID,\nLEAS.OCCPNAME,\nLEAS.DBA,\nLEAS.CONTNAME,\nLEAS.PHONENO1,\nLEAS.PHONENO2,\nLEAS.NAME,\nLEAS.ADDRESS,\nLEAS.ADDRESS2,\nLEAS.CITY,\nLEAS.STATE,\nLEAS.ZIPCODE,\nLEAS.ATTENT,\nLEAS.TENTID,\nLEAS.TTYPID,\nLEAS.OCCPSTAT,\nLEAS.EXECDATE,\nLEAS.RENTSTRT,\nLEAS.OCCUPNCY,\nLEAS.BEGINDATE,\nLEAS.EXPIR,\nLEAS.VACATE,\nLEAS.CANCDATE,\nLEAS.PRTSTAT,\nLEAS.PERMITCR,\nLEAS.LEASSTOP,\nLEAS.DAYDUE,\nLEAS.LATECALC,\nLEAS.LATEFLAT,\nLEAS.LATERATE,\nLEAS.INTRATE,\nLEAS.MAXLATE,\nLEAS.NUMLATE,\nLEAS.NCDEP,\nLEAS.MGMTRATE,\nLEAS.DELQOPT,\nLEAS.DELQDAY,\nLEAS.INTSTART,\nLEAS.LASTINT,\nLEAS.LASTDATE,\nLEAS.USERID,\nLEAS.ADDRID,\nLEAS.EXCL5YR,\nLEAS.BANKID,\nLEAS.VENDID,\nLEAS.ALLOWAMT,\nLEAS.PROFILE,\nLEAS.COUNTY,\nLEAS.STORECAT,\nLEAS.TENTCAT,\nLEAS.STYPID,\nLEAS.YEAREND,\nLEAS.PRVYREND,\nLEAS.PRVY2END,\nLEAS.SALESTRT,\nLEAS.SALEEND,\nLEAS.REPFREQ,\nLEAS.REQRPTY,\nLEAS.REQADJ,\nLEAS.PCTGBASE,\nLEAS.ESTLEVEL,\nLEAS.ESTMETH,\nLEAS.LASTEST,\nLEAS.NATURAL,\nLEAS.NINCCAT1,\nLEAS.NINCCAT2,\nLEAS.NINCCAT3,\nLEAS.RPTYPRI1,\nLEAS.RPTYPRI2,\nLEAS.RPTYPRI3,\nLEAS.RPTYPRI4,\nLEAS.RPTYPRI5,\nLEAS.NUMCOPY,\nLEAS.SICCODE,\nLEAS.CHAINID,\nLEAS.MOCCPID,\nLEAS.GENERATION,\nLEAS.GENCODE,\nLEAS.ADDLSPACE,\nLEAS.STOPBILLDATE,\nLEAS.LITIGATION,\nLEAS.RENEWAL,\nLEAS.PRIMARYCHGS,\nLEAS.INSEXP,\nLEAS.TICOST,\nLEAS.COMMCOST,\nLEAS.DRAWER,\nLEAS.FININST,\nLEAS.BRANCH,\nLEAS.HEADLEAS,\nLEAS.PRORATE,\nLEAS.CURRCODE,\nLEAS.CROSSCURYN,\nLEAS.BALDUEME,\nLEAS.LEGALNM2,\nLEAS.LEASETRM,\nLEAS.LEASDAYS,\nLEAS.RENTREVW,\nLEAS.INITRENT,\nLEAS.CURRRENT,\nLEAS.STRTDATE,\nLEAS.ESTRENTV,\nLEAS.ERVDATE,\nLEAS.PAYTYPE,\nLEAS.VALNAMNT,\nLEAS.VALNDATE,\nLEAS.M_OPTIONS,\nLEAS.DEEDSDOC,\nLEAS.SECDEPOP,\nLEAS.ASSIGNMT,\nLEAS.GUARANTR,\nLEAS.DAYSLEAS,\nLEAS.BREACH,\nLEAS.UPRDONLY,\nLEAS.MINNOTCE,\nLEAS.MAXNOTCE,\nLEAS.COUNTNTC,\nLEAS.INTONRVW,\nLEAS.INTRVWRT,\nLEAS.INTBASIS,\nLEAS.TIMEESS,\nLEAS.THIRDPTY,\nLEAS.REVSECDP,\nLEAS.REVBASIS,\nLEAS.REVWDATE,\nLEAS.INTREDEC,\nLEAS.EXTREDEC,\nLEAS.INTYRBY,\nLEAS.EXTYRBY,\nLEAS.INTFINYR,\nLEAS.EXTFINYR,\nLEAS.INTLAST,\nLEAS.EXTLAST,\nLEAS.LEASTYPE,\nLEAS.TNTRATNG,\nLEAS.LATERAT2,\nLEAS.LATEMIN,\nLEAS.LATEMULT,\nLEAS.LLRDTCON,\nLEAS.LEASCVNT,\nLEAS.RENTAPP,\nLEAS.GUARNAME,\nLEAS.BMGCLASS,\nLEAS.LEASAGRE,\nLEAS.UNITOPEN,\nLEAS.COVNTSTR,\nLEAS.PERCVAT,\nLEAS.APPLYCUM,\nLEAS.BMGUPLIFT1,\nLEAS.BMGUPLIFT2,\nLEAS.BMGUPLIFT3,\nLEAS.BMGUPLIFT4,\nLEAS.BMGUDATE1,\nLEAS.BMGUDATE2,\nLEAS.BMGUDATE3,\nLEAS.BMGUDATE4,\nLEAS.BMGSTF,\nLEAS.BMGBILLPERIOD,\nLEAS.BMGUPBREAKS,\nLEAS.BMGDTSAVE,\nLEAS.BMGANNICHECK,\nLEAS.BMGCURRCHECK,\nLEAS.BMGYEAREND,\nLEAS.BMGMANUAL,\nLEAS.BALBFWD,\nLEAS.DATEBFWD,\nLEAS.BMGADDPD,\nLEAS.BMGALLOWUP,\nLEAS.LTFEEDAYS,\nLEAS.LTFCAMT,\nLEAS.CAPCONT,\nLEAS.BMGSPECPSF,\nLEAS.EXPSTOP,\nLEAS.DEPARTMENT,\nLEAS.SHOPFIT,\nLEAS.ACCOUNTID,\nLEAS.BILL445,\nLEAS.MGUPSPEC,\nLEAS.NAICSCODE,\nLEAS.RECALC,\nLEAS.CLOSESTAT,\nLEAS.BANKACCTNAME,\nLEAS.EMAILBILL,\nLEAS.PREPAYTAXTERM,\nLEAS.ATTACHID,\nLEAS.UNITSTAT,\nLEAS.H_TCAT,\nLEAS.BILLADDR1,\nLEAS.BILLADDR2,\nLEAS.BILLADDR3,\nLEAS.BILLCOUNTY,\nLEAS.BILLCOUNTRY,\nLEAS.BILLZIPCODE,\nLEAS.BILLCONT,\nLEAS.TENTAX,\nLEAS.ADDRESS3,\nLEAS.COUNTRY,\nLEAS.BILLCITY,\nLEAS.DUEDATE,\nLEAS.TAXEXEMPT,\nLEAS.AUTOEXCEPTION,\nLEAS.FASBEXCEPTION,\nLEAS.FASBSTART,\nLEAS.FASBSTOP,\nLEAS.PERCENTRENT,\nLEAS.ORIGEXPIR,\nLEAS.AFTERFACT,\nLEAS.CNTYCODE,\nLEAS.REGION,\nLEAS.SUBREGION,\nLEAS.VATREG,\nLEAS.CODAFISC,\nLEAS.ADMINRCHG,\nLEAS.BRANDID,\nLEAS.BMGUPLIFTBYRPI,\nLEAS.STRPIBASE,\nLEAS.STRPITO,\nLEAS.ISTATPER,\nLEAS.BMGRATCHETPLUSRPI,\nLEAS.BMGISTATPER,\nLEAS.CLIENTDESC,\nLEAS.CLIENTTAX,\nLEAS.KPO,\nLEAS.IIT_DD,\nLEAS.TENTBANKCODE,\nLEAS.SWIFT,\nLEAS.INCCAT_RYE,\nLEAS.INCCAT2,\nLEAS.BANKADDR1,\nLEAS.BANKADDR2,\nLEAS.BANKCITY,\nLEAS.BANKZIP,\nLEAS.INCCATL,\nLEAS.RRESTRIC,\nLEAS.MDISC,\nLEAS.DEP,\nLEAS.IBAN,\nLEAS.MANDATE_NO,\nLEAS.MANDATE_DATE,\nLEAS.ADVANCEBILL,\nLEAS.BANKNAME,\nLEAS.B2BTENANT,\nLEAS.DDSEQTP,\nLEAS.VOIDTENTANALYSIS,\nLEAS.EMAILBILL2,\nLEAS.DONOTSENDEC,\nLEAS.DONOTSENDREMINDER,\nLEAS.MGAU_PLEDG,\nLEAS.ABATRAN,\nLEAS.ABABANK,\nLEAS.PSTARSCUSTOMER,\nLEAS.GNTEE1,\nLEAS.GNTEE2,\nLEAS.GNTEE3,\nLEAS.GNTEE4,\nLEAS.CALENDARTYPE,\nLEAS.BILLCALCTYPE,\nLEAS.TRUEUPFREQ,\nLEAS.RERUNWCALC,\nLEAS.RERUNWCALCYE,\nLEAS.APPORTION,\nLEAS.INTERESTPER,\nLEAS.INTERESTDEL,\nLEAS.INTERESTCALC,\nLEAS.INTERESTFROM,\nLEAS.GNEXPIRE,\nLEAS.GNREVOLVE,\nLEAS.CODICEDEST,\nLEAS.PECDEST,\nLEAS.BILLADDNUM,\nLEAS.BILLCITYCODE,\nLEAS.CITYCODE\nFROM LEAS\nJOIN change_table ct ON ct.BLDGID = LEAS.BLDGID AND ct.LEASID = LEAS.LEASID;"
					},
					"sink": {
						"type": "SqlDWSink",
						"allowPolyBase": true,
						"writeBatchSize": 10000,
						"preCopyScript": "TRUNCATE TABLE staging.mri_leas;",
						"polyBaseSettings": {
							"rejectValue": 0,
							"rejectType": "value",
							"useTypeDefault": false
						}
					},
					"enableStaging": true,
					"stagingSettings": {
						"linkedServiceName": {
							"referenceName": "dataplatformstoragearea",
							"type": "LinkedServiceReference"
						},
						"enableCompression": true
					}
				},
				"inputs": [
					{
						"referenceName": "MRIReplicaLEAS",
						"type": "DatasetReference"
					}
				],
				"outputs": [
					{
						"referenceName": "SQLDataWarehouse_staging_mri_leas",
						"type": "DatasetReference"
					}
				]
			},
			{
				"name": "sp_insert_mri_leas",
				"type": "SqlServerStoredProcedure",
				"dependsOn": [
					{
						"activity": "CopyLEASInserts",
						"dependencyConditions": [
							"Succeeded"
						]
					}
				],
				"policy": {
					"timeout": "7.00:00:00",
					"retry": 0,
					"retryIntervalInSeconds": 30,
					"secureOutput": false,
					"secureInput": false
				},
				"userProperties": [],
				"typeProperties": {
					"storedProcedureName": "[dbo].[sp_insert_mri_leas]"
				},
				"linkedServiceName": {
					"referenceName": "SQLDataWarehouse",
					"type": "LinkedServiceReference"
				}
			},
			{
				"name": "CopyLEASUpdates",
				"type": "Copy",
				"dependsOn": [
					{
						"activity": "sp_insert_mri_leas",
						"dependencyConditions": [
							"Succeeded"
						]
					}
				],
				"policy": {
					"timeout": "7.00:00:00",
					"retry": 0,
					"retryIntervalInSeconds": 30,
					"secureOutput": false,
					"secureInput": false
				},
				"userProperties": [],
				"typeProperties": {
					"source": {
						"type": "SqlSource",
						"sqlReaderQuery": "WITH change_table AS (\nSELECT DISTINCT BLDGID, LEASID\nFROM CHANGETABLE(CHANGES LEAS,1) AS change_table\nWHERE SYS_CHANGE_OPERATION = 'U'\n)\nSELECT LEAS.BLDGID,\nLEAS.LEASID,\nLEAS.SUITID,\nLEAS.OCCPNAME,\nLEAS.DBA,\nLEAS.CONTNAME,\nLEAS.PHONENO1,\nLEAS.PHONENO2,\nLEAS.NAME,\nLEAS.ADDRESS,\nLEAS.ADDRESS2,\nLEAS.CITY,\nLEAS.STATE,\nLEAS.ZIPCODE,\nLEAS.ATTENT,\nLEAS.TENTID,\nLEAS.TTYPID,\nLEAS.OCCPSTAT,\nLEAS.EXECDATE,\nLEAS.RENTSTRT,\nLEAS.OCCUPNCY,\nLEAS.BEGINDATE,\nLEAS.EXPIR,\nLEAS.VACATE,\nLEAS.CANCDATE,\nLEAS.PRTSTAT,\nLEAS.PERMITCR,\nLEAS.LEASSTOP,\nLEAS.DAYDUE,\nLEAS.LATECALC,\nLEAS.LATEFLAT,\nLEAS.LATERATE,\nLEAS.INTRATE,\nLEAS.MAXLATE,\nLEAS.NUMLATE,\nLEAS.NCDEP,\nLEAS.MGMTRATE,\nLEAS.DELQOPT,\nLEAS.DELQDAY,\nLEAS.INTSTART,\nLEAS.LASTINT,\nLEAS.LASTDATE,\nLEAS.USERID,\nLEAS.ADDRID,\nLEAS.EXCL5YR,\nLEAS.BANKID,\nLEAS.VENDID,\nLEAS.ALLOWAMT,\nLEAS.PROFILE,\nLEAS.COUNTY,\nLEAS.STORECAT,\nLEAS.TENTCAT,\nLEAS.STYPID,\nLEAS.YEAREND,\nLEAS.PRVYREND,\nLEAS.PRVY2END,\nLEAS.SALESTRT,\nLEAS.SALEEND,\nLEAS.REPFREQ,\nLEAS.REQRPTY,\nLEAS.REQADJ,\nLEAS.PCTGBASE,\nLEAS.ESTLEVEL,\nLEAS.ESTMETH,\nLEAS.LASTEST,\nLEAS.NATURAL,\nLEAS.NINCCAT1,\nLEAS.NINCCAT2,\nLEAS.NINCCAT3,\nLEAS.RPTYPRI1,\nLEAS.RPTYPRI2,\nLEAS.RPTYPRI3,\nLEAS.RPTYPRI4,\nLEAS.RPTYPRI5,\nLEAS.NUMCOPY,\nLEAS.SICCODE,\nLEAS.CHAINID,\nLEAS.MOCCPID,\nLEAS.GENERATION,\nLEAS.GENCODE,\nLEAS.ADDLSPACE,\nLEAS.STOPBILLDATE,\nLEAS.LITIGATION,\nLEAS.RENEWAL,\nLEAS.PRIMARYCHGS,\nLEAS.INSEXP,\nLEAS.TICOST,\nLEAS.COMMCOST,\nLEAS.DRAWER,\nLEAS.FININST,\nLEAS.BRANCH,\nLEAS.HEADLEAS,\nLEAS.PRORATE,\nLEAS.CURRCODE,\nLEAS.CROSSCURYN,\nLEAS.BALDUEME,\nLEAS.LEGALNM2,\nLEAS.LEASETRM,\nLEAS.LEASDAYS,\nLEAS.RENTREVW,\nLEAS.INITRENT,\nLEAS.CURRRENT,\nLEAS.STRTDATE,\nLEAS.ESTRENTV,\nLEAS.ERVDATE,\nLEAS.PAYTYPE,\nLEAS.VALNAMNT,\nLEAS.VALNDATE,\nLEAS.M_OPTIONS,\nLEAS.DEEDSDOC,\nLEAS.SECDEPOP,\nLEAS.ASSIGNMT,\nLEAS.GUARANTR,\nLEAS.DAYSLEAS,\nLEAS.BREACH,\nLEAS.UPRDONLY,\nLEAS.MINNOTCE,\nLEAS.MAXNOTCE,\nLEAS.COUNTNTC,\nLEAS.INTONRVW,\nLEAS.INTRVWRT,\nLEAS.INTBASIS,\nLEAS.TIMEESS,\nLEAS.THIRDPTY,\nLEAS.REVSECDP,\nLEAS.REVBASIS,\nLEAS.REVWDATE,\nLEAS.INTREDEC,\nLEAS.EXTREDEC,\nLEAS.INTYRBY,\nLEAS.EXTYRBY,\nLEAS.INTFINYR,\nLEAS.EXTFINYR,\nLEAS.INTLAST,\nLEAS.EXTLAST,\nLEAS.LEASTYPE,\nLEAS.TNTRATNG,\nLEAS.LATERAT2,\nLEAS.LATEMIN,\nLEAS.LATEMULT,\nLEAS.LLRDTCON,\nLEAS.LEASCVNT,\nLEAS.RENTAPP,\nLEAS.GUARNAME,\nLEAS.BMGCLASS,\nLEAS.LEASAGRE,\nLEAS.UNITOPEN,\nLEAS.COVNTSTR,\nLEAS.PERCVAT,\nLEAS.APPLYCUM,\nLEAS.BMGUPLIFT1,\nLEAS.BMGUPLIFT2,\nLEAS.BMGUPLIFT3,\nLEAS.BMGUPLIFT4,\nLEAS.BMGUDATE1,\nLEAS.BMGUDATE2,\nLEAS.BMGUDATE3,\nLEAS.BMGUDATE4,\nLEAS.BMGSTF,\nLEAS.BMGBILLPERIOD,\nLEAS.BMGUPBREAKS,\nLEAS.BMGDTSAVE,\nLEAS.BMGANNICHECK,\nLEAS.BMGCURRCHECK,\nLEAS.BMGYEAREND,\nLEAS.BMGMANUAL,\nLEAS.BALBFWD,\nLEAS.DATEBFWD,\nLEAS.BMGADDPD,\nLEAS.BMGALLOWUP,\nLEAS.LTFEEDAYS,\nLEAS.LTFCAMT,\nLEAS.CAPCONT,\nLEAS.BMGSPECPSF,\nLEAS.EXPSTOP,\nLEAS.DEPARTMENT,\nLEAS.SHOPFIT,\nLEAS.ACCOUNTID,\nLEAS.BILL445,\nLEAS.MGUPSPEC,\nLEAS.NAICSCODE,\nLEAS.RECALC,\nLEAS.CLOSESTAT,\nLEAS.BANKACCTNAME,\nLEAS.EMAILBILL,\nLEAS.PREPAYTAXTERM,\nLEAS.ATTACHID,\nLEAS.UNITSTAT,\nLEAS.H_TCAT,\nLEAS.BILLADDR1,\nLEAS.BILLADDR2,\nLEAS.BILLADDR3,\nLEAS.BILLCOUNTY,\nLEAS.BILLCOUNTRY,\nLEAS.BILLZIPCODE,\nLEAS.BILLCONT,\nLEAS.TENTAX,\nLEAS.ADDRESS3,\nLEAS.COUNTRY,\nLEAS.BILLCITY,\nLEAS.DUEDATE,\nLEAS.TAXEXEMPT,\nLEAS.AUTOEXCEPTION,\nLEAS.FASBEXCEPTION,\nLEAS.FASBSTART,\nLEAS.FASBSTOP,\nLEAS.PERCENTRENT,\nLEAS.ORIGEXPIR,\nLEAS.AFTERFACT,\nLEAS.CNTYCODE,\nLEAS.REGION,\nLEAS.SUBREGION,\nLEAS.VATREG,\nLEAS.CODAFISC,\nLEAS.ADMINRCHG,\nLEAS.BRANDID,\nLEAS.BMGUPLIFTBYRPI,\nLEAS.STRPIBASE,\nLEAS.STRPITO,\nLEAS.ISTATPER,\nLEAS.BMGRATCHETPLUSRPI,\nLEAS.BMGISTATPER,\nLEAS.CLIENTDESC,\nLEAS.CLIENTTAX,\nLEAS.KPO,\nLEAS.IIT_DD,\nLEAS.TENTBANKCODE,\nLEAS.SWIFT,\nLEAS.INCCAT_RYE,\nLEAS.INCCAT2,\nLEAS.BANKADDR1,\nLEAS.BANKADDR2,\nLEAS.BANKCITY,\nLEAS.BANKZIP,\nLEAS.INCCATL,\nLEAS.RRESTRIC,\nLEAS.MDISC,\nLEAS.DEP,\nLEAS.IBAN,\nLEAS.MANDATE_NO,\nLEAS.MANDATE_DATE,\nLEAS.ADVANCEBILL,\nLEAS.BANKNAME,\nLEAS.B2BTENANT,\nLEAS.DDSEQTP,\nLEAS.VOIDTENTANALYSIS,\nLEAS.EMAILBILL2,\nLEAS.DONOTSENDEC,\nLEAS.DONOTSENDREMINDER,\nLEAS.MGAU_PLEDG,\nLEAS.ABATRAN,\nLEAS.ABABANK,\nLEAS.PSTARSCUSTOMER,\nLEAS.GNTEE1,\nLEAS.GNTEE2,\nLEAS.GNTEE3,\nLEAS.GNTEE4,\nLEAS.CALENDARTYPE,\nLEAS.BILLCALCTYPE,\nLEAS.TRUEUPFREQ,\nLEAS.RERUNWCALC,\nLEAS.RERUNWCALCYE,\nLEAS.APPORTION,\nLEAS.INTERESTPER,\nLEAS.INTERESTDEL,\nLEAS.INTERESTCALC,\nLEAS.INTERESTFROM,\nLEAS.GNEXPIRE,\nLEAS.GNREVOLVE,\nLEAS.CODICEDEST,\nLEAS.PECDEST,\nLEAS.BILLADDNUM,\nLEAS.BILLCITYCODE,\nLEAS.CITYCODE\nFROM LEAS\nJOIN change_table ct ON ct.BLDGID = LEAS.BLDGID AND ct.LEASID = LEAS.LEASID;"
					},
					"sink": {
						"type": "SqlDWSink",
						"allowPolyBase": true,
						"writeBatchSize": 10000,
						"preCopyScript": "TRUNCATE TABLE staging.mri_leas;",
						"polyBaseSettings": {
							"rejectValue": 0,
							"rejectType": "value",
							"useTypeDefault": false
						}
					},
					"enableStaging": true,
					"stagingSettings": {
						"linkedServiceName": {
							"referenceName": "dataplatformstoragearea",
							"type": "LinkedServiceReference"
						},
						"enableCompression": true
					}
				},
				"inputs": [
					{
						"referenceName": "MRIReplicaLEAS",
						"type": "DatasetReference"
					}
				],
				"outputs": [
					{
						"referenceName": "SQLDataWarehouse_staging_mri_leas",
						"type": "DatasetReference"
					}
				]
			},
			{
				"name": "sp_update_mri_leas",
				"type": "SqlServerStoredProcedure",
				"dependsOn": [
					{
						"activity": "CopyLEASUpdates",
						"dependencyConditions": [
							"Succeeded"
						]
					}
				],
				"policy": {
					"timeout": "7.00:00:00",
					"retry": 0,
					"retryIntervalInSeconds": 30,
					"secureOutput": false,
					"secureInput": false
				},
				"userProperties": [],
				"typeProperties": {
					"storedProcedureName": "[dbo].[sp_update_mri_leas]"
				},
				"linkedServiceName": {
					"referenceName": "SQLDataWarehouse",
					"type": "LinkedServiceReference"
				}
			},
			{
				"name": "CopyLEASDeletions",
				"type": "Copy",
				"dependsOn": [
					{
						"activity": "sp_update_mri_leas",
						"dependencyConditions": [
							"Succeeded"
						]
					}
				],
				"policy": {
					"timeout": "7.00:00:00",
					"retry": 0,
					"retryIntervalInSeconds": 30,
					"secureOutput": false,
					"secureInput": false
				},
				"userProperties": [],
				"typeProperties": {
					"source": {
						"type": "SqlSource",
						"sqlReaderQuery": "SELECT DISTINCT BLDGID, LEASID\nFROM CHANGETABLE(CHANGES LEAS,1) AS change_table\nWHERE SYS_CHANGE_OPERATION = 'D';"
					},
					"sink": {
						"type": "SqlDWSink",
						"allowPolyBase": true,
						"writeBatchSize": 10000,
						"preCopyScript": "TRUNCATE TABLE staging.mri_leas_deletion;",
						"polyBaseSettings": {
							"rejectValue": 0,
							"rejectType": "value",
							"useTypeDefault": false
						}
					},
					"enableStaging": true,
					"stagingSettings": {
						"linkedServiceName": {
							"referenceName": "dataplatformstoragearea",
							"type": "LinkedServiceReference"
						},
						"enableCompression": true
					}
				},
				"inputs": [
					{
						"referenceName": "MRIReplicaLEAS",
						"type": "DatasetReference"
					}
				],
				"outputs": [
					{
						"referenceName": "SQLDataWarehouse_staging_mri_leas_deletion",
						"type": "DatasetReference"
					}
				]
			},
			{
				"name": "sp_update_mri_leas_deletion",
				"type": "SqlServerStoredProcedure",
				"dependsOn": [
					{
						"activity": "CopyLEASDeletions",
						"dependencyConditions": [
							"Succeeded"
						]
					}
				],
				"policy": {
					"timeout": "7.00:00:00",
					"retry": 0,
					"retryIntervalInSeconds": 30,
					"secureOutput": false,
					"secureInput": false
				},
				"userProperties": [],
				"typeProperties": {
					"storedProcedureName": "[dbo].[sp_update_mri_leas_deletion]"
				},
				"linkedServiceName": {
					"referenceName": "SQLDataWarehouse",
					"type": "LinkedServiceReference"
				}
			},
			{
				"name": "CopyLEASInsertsFailure",
				"type": "WebActivity",
				"dependsOn": [
					{
						"activity": "CopyLEASInserts",
						"dependencyConditions": [
							"Failed"
						]
					}
				],
				"policy": {
					"timeout": "7.00:00:00",
					"retry": 0,
					"retryIntervalInSeconds": 30,
					"secureOutput": false,
					"secureInput": false
				},
				"userProperties": [],
				"typeProperties": {
					"url": "https://prod-17.northeurope.logic.azure.com:443/workflows/b5b00e5596e94affb317290e4964e4a4/triggers/manual/paths/invoke?api-version=2016-10-01&sp=%2Ftriggers%2Fmanual%2Frun&sv=1.0&sig=55j9tHX1WsutSx6HqYyFcX80ICAhwCoE06KuGGetqb8",
					"method": "POST",
					"headers": {
						"Content-Type": "application/json"
					},
					"body": {
						"activity": "CopyLEASInserts",
						"message": "@{activity('CopyLEASInserts').error.message}",
						"dataFactoryName": "@{pipeline().DataFactory}",
						"pipelineName": "@{pipeline().Pipeline}",
						"FailureNotificationRecipient": "@pipeline().parameters.FailureNotificationRecipient"
					}
				}
			},
			{
				"name": "sp_insert_mri_leasFailure",
				"type": "WebActivity",
				"dependsOn": [
					{
						"activity": "sp_insert_mri_leas",
						"dependencyConditions": [
							"Failed"
						]
					}
				],
				"policy": {
					"timeout": "7.00:00:00",
					"retry": 0,
					"retryIntervalInSeconds": 30,
					"secureOutput": false,
					"secureInput": false
				},
				"userProperties": [],
				"typeProperties": {
					"url": "https://prod-17.northeurope.logic.azure.com:443/workflows/b5b00e5596e94affb317290e4964e4a4/triggers/manual/paths/invoke?api-version=2016-10-01&sp=%2Ftriggers%2Fmanual%2Frun&sv=1.0&sig=55j9tHX1WsutSx6HqYyFcX80ICAhwCoE06KuGGetqb8",
					"method": "POST",
					"headers": {
						"Content-Type": "application/json"
					},
					"body": {
						"activity": "sp_insert_mri_leas",
						"message": "@{activity('sp_insert_mri_leas').error.message}",
						"dataFactoryName": "@{pipeline().DataFactory}",
						"pipelineName": "@{pipeline().Pipeline}",
						"FailureNotificationRecipient": "@pipeline().parameters.FailureNotificationRecipient"
					}
				}
			},
			{
				"name": "CopyLEASUpdatesFailure",
				"type": "WebActivity",
				"dependsOn": [
					{
						"activity": "CopyLEASUpdates",
						"dependencyConditions": [
							"Failed"
						]
					}
				],
				"policy": {
					"timeout": "7.00:00:00",
					"retry": 0,
					"retryIntervalInSeconds": 30,
					"secureOutput": false,
					"secureInput": false
				},
				"userProperties": [],
				"typeProperties": {
					"url": "https://prod-17.northeurope.logic.azure.com:443/workflows/b5b00e5596e94affb317290e4964e4a4/triggers/manual/paths/invoke?api-version=2016-10-01&sp=%2Ftriggers%2Fmanual%2Frun&sv=1.0&sig=55j9tHX1WsutSx6HqYyFcX80ICAhwCoE06KuGGetqb8",
					"method": "POST",
					"headers": {
						"Content-Type": "application/json"
					},
					"body": {
						"activity": "CopyLEASUpdates",
						"message": "@{activity('CopyLEASUpdates').error.message}",
						"dataFactoryName": "@{pipeline().DataFactory}",
						"pipelineName": "@{pipeline().Pipeline}",
						"FailureNotificationRecipient": "@pipeline().parameters.FailureNotificationRecipient"
					}
				}
			},
			{
				"name": "sp_update_mri_leasFailure",
				"type": "WebActivity",
				"dependsOn": [
					{
						"activity": "sp_update_mri_leas",
						"dependencyConditions": [
							"Failed"
						]
					}
				],
				"policy": {
					"timeout": "7.00:00:00",
					"retry": 0,
					"retryIntervalInSeconds": 30,
					"secureOutput": false,
					"secureInput": false
				},
				"userProperties": [],
				"typeProperties": {
					"url": "https://prod-17.northeurope.logic.azure.com:443/workflows/b5b00e5596e94affb317290e4964e4a4/triggers/manual/paths/invoke?api-version=2016-10-01&sp=%2Ftriggers%2Fmanual%2Frun&sv=1.0&sig=55j9tHX1WsutSx6HqYyFcX80ICAhwCoE06KuGGetqb8",
					"method": "POST",
					"headers": {
						"Content-Type": "application/json"
					},
					"body": {
						"activity": "sp_update_mri_leas",
						"message": "@{activity('sp_update_mri_leas').error.message}",
						"dataFactoryName": "@{pipeline().DataFactory}",
						"pipelineName": "@{pipeline().Pipeline}",
						"FailureNotificationRecipient": "@pipeline().parameters.FailureNotificationRecipient"
					}
				}
			},
			{
				"name": "CopyLEASDeletionsFailure",
				"type": "WebActivity",
				"dependsOn": [
					{
						"activity": "CopyLEASDeletions",
						"dependencyConditions": [
							"Failed"
						]
					}
				],
				"policy": {
					"timeout": "7.00:00:00",
					"retry": 0,
					"retryIntervalInSeconds": 30,
					"secureOutput": false,
					"secureInput": false
				},
				"userProperties": [],
				"typeProperties": {
					"url": "https://prod-17.northeurope.logic.azure.com:443/workflows/b5b00e5596e94affb317290e4964e4a4/triggers/manual/paths/invoke?api-version=2016-10-01&sp=%2Ftriggers%2Fmanual%2Frun&sv=1.0&sig=55j9tHX1WsutSx6HqYyFcX80ICAhwCoE06KuGGetqb8",
					"method": "POST",
					"headers": {
						"Content-Type": "application/json"
					},
					"body": {
						"activity": "CopyLEASDeletions",
						"message": "@{activity('CopyLEASDeletions').error.message}",
						"dataFactoryName": "@{pipeline().DataFactory}",
						"pipelineName": "@{pipeline().Pipeline}",
						"FailureNotificationRecipient": "@pipeline().parameters.FailureNotificationRecipient"
					}
				}
			},
			{
				"name": "sp_update_mri_leas_deletionFailure",
				"type": "WebActivity",
				"dependsOn": [
					{
						"activity": "sp_update_mri_leas_deletion",
						"dependencyConditions": [
							"Failed"
						]
					}
				],
				"policy": {
					"timeout": "7.00:00:00",
					"retry": 0,
					"retryIntervalInSeconds": 30,
					"secureOutput": false,
					"secureInput": false
				},
				"userProperties": [],
				"typeProperties": {
					"url": "https://prod-17.northeurope.logic.azure.com:443/workflows/b5b00e5596e94affb317290e4964e4a4/triggers/manual/paths/invoke?api-version=2016-10-01&sp=%2Ftriggers%2Fmanual%2Frun&sv=1.0&sig=55j9tHX1WsutSx6HqYyFcX80ICAhwCoE06KuGGetqb8",
					"method": "POST",
					"headers": {
						"Content-Type": "application/json"
					},
					"body": {
						"activity": "sp_update_mri_leas_deletion",
						"message": "@{activity('sp_update_mri_leas_deletion').error.message}",
						"dataFactoryName": "@{pipeline().DataFactory}",
						"pipelineName": "@{pipeline().Pipeline}",
						"FailureNotificationRecipient": "@pipeline().parameters.FailureNotificationRecipient"
					}
				}
			}
		],
		"parameters": {
			"FailureNotificationRecipient": {
				"type": "String",
				"defaultValue": "data.platform@mcarthurglen.com"
			}
		},
		"folder": {
			"name": "MRI"
		},
		"annotations": []
	},
	"type": "Microsoft.DataFactory/factories/pipelines"
}