{
	"name": "MRIOther",
	"properties": {
		"activities": [
			{
				"name": "CopyMRIProductionENTITY",
				"type": "Copy",
				"dependsOn": [],
				"policy": {
					"timeout": "7.00:00:00",
					"retry": 0,
					"retryIntervalInSeconds": 30,
					"secureOutput": false,
					"secureInput": false
				},
				"userProperties": [],
				"typeProperties": {
					"source": {
						"type": "SqlSource"
					},
					"sink": {
						"type": "SqlDWSink",
						"allowPolyBase": false,
						"writeBatchSize": 10000,
						"preCopyScript": "TRUNCATE TABLE staging.mri_entity;"
					},
					"enableStaging": false,
					"translator": {
						"type": "TabularTranslator",
						"columnMappings": {
							"ENTITYID": "ENTITYID",
							"NAME": "NAME",
							"ADDR1": "ADDR1",
							"ADDR2": "ADDR2",
							"ADDR3": "ADDR3",
							"STATE": "STATE",
							"CITY": "CITY",
							"ZIPCODE": "ZIPCODE",
							"PHONE": "PHONE",
							"FEET": "FEET",
							"UNITS": "UNITS",
							"LASTDATE": "LASTDATE",
							"USERID": "USERID",
							"LEDGCODE": "LEDGCODE",
							"CLOSEDAY": "CLOSEDAY",
							"YEAREND": "YEAREND",
							"CURPED": "CURPED",
							"MAXOPEN": "MAXOPEN",
							"BASIS": "BASIS",
							"PROJID": "PROJID",
							"INTRACCT": "INTRACCT",
							"GLPURGE": "GLPURGE",
							"APACCTNO": "APACCTNO",
							"OPENBAL": "OPENBAL",
							"INVCSTAT": "INVCSTAT",
							"SUMDET": "SUMDET",
							"SUMCASH": "SUMCASH",
							"CASHTYPE": "CASHTYPE",
							"APPURGE": "APPURGE",
							"M_1099DATE": "M_1099DATE",
							"VATREG": "VATREG",
							"ATAXACCT": "ATAXACCT",
							"ATAXCASH": "ATAXCASH",
							"VENDPPED": "VENDPPED",
							"PAYENTRY": "PAYENTRY",
							"TAXEXEMP": "TAXEXEMP",
							"SHIPADR1": "SHIPADR1",
							"SHIPADR2": "SHIPADR2",
							"SHIPADR3": "SHIPADR3",
							"SHIPCITY": "SHIPCITY",
							"SHIPST": "SHIPST",
							"SHIPZIP": "SHIPZIP",
							"BILLADR1": "BILLADR1",
							"BILLADR2": "BILLADR2",
							"BILLADR3": "BILLADR3",
							"BILLCITY": "BILLCITY",
							"BILLST": "BILLST",
							"BILLZIP": "BILLZIP",
							"ACCTNUM": "ACCTNUM",
							"APPLIMIT": "APPLIMIT",
							"STATEID": "STATEID",
							"PROPTYPE": "PROPTYPE",
							"PROPSUBTYPE": "PROPSUBTYPE",
							"ACQUIRED": "ACQUIRED",
							"DISPOSED": "DISPOSED",
							"INVESTFLAG": "INVESTFLAG",
							"CLASSID": "CLASSID",
							"INVTYPE": "INVTYPE",
							"LIFECODE": "LIFECODE",
							"LOCAID": "LOCAID",
							"GROSSVALUE": "GROSSVALUE",
							"NETVALUE": "NETVALUE",
							"INCRET": "INCRET",
							"CAPRET": "CAPRET",
							"TOTRET": "TOTRET",
							"JEDESCID": "JEDESCID",
							"OPTED": "OPTED",
							"CURRCODE": "CURRCODE",
							"APREALEXCHG": "APREALEXCHG",
							"APUNREEXCHG": "APUNREEXCHG",
							"CROSSCURYN": "CROSSCURYN",
							"CMREALACCT": "CMREALACCT",
							"CMUNREACCT": "CMUNREACCT",
							"CMDEPGLACCT": "CMDEPGLACCT",
							"RMTACCTNO": "RMTACCTNO",
							"RMTCASHTYPE": "RMTCASHTYPE",
							"RMTOTHRFEE": "RMTOTHRFEE",
							"TOGFEES": "TOGFEES",
							"MINBAL": "MINBAL",
							"HELDFUNDS": "HELDFUNDS",
							"BADTAXACCT": "BADTAXACCT",
							"BADTAXCSHTYPE": "BADTAXCSHTYPE",
							"FIDTAXACCT": "FIDTAXACCT",
							"FIDTAXCSHTYPE": "FIDTAXCSHTYPE",
							"TOGACCTNUM": "TOGACCTNUM",
							"TOGCASHTYPE": "TOGCASHTYPE",
							"TOGVENDID": "TOGVENDID",
							"OTRACCTNUM": "OTRACCTNUM",
							"OTRCASHTYPE": "OTRCASHTYPE",
							"OTRVENDID": "OTRVENDID",
							"ENTTYPE": "ENTTYPE",
							"PERIODCNT": "PERIODCNT",
							"RECLAIMPCT": "RECLAIMPCT",
							"ALTTAXID": "ALTTAXID",
							"TAXSUSPENSE": "TAXSUSPENSE",
							"CMNBANKING": "CMNBANKING",
							"ARREALACCT": "ARREALACCT",
							"ARUNREACCT": "ARUNREACCT",
							"RETAINACCT": "RETAINACCT",
							"PHONENO": "PHONENO",
							"CONTCODE": "CONTCODE",
							"CNTYCODE": "CNTYCODE",
							"PRACCODE": "PRACCODE",
							"DVMNCODE": "DVMNCODE",
							"JVENCODE": "JVENCODE",
							"CMCOMPID": "CMCOMPID",
							"APCOMPID": "APCOMPID",
							"ATAXCODE": "ATAXCODE",
							"APDEVID": "APDEVID",
							"BILLFEES": "BILLFEES",
							"FUNDBALACCT": "FUNDBALACCT",
							"TAXRPTFREQ": "TAXRPTFREQ",
							"OWNERID": "OWNERID",
							"COUNTRY": "COUNTRY",
							"APTAXSUSPENSEACCOUNTNUMBER": "APTAXSUSPENSEACCOUNTNUMBER",
							"STLINEBASIS": "STLINEBASIS",
							"FYEMONTH": "FYEMONTH",
							"RESETFYE": "RESETFYE",
							"LATEFYE": "LATEFYE",
							"NUMUSE": "NUMUSE",
							"COMNUM": "COMNUM",
							"REG1": "REG1",
							"REG2": "REG2",
							"REG3": "REG3",
							"REG4": "REG4",
							"REG5": "REG5",
							"PHASEID": "PHASEID",
							"MATRIXID": "MATRIXID",
							"ENTMATRIXOPTION": "ENTMATRIXOPTION",
							"NCREIFACQUIREDFIRSTDAYQTR": "NCREIFACQUIREDFIRSTDAYQTR",
							"NCREIFDISPOSEDLASTDAYQTR": "NCREIFDISPOSEDLASTDAYQTR",
							"CHECKLOCATIONID": "CHECKLOCATIONID",
							"MAXAPOPEN": "MAXAPOPEN",
							"APREALLOSS": "APREALLOSS",
							"APUNREALLOSS": "APUNREALLOSS",
							"ARREALLOSS": "ARREALLOSS",
							"ARUNREALLOSS": "ARUNREALLOSS",
							"CMREALLOSS": "CMREALLOSS",
							"CMUNREALLOSS": "CMUNREALLOSS",
							"CMDEPLOSS": "CMDEPLOSS",
							"VENDORWITHHOLDINGACCT": "VENDORWITHHOLDINGACCT",
							"REG6": "REG6",
							"ADRCHGINCCAT": "ADRCHGINCCAT",
							"ADRCHGRTAXGRPID": "ADRCHGRTAXGRPID",
							"ADRCHGZEROGRPID": "ADRCHGZEROGRPID",
							"MG_AP_RECHARGE": "MG_AP_RECHARGE",
							"SRVCDEBT": "SRVCDEBT",
							"SRVCCRED": "SRVCCRED",
							"RMSRVCDEBT": "RMSRVCDEBT",
							"RMSRVCCRED": "RMSRVCCRED",
							"ENTALIAS": "ENTALIAS",
							"IAENTTYPE": "IAENTTYPE",
							"ACTIVE": "ACTIVE",
							"TEL": "TEL",
							"EMAIL": "EMAIL",
							"OFFICE": "OFFICE",
							"NUMEROREA": "NUMEROREA",
							"EINVVENDID": "EINVVENDID",
							"IAVENDORID": "IAVENDORID",
							"IACORPORATEACCOUNTID": "IACORPORATEACCOUNTID",
							"CONNECTCURRCODE": "CONNECTCURRCODE"
						}
					}
				},
				"inputs": [
					{
						"referenceName": "MRIProductionENTITY",
						"type": "DatasetReference"
					}
				],
				"outputs": [
					{
						"referenceName": "SQLDataWarehouse_staging_mri_entity",
						"type": "DatasetReference"
					}
				]
			},
			{
				"name": "CopyMRIProductionTB_MG_ACCRU_PREPAY",
				"type": "Copy",
				"dependsOn": [
					{
						"activity": "CopyMRIProductionENTITY",
						"dependencyConditions": [
							"Succeeded"
						]
					}
				],
				"policy": {
					"timeout": "7.00:00:00",
					"retry": 0,
					"retryIntervalInSeconds": 30,
					"secureOutput": false,
					"secureInput": false
				},
				"userProperties": [],
				"typeProperties": {
					"source": {
						"type": "SqlSource"
					},
					"sink": {
						"type": "SqlDWSink",
						"allowPolyBase": false,
						"writeBatchSize": 10000,
						"preCopyScript": "TRUNCATE TABLE mri.tb_mg_accru_prepay;"
					},
					"enableStaging": false,
					"translator": {
						"type": "TabularTranslator",
						"columnMappings": {
							"BLDGID": "BLDGID",
							"LEASID": "LEASID",
							"PERIOD": "PERIOD",
							"ACCRPREPAY": "ACCRPREPAY",
							"DEBITACCT": "DEBITACCT",
							"CREDITACCT": "CREDITACCT",
							"AMT": "AMT",
							"DESCRPTN": "DESCRPTN",
							"GLREF": "GLREF",
							"SOURCE": "SOURCE",
							"SITEID": "SITEID",
							"FILENAME": "FILENAME",
							"USERID": "USERID",
							"LASTDATE": "LASTDATE",
							"DOCID": "DOCID",
							"PROCESSDATE": "PROCESSDATE"
						}
					}
				},
				"inputs": [
					{
						"referenceName": "MRIProductionTB_MG_ACCRU_PREPAY",
						"type": "DatasetReference"
					}
				],
				"outputs": [
					{
						"referenceName": "SQLDataWarehouse_mri_tb_mg_accru_prepay",
						"type": "DatasetReference"
					}
				]
			},
			{
				"name": "CopyMRIProductionSUIT",
				"type": "Copy",
				"dependsOn": [
					{
						"activity": "CopyMRIProductionTB_MG_ACCRU_PREPAY",
						"dependencyConditions": [
							"Succeeded"
						]
					}
				],
				"policy": {
					"timeout": "7.00:00:00",
					"retry": 0,
					"retryIntervalInSeconds": 30,
					"secureOutput": false,
					"secureInput": false
				},
				"userProperties": [],
				"typeProperties": {
					"source": {
						"type": "SqlSource"
					},
					"sink": {
						"type": "SqlDWSink",
						"allowPolyBase": false,
						"writeBatchSize": 10000,
						"preCopyScript": "TRUNCATE TABLE staging.mri_suit;"
					},
					"enableStaging": false,
					"translator": {
						"type": "TabularTranslator",
						"columnMappings": {
							"BLDGID": "BLDGID",
							"SUITID": "SUITID",
							"ADDRESS": "ADDRESS",
							"SUITENO": "SUITENO",
							"FLOORNO": "FLOORNO",
							"TAXFID": "TAXFID",
							"SUITSQFT": "SUITSQFT",
							"MRKTRATE": "MRKTRATE",
							"LASTDATE": "LASTDATE",
							"USERID": "USERID",
							"INCCAT": "INCCAT",
							"UNITNAME": "UNITNAME",
							"UNITPCOD": "UNITPCOD",
							"UNITDESC": "UNITDESC",
							"MKTRNTM2": "MKTRNTM2",
							"UNITNLAM": "UNITNLAM",
							"UNITNLAF": "UNITNLAF",
							"UNITGEM": "UNITGEM",
							"UNITGEF": "UNITGEF",
							"UNITGIM": "UNITGIM",
							"UNITGIF": "UNITGIF",
							"UNITNFLR": "UNITNFLR",
							"UNITIWM": "UNITIWM",
							"UNITIWF": "UNITIWF",
							"UNITIDM": "UNITIDM",
							"UNITIDF": "UNITIDF",
							"UNITSDM": "UNITSDM",
							"UNITSDF": "UNITSDF",
							"UNITGFM": "UNITGFM",
							"UNITGFF": "UNITGFF",
							"UNITNFM": "UNITNFM",
							"UNITNFF": "UNITNFF",
							"UNITNOPK": "UNITNOPK",
							"UNITVALD": "UNITVALD",
							"UNITERV": "UNITERV",
							"UNITVALA": "UNITVALA",
							"UNITINYD": "UNITINYD",
							"UNITREYD": "UNITREYD",
							"UNITEQYD": "UNITEQYD",
							"UNITGVAL": "UNITGVAL",
							"UNITRVAL": "UNITRVAL",
							"UNITUBR": "UNITUBR",
							"UNITRPAY": "UNITRPAY",
							"UNITRAUT": "UNITRAUT",
							"UNITVRBA": "UNITVRBA",
							"UNITWATA": "UNITWATA",
							"UNITPLAN": "UNITPLAN",
							"UNITSUBP": "UNITSUBP",
							"REINSTAT": "REINSTAT",
							"PROVVALU": "PROVVALU",
							"SERVTOTL": "SERVTOTL",
							"SERVPOIN": "SERVPOIN",
							"NUMCOVER": "NUMCOVER",
							"NUMUNCOV": "NUMUNCOV",
							"NUMOFFSI": "NUMOFFSI",
							"RATIOMTR": "RATIOMTR",
							"RATIOSQF": "RATIOSQF",
							"UNTUSETY": "UNTUSETY",
							"UNITVAT": "UNITVAT",
							"NOTESARE": "NOTESARE",
							"VALPRPUN": "VALPRPUN",
							"REINPOIN": "REINPOIN",
							"SQREFOOT": "SQREFOOT",
							"SQREMTRS": "SQREMTRS",
							"MARKRENT": "MARKRENT",
							"VACPERIOD": "VACPERIOD",
							"TAXEXEMPT": "TAXEXEMPT",
							"ANNINCOME": "ANNINCOME",
							"SUITETYPE_MRI": "SUITETYPE_MRI"
						}
					}
				},
				"inputs": [
					{
						"referenceName": "MRIProductionSUIT",
						"type": "DatasetReference"
					}
				],
				"outputs": [
					{
						"referenceName": "SQLDataWarehouse_staging_mri_suit",
						"type": "DatasetReference"
					}
				]
			}
		],
		"folder": {
			"name": "MRI"
		},
		"annotations": []
	},
	"type": "Microsoft.DataFactory/factories/pipelines"
}