{
	"name": "MRIPODT",
	"properties": {
		"activities": [
			{
				"name": "MRIPODT",
				"type": "Copy",
				"dependsOn": [
					{
						"activity": "stagingMRIPODT",
						"dependencyConditions": [
							"Succeeded"
						]
					}
				],
				"policy": {
					"timeout": "7.00:00:00",
					"retry": 0,
					"retryIntervalInSeconds": 30,
					"secureOutput": false,
					"secureInput": false
				},
				"userProperties": [],
				"typeProperties": {
					"source": {
						"type": "SqlDWSource"
					},
					"sink": {
						"type": "SqlDWSink",
						"allowPolyBase": true,
						"writeBatchSize": 100000,
						"preCopyScript": "TRUNCATE TABLE mri.PODT;",
						"polyBaseSettings": {
							"rejectValue": 0,
							"rejectType": "value",
							"useTypeDefault": false
						},
						"disableMetricsCollection": false
					},
					"enableStaging": true,
					"stagingSettings": {
						"linkedServiceName": {
							"referenceName": "dataplatformstoragearea",
							"type": "LinkedServiceReference"
						},
						"enableCompression": true
					},
					"translator": {
						"type": "TabularTranslator",
						"columnMappings": {
							"POPREFX": "POPREFX",
							"PONUM": "PONUM",
							"LINENMBR": "LINENMBR",
							"ITEM": "ITEM",
							"ITEMDESC": "ITEMDESC",
							"USERID": "USERID",
							"QTY": "QTY",
							"UNITMSR": "UNITMSR",
							"UNITCOST": "UNITCOST",
							"NETCOST": "NETCOST",
							"ORDSTAT": "ORDSTAT",
							"ALTITEM": "ALTITEM",
							"ITEMTYPE": "ITEMTYPE",
							"ACCTNUM": "ACCTNUM",
							"DEPARTMENT": "DEPARTMENT",
							"JOBCODE": "JOBCODE",
							"ENTITYID": "ENTITYID",
							"RECVQTY": "RECVQTY",
							"RECEIVED": "RECEIVED",
							"INVOICED": "INVOICED",
							"REQNUM": "REQNUM",
							"WRKOID": "WRKOID",
							"ATAXGRPID": "ATAXGRPID",
							"TAXCOST": "TAXCOST",
							"TOTCOST": "TOTCOST",
							"QTYPE": "QTYPE",
							"AMTRECVD": "AMTRECVD",
							"AMTINVCD": "AMTINVCD",
							"CURRCODE": "CURRCODE",
							"JC_PHASECODE": "JC_PHASECODE",
							"JC_COSTLIST": "JC_COSTLIST",
							"JC_COSTCODE": "JC_COSTCODE",
							"CATEGORY": "CATEGORY",
							"LASTDATE": "LASTDATE",
							"CROSSSITE": "CROSSSITE",
							"ADDLDESC": "ADDLDESC",
							"MG_APPORTIONCOMPLETE": "MG_APPORTIONCOMPLETE",
							"MG_PO_APPTID": "MG_PO_APPTID",
							"ACTPED": "ACTPED"
						}
					}
				},
				"inputs": [
					{
						"referenceName": "SQLDataWarehouse_staging_mri_podt",
						"type": "DatasetReference"
					}
				],
				"outputs": [
					{
						"referenceName": "SQLDataWarehouse_mri_podt",
						"type": "DatasetReference"
					}
				]
			},
			{
				"name": "MRIPODTFailure",
				"type": "WebActivity",
				"dependsOn": [
					{
						"activity": "MRIPODT",
						"dependencyConditions": [
							"Failed"
						]
					}
				],
				"policy": {
					"timeout": "7.00:00:00",
					"retry": 0,
					"retryIntervalInSeconds": 30,
					"secureOutput": false,
					"secureInput": false
				},
				"userProperties": [],
				"typeProperties": {
					"url": "https://prod-17.northeurope.logic.azure.com:443/workflows/b5b00e5596e94affb317290e4964e4a4/triggers/manual/paths/invoke?api-version=2016-10-01&sp=%2Ftriggers%2Fmanual%2Frun&sv=1.0&sig=55j9tHX1WsutSx6HqYyFcX80ICAhwCoE06KuGGetqb8",
					"method": "POST",
					"headers": {
						"Content-Type": "application/json"
					},
					"body": {
						"activity": "MRIPODT",
						"message": "@{activity('MRIPODT').error.message}",
						"dataFactoryName": "@{pipeline().DataFactory}",
						"pipelineName": "@{pipeline().Pipeline}",
						"FailureNotificationRecipient": "@pipeline().parameters.FailureNotificationRecipient"
					}
				}
			},
			{
				"name": "stagingMRIPODT",
				"type": "Copy",
				"dependsOn": [],
				"policy": {
					"timeout": "7.00:00:00",
					"retry": 0,
					"retryIntervalInSeconds": 30,
					"secureOutput": false,
					"secureInput": false
				},
				"userProperties": [],
				"typeProperties": {
					"source": {
						"type": "SqlServerSource"
					},
					"sink": {
						"type": "SqlDWSink",
						"allowPolyBase": true,
						"writeBatchSize": 100000,
						"preCopyScript": "TRUNCATE TABLE staging.mri_PODT;",
						"polyBaseSettings": {
							"rejectValue": 0,
							"rejectType": "value",
							"useTypeDefault": false
						},
						"disableMetricsCollection": false
					},
					"enableStaging": true,
					"stagingSettings": {
						"linkedServiceName": {
							"referenceName": "dataplatformstoragearea",
							"type": "LinkedServiceReference"
						},
						"enableCompression": true
					},
					"translator": {
						"type": "TabularTranslator",
						"columnMappings": {
							"POPREFX": "POPREFX",
							"PONUM": "PONUM",
							"LINENMBR": "LINENMBR",
							"ITEM": "ITEM",
							"ITEMDESC": "ITEMDESC",
							"USERID": "USERID",
							"QTY": "QTY",
							"UNITMSR": "UNITMSR",
							"UNITCOST": "UNITCOST",
							"NETCOST": "NETCOST",
							"ORDSTAT": "ORDSTAT",
							"ALTITEM": "ALTITEM",
							"ITEMTYPE": "ITEMTYPE",
							"ACCTNUM": "ACCTNUM",
							"DEPARTMENT": "DEPARTMENT",
							"JOBCODE": "JOBCODE",
							"ENTITYID": "ENTITYID",
							"RECVQTY": "RECVQTY",
							"RECEIVED": "RECEIVED",
							"INVOICED": "INVOICED",
							"REQNUM": "REQNUM",
							"WRKOID": "WRKOID",
							"ATAXGRPID": "ATAXGRPID",
							"TAXCOST": "TAXCOST",
							"TOTCOST": "TOTCOST",
							"QTYPE": "QTYPE",
							"AMTRECVD": "AMTRECVD",
							"AMTINVCD": "AMTINVCD",
							"CURRCODE": "CURRCODE",
							"JC_PHASECODE": "JC_PHASECODE",
							"JC_COSTLIST": "JC_COSTLIST",
							"JC_COSTCODE": "JC_COSTCODE",
							"CATEGORY": "CATEGORY",
							"LASTDATE": "LASTDATE",
							"CROSSSITE": "CROSSSITE",
							"ADDLDESC": "ADDLDESC",
							"MG_APPORTIONCOMPLETE": "MG_APPORTIONCOMPLETE",
							"MG_PO_APPTID": "MG_PO_APPTID",
							"ACTPED": "ACTPED"
						}
					}
				},
				"inputs": [
					{
						"referenceName": "MRIReplicaPODT",
						"type": "DatasetReference"
					}
				],
				"outputs": [
					{
						"referenceName": "SQLDataWarehouse_staging_mri_podt",
						"type": "DatasetReference"
					}
				]
			},
			{
				"name": "stagingMRIPODTFailure",
				"type": "WebActivity",
				"dependsOn": [
					{
						"activity": "stagingMRIPODT",
						"dependencyConditions": [
							"Failed"
						]
					}
				],
				"policy": {
					"timeout": "7.00:00:00",
					"retry": 0,
					"retryIntervalInSeconds": 30,
					"secureOutput": false,
					"secureInput": false
				},
				"userProperties": [],
				"typeProperties": {
					"url": "https://prod-17.northeurope.logic.azure.com:443/workflows/b5b00e5596e94affb317290e4964e4a4/triggers/manual/paths/invoke?api-version=2016-10-01&sp=%2Ftriggers%2Fmanual%2Frun&sv=1.0&sig=55j9tHX1WsutSx6HqYyFcX80ICAhwCoE06KuGGetqb8",
					"method": "POST",
					"headers": {
						"Content-Type": "application/json"
					},
					"body": {
						"activity": "stagingMRIPODT",
						"message": "@{activity('stagingMRIPODT').error.message}",
						"dataFactoryName": "@{pipeline().DataFactory}",
						"pipelineName": "@{pipeline().Pipeline}",
						"FailureNotificationRecipient": "@pipeline().parameters.FailureNotificationRecipient"
					}
				}
			}
		],
		"parameters": {
			"FailureNotificationRecipient": {
				"type": "string",
				"defaultValue": "data.platform@mcarthurglen.com"
			}
		},
		"folder": {
			"name": "MRI"
		},
		"annotations": []
	},
	"type": "Microsoft.DataFactory/factories/pipelines"
}