{
	"name": "MRIPOHD",
	"properties": {
		"activities": [
			{
				"name": "MRIPOHD",
				"type": "Copy",
				"dependsOn": [
					{
						"activity": "stagingMRIPOHD",
						"dependencyConditions": [
							"Succeeded"
						]
					}
				],
				"policy": {
					"timeout": "7.00:00:00",
					"retry": 0,
					"retryIntervalInSeconds": 30,
					"secureOutput": false,
					"secureInput": false
				},
				"userProperties": [],
				"typeProperties": {
					"source": {
						"type": "SqlDWSource"
					},
					"sink": {
						"type": "SqlDWSink",
						"allowPolyBase": true,
						"writeBatchSize": 100000,
						"preCopyScript": "TRUNCATE TABLE mri.POHD;",
						"polyBaseSettings": {
							"rejectValue": 0,
							"rejectType": "value",
							"useTypeDefault": false
						},
						"disableMetricsCollection": false
					},
					"enableStaging": true,
					"stagingSettings": {
						"linkedServiceName": {
							"referenceName": "dataplatformstoragearea",
							"type": "LinkedServiceReference"
						},
						"enableCompression": true
					},
					"translator": {
						"type": "TabularTranslator",
						"columnMappings": {
							"POPREFX": "POPREFX",
							"PONUM": "PONUM",
							"VENDID": "VENDID",
							"VENDSUB": "VENDSUB",
							"ENTERED": "ENTERED",
							"PODESC": "PODESC",
							"REQBY": "REQBY",
							"TERMS": "TERMS",
							"DELVDATE": "DELVDATE",
							"CONTACT": "CONTACT",
							"CONTPHON": "CONTPHON",
							"SHIPVIA": "SHIPVIA",
							"CANCLAFT": "CANCLAFT",
							"APPROVED": "APPROVED",
							"APPRVDBY": "APPRVDBY",
							"APPROVE2": "APPROVE2",
							"APPRV2BY": "APPRV2BY",
							"ORDSTAT": "ORDSTAT",
							"TAXABLE": "TAXABLE",
							"TAXEXEMP": "TAXEXEMP",
							"SHIPADR1": "SHIPADR1",
							"SHIPADR2": "SHIPADR2",
							"SHIPADR3": "SHIPADR3",
							"SHIPCITY": "SHIPCITY",
							"SHIPST": "SHIPST",
							"SHIPZIP": "SHIPZIP",
							"BILLADR1": "BILLADR1",
							"BILLADR2": "BILLADR2",
							"BILLADR3": "BILLADR3",
							"BILLCITY": "BILLCITY",
							"BILLST": "BILLST",
							"BILLZIP": "BILLZIP",
							"SITEID": "SITEID",
							"CURRCODE": "CURRCODE",
							"TOTAL": "TOTAL",
							"TYPE": "TYPE",
							"PRNTDATE": "PRNTDATE",
							"LASTDATE": "LASTDATE",
							"USERID": "USERID",
							"INVOICE": "INVOICE",
							"REFPONUM": "REFPONUM",
							"INTERNAL": "INTERNAL",
							"SHIPCOST": "SHIPCOST",
							"FREIGHT": "FREIGHT",
							"BLKTPONUM": "BLKTPONUM",
							"CROSSSITE": "CROSSSITE",
							"ALLOCODE": "ALLOCODE",
							"OUTSIDEBUD": "OUTSIDEBUD",
							"ADDLDESC": "ADDLDESC",
							"ESTEXPPED": "ESTEXPPED",
							"EXPCTRLFLAG": "EXPCTRLFLAG",
							"SHIPCNTY": "SHIPCNTY",
							"BILLCNTY": "BILLCNTY",
							"MG_AP_RECHARGE": "MG_AP_RECHARGE",
							"APPUPDATED": "APPUPDATED",
							"USRSTATUS": "USRSTATUS"
						}
					}
				},
				"inputs": [
					{
						"referenceName": "SQLDataWarehouse_staging_mri_pohd",
						"type": "DatasetReference"
					}
				],
				"outputs": [
					{
						"referenceName": "SQLDataWarehouse_mri_pohd",
						"type": "DatasetReference"
					}
				]
			},
			{
				"name": "MRIPOHDFailure",
				"type": "WebActivity",
				"dependsOn": [
					{
						"activity": "MRIPOHD",
						"dependencyConditions": [
							"Failed"
						]
					}
				],
				"policy": {
					"timeout": "7.00:00:00",
					"retry": 0,
					"retryIntervalInSeconds": 30,
					"secureOutput": false,
					"secureInput": false
				},
				"userProperties": [],
				"typeProperties": {
					"url": "https://prod-17.northeurope.logic.azure.com:443/workflows/b5b00e5596e94affb317290e4964e4a4/triggers/manual/paths/invoke?api-version=2016-10-01&sp=%2Ftriggers%2Fmanual%2Frun&sv=1.0&sig=55j9tHX1WsutSx6HqYyFcX80ICAhwCoE06KuGGetqb8",
					"method": "POST",
					"headers": {
						"Content-Type": "application/json"
					},
					"body": {
						"activity": "MRIPOHD",
						"message": "@{activity('MRIPOHD').error.message}",
						"dataFactoryName": "@{pipeline().DataFactory}",
						"pipelineName": "@{pipeline().Pipeline}",
						"FailureNotificationRecipient": "@pipeline().parameters.FailureNotificationRecipient"
					}
				}
			},
			{
				"name": "stagingMRIPOHD",
				"type": "Copy",
				"dependsOn": [],
				"policy": {
					"timeout": "7.00:00:00",
					"retry": 0,
					"retryIntervalInSeconds": 30,
					"secureOutput": false,
					"secureInput": false
				},
				"userProperties": [],
				"typeProperties": {
					"source": {
						"type": "SqlServerSource"
					},
					"sink": {
						"type": "SqlDWSink",
						"allowPolyBase": true,
						"writeBatchSize": 100000,
						"preCopyScript": "TRUNCATE TABLE staging.mri_POHD;",
						"polyBaseSettings": {
							"rejectValue": 0,
							"rejectType": "value",
							"useTypeDefault": false
						},
						"disableMetricsCollection": false
					},
					"enableStaging": true,
					"stagingSettings": {
						"linkedServiceName": {
							"referenceName": "dataplatformstoragearea",
							"type": "LinkedServiceReference"
						},
						"enableCompression": true
					},
					"translator": {
						"type": "TabularTranslator",
						"columnMappings": {
							"POPREFX": "POPREFX",
							"PONUM": "PONUM",
							"VENDID": "VENDID",
							"VENDSUB": "VENDSUB",
							"ENTERED": "ENTERED",
							"PODESC": "PODESC",
							"REQBY": "REQBY",
							"TERMS": "TERMS",
							"DELVDATE": "DELVDATE",
							"CONTACT": "CONTACT",
							"CONTPHON": "CONTPHON",
							"SHIPVIA": "SHIPVIA",
							"CANCLAFT": "CANCLAFT",
							"APPROVED": "APPROVED",
							"APPRVDBY": "APPRVDBY",
							"APPROVE2": "APPROVE2",
							"APPRV2BY": "APPRV2BY",
							"ORDSTAT": "ORDSTAT",
							"TAXABLE": "TAXABLE",
							"TAXEXEMP": "TAXEXEMP",
							"SHIPADR1": "SHIPADR1",
							"SHIPADR2": "SHIPADR2",
							"SHIPADR3": "SHIPADR3",
							"SHIPCITY": "SHIPCITY",
							"SHIPST": "SHIPST",
							"SHIPZIP": "SHIPZIP",
							"BILLADR1": "BILLADR1",
							"BILLADR2": "BILLADR2",
							"BILLADR3": "BILLADR3",
							"BILLCITY": "BILLCITY",
							"BILLST": "BILLST",
							"BILLZIP": "BILLZIP",
							"SITEID": "SITEID",
							"CURRCODE": "CURRCODE",
							"TOTAL": "TOTAL",
							"TYPE": "TYPE",
							"PRNTDATE": "PRNTDATE",
							"LASTDATE": "LASTDATE",
							"USERID": "USERID",
							"INVOICE": "INVOICE",
							"REFPONUM": "REFPONUM",
							"INTERNAL": "INTERNAL",
							"SHIPCOST": "SHIPCOST",
							"FREIGHT": "FREIGHT",
							"BLKTPONUM": "BLKTPONUM",
							"CROSSSITE": "CROSSSITE",
							"ALLOCODE": "ALLOCODE",
							"OUTSIDEBUD": "OUTSIDEBUD",
							"ADDLDESC": "ADDLDESC",
							"ESTEXPPED": "ESTEXPPED",
							"EXPCTRLFLAG": "EXPCTRLFLAG",
							"SHIPCNTY": "SHIPCNTY",
							"BILLCNTY": "BILLCNTY",
							"MG_AP_RECHARGE": "MG_AP_RECHARGE",
							"APPUPDATED": "APPUPDATED",
							"USRSTATUS": "USRSTATUS"
						}
					}
				},
				"inputs": [
					{
						"referenceName": "MRIReplicaPOHD",
						"type": "DatasetReference"
					}
				],
				"outputs": [
					{
						"referenceName": "SQLDataWarehouse_staging_mri_pohd",
						"type": "DatasetReference"
					}
				]
			},
			{
				"name": "stagingMRIPOHDFailure",
				"type": "WebActivity",
				"dependsOn": [
					{
						"activity": "stagingMRIPOHD",
						"dependencyConditions": [
							"Failed"
						]
					}
				],
				"policy": {
					"timeout": "7.00:00:00",
					"retry": 0,
					"retryIntervalInSeconds": 30,
					"secureOutput": false,
					"secureInput": false
				},
				"userProperties": [],
				"typeProperties": {
					"url": "https://prod-17.northeurope.logic.azure.com:443/workflows/b5b00e5596e94affb317290e4964e4a4/triggers/manual/paths/invoke?api-version=2016-10-01&sp=%2Ftriggers%2Fmanual%2Frun&sv=1.0&sig=55j9tHX1WsutSx6HqYyFcX80ICAhwCoE06KuGGetqb8",
					"method": "POST",
					"headers": {
						"Content-Type": "application/json"
					},
					"body": {
						"activity": "stagingMRIPOHD",
						"message": "@{activity('stagingMRIPOHD').error.message}",
						"dataFactoryName": "@{pipeline().DataFactory}",
						"pipelineName": "@{pipeline().Pipeline}",
						"FailureNotificationRecipient": "@pipeline().parameters.FailureNotificationRecipient"
					}
				}
			}
		],
		"parameters": {
			"FailureNotificationRecipient": {
				"type": "string",
				"defaultValue": "data.platform@mcarthurglen.com"
			}
		},
		"folder": {
			"name": "MRI"
		},
		"annotations": []
	},
	"type": "Microsoft.DataFactory/factories/pipelines"
}