{
	"name": "MRISUIT_Incremental",
	"properties": {
		"activities": [
			{
				"name": "CopySUITInserts",
				"type": "Copy",
				"dependsOn": [],
				"policy": {
					"timeout": "7.00:00:00",
					"retry": 0,
					"retryIntervalInSeconds": 30,
					"secureOutput": false,
					"secureInput": false
				},
				"userProperties": [],
				"typeProperties": {
					"source": {
						"type": "SqlServerSource",
						"sqlReaderQuery": "WITH change_table AS (\nSELECT DISTINCT BLDGID, SUITID\nFROM CHANGETABLE(CHANGES SUIT,1) AS change_table\nWHERE SYS_CHANGE_OPERATION = 'I'\n)\nSELECT SUIT.*\nFROM SUIT\nJOIN change_table ct ON ct.BLDGID = SUIT.BLDGID AND ct.SUITID = SUIT.SUITID;"
					},
					"sink": {
						"type": "SqlDWSink",
						"allowPolyBase": true,
						"writeBatchSize": 10000,
						"preCopyScript": "TRUNCATE TABLE staging.mri_suit;",
						"polyBaseSettings": {
							"rejectValue": 0,
							"rejectType": "value",
							"useTypeDefault": false
						}
					},
					"enableStaging": true,
					"stagingSettings": {
						"linkedServiceName": {
							"referenceName": "dataplatformstoragearea",
							"type": "LinkedServiceReference"
						},
						"enableCompression": true
					},
					"translator": {
						"type": "TabularTranslator",
						"columnMappings": {
							"BLDGID": "BLDGID",
							"SUITID": "SUITID",
							"ADDRESS": "ADDRESS",
							"SUITENO": "SUITENO",
							"FLOORNO": "FLOORNO",
							"TAXFID": "TAXFID",
							"SUITSQFT": "SUITSQFT",
							"MRKTRATE": "MRKTRATE",
							"LASTDATE": "LASTDATE",
							"USERID": "USERID",
							"INCCAT": "INCCAT",
							"UNITNAME": "UNITNAME",
							"UNITPCOD": "UNITPCOD",
							"UNITDESC": "UNITDESC",
							"MKTRNTM2": "MKTRNTM2",
							"UNITNLAM": "UNITNLAM",
							"UNITNLAF": "UNITNLAF",
							"UNITGEM": "UNITGEM",
							"UNITGEF": "UNITGEF",
							"UNITGIM": "UNITGIM",
							"UNITGIF": "UNITGIF",
							"UNITNFLR": "UNITNFLR",
							"UNITIWM": "UNITIWM",
							"UNITIWF": "UNITIWF",
							"UNITIDM": "UNITIDM",
							"UNITIDF": "UNITIDF",
							"UNITSDM": "UNITSDM",
							"UNITSDF": "UNITSDF",
							"UNITGFM": "UNITGFM",
							"UNITGFF": "UNITGFF",
							"UNITNFM": "UNITNFM",
							"UNITNFF": "UNITNFF",
							"UNITNOPK": "UNITNOPK",
							"UNITVALD": "UNITVALD",
							"UNITERV": "UNITERV",
							"UNITVALA": "UNITVALA",
							"UNITINYD": "UNITINYD",
							"UNITREYD": "UNITREYD",
							"UNITEQYD": "UNITEQYD",
							"UNITGVAL": "UNITGVAL",
							"UNITRVAL": "UNITRVAL",
							"UNITUBR": "UNITUBR",
							"UNITRPAY": "UNITRPAY",
							"UNITRAUT": "UNITRAUT",
							"UNITVRBA": "UNITVRBA",
							"UNITWATA": "UNITWATA",
							"UNITPLAN": "UNITPLAN",
							"UNITSUBP": "UNITSUBP",
							"REINSTAT": "REINSTAT",
							"PROVVALU": "PROVVALU",
							"SERVTOTL": "SERVTOTL",
							"SERVPOIN": "SERVPOIN",
							"NUMCOVER": "NUMCOVER",
							"NUMUNCOV": "NUMUNCOV",
							"NUMOFFSI": "NUMOFFSI",
							"RATIOMTR": "RATIOMTR",
							"RATIOSQF": "RATIOSQF",
							"UNTUSETY": "UNTUSETY",
							"UNITVAT": "UNITVAT",
							"NOTESARE": "NOTESARE",
							"VALPRPUN": "VALPRPUN",
							"REINPOIN": "REINPOIN",
							"SQREFOOT": "SQREFOOT",
							"SQREMTRS": "SQREMTRS",
							"MARKRENT": "MARKRENT",
							"VACPERIOD": "VACPERIOD",
							"TAXEXEMPT": "TAXEXEMPT",
							"ANNINCOME": "ANNINCOME",
							"SUITETYPE_MRI": "SUITETYPE_MRI"
						}
					}
				},
				"inputs": [
					{
						"referenceName": "MRIReplicaSUIT",
						"type": "DatasetReference"
					}
				],
				"outputs": [
					{
						"referenceName": "SQLDataWarehouse_staging_mri_suit",
						"type": "DatasetReference"
					}
				]
			},
			{
				"name": "sp_insert_mri_suit",
				"type": "SqlServerStoredProcedure",
				"dependsOn": [
					{
						"activity": "CopySUITInserts",
						"dependencyConditions": [
							"Succeeded"
						]
					}
				],
				"policy": {
					"timeout": "7.00:00:00",
					"retry": 0,
					"retryIntervalInSeconds": 30,
					"secureOutput": false,
					"secureInput": false
				},
				"userProperties": [],
				"typeProperties": {
					"storedProcedureName": "[dbo].[sp_insert_mri_suit]"
				},
				"linkedServiceName": {
					"referenceName": "SQLDataWarehouse",
					"type": "LinkedServiceReference"
				}
			},
			{
				"name": "CopySUITUpdates",
				"type": "Copy",
				"dependsOn": [
					{
						"activity": "sp_insert_mri_suit",
						"dependencyConditions": [
							"Succeeded"
						]
					}
				],
				"policy": {
					"timeout": "7.00:00:00",
					"retry": 0,
					"retryIntervalInSeconds": 30,
					"secureOutput": false,
					"secureInput": false
				},
				"userProperties": [],
				"typeProperties": {
					"source": {
						"type": "SqlServerSource",
						"sqlReaderQuery": "WITH change_table AS (\nSELECT DISTINCT BLDGID, SUITID\nFROM CHANGETABLE(CHANGES SUIT,1) AS change_table\nWHERE SYS_CHANGE_OPERATION = 'U'\n)\nSELECT SUIT.*\nFROM SUIT\nJOIN change_table ct ON ct.BLDGID = SUIT.BLDGID AND ct.SUITID = SUIT.SUITID;"
					},
					"sink": {
						"type": "SqlDWSink",
						"allowPolyBase": true,
						"writeBatchSize": 10000,
						"preCopyScript": "TRUNCATE TABLE staging.mri_suit;",
						"polyBaseSettings": {
							"rejectValue": 0,
							"rejectType": "value",
							"useTypeDefault": false
						}
					},
					"enableStaging": true,
					"stagingSettings": {
						"linkedServiceName": {
							"referenceName": "dataplatformstoragearea",
							"type": "LinkedServiceReference"
						},
						"enableCompression": true
					},
					"translator": {
						"type": "TabularTranslator",
						"columnMappings": {
							"BLDGID": "BLDGID",
							"SUITID": "SUITID",
							"ADDRESS": "ADDRESS",
							"SUITENO": "SUITENO",
							"FLOORNO": "FLOORNO",
							"TAXFID": "TAXFID",
							"SUITSQFT": "SUITSQFT",
							"MRKTRATE": "MRKTRATE",
							"LASTDATE": "LASTDATE",
							"USERID": "USERID",
							"INCCAT": "INCCAT",
							"UNITNAME": "UNITNAME",
							"UNITPCOD": "UNITPCOD",
							"UNITDESC": "UNITDESC",
							"MKTRNTM2": "MKTRNTM2",
							"UNITNLAM": "UNITNLAM",
							"UNITNLAF": "UNITNLAF",
							"UNITGEM": "UNITGEM",
							"UNITGEF": "UNITGEF",
							"UNITGIM": "UNITGIM",
							"UNITGIF": "UNITGIF",
							"UNITNFLR": "UNITNFLR",
							"UNITIWM": "UNITIWM",
							"UNITIWF": "UNITIWF",
							"UNITIDM": "UNITIDM",
							"UNITIDF": "UNITIDF",
							"UNITSDM": "UNITSDM",
							"UNITSDF": "UNITSDF",
							"UNITGFM": "UNITGFM",
							"UNITGFF": "UNITGFF",
							"UNITNFM": "UNITNFM",
							"UNITNFF": "UNITNFF",
							"UNITNOPK": "UNITNOPK",
							"UNITVALD": "UNITVALD",
							"UNITERV": "UNITERV",
							"UNITVALA": "UNITVALA",
							"UNITINYD": "UNITINYD",
							"UNITREYD": "UNITREYD",
							"UNITEQYD": "UNITEQYD",
							"UNITGVAL": "UNITGVAL",
							"UNITRVAL": "UNITRVAL",
							"UNITUBR": "UNITUBR",
							"UNITRPAY": "UNITRPAY",
							"UNITRAUT": "UNITRAUT",
							"UNITVRBA": "UNITVRBA",
							"UNITWATA": "UNITWATA",
							"UNITPLAN": "UNITPLAN",
							"UNITSUBP": "UNITSUBP",
							"REINSTAT": "REINSTAT",
							"PROVVALU": "PROVVALU",
							"SERVTOTL": "SERVTOTL",
							"SERVPOIN": "SERVPOIN",
							"NUMCOVER": "NUMCOVER",
							"NUMUNCOV": "NUMUNCOV",
							"NUMOFFSI": "NUMOFFSI",
							"RATIOMTR": "RATIOMTR",
							"RATIOSQF": "RATIOSQF",
							"UNTUSETY": "UNTUSETY",
							"UNITVAT": "UNITVAT",
							"NOTESARE": "NOTESARE",
							"VALPRPUN": "VALPRPUN",
							"REINPOIN": "REINPOIN",
							"SQREFOOT": "SQREFOOT",
							"SQREMTRS": "SQREMTRS",
							"MARKRENT": "MARKRENT",
							"VACPERIOD": "VACPERIOD",
							"TAXEXEMPT": "TAXEXEMPT",
							"ANNINCOME": "ANNINCOME",
							"SUITETYPE_MRI": "SUITETYPE_MRI"
						}
					}
				},
				"inputs": [
					{
						"referenceName": "MRIReplicaSUIT",
						"type": "DatasetReference"
					}
				],
				"outputs": [
					{
						"referenceName": "SQLDataWarehouse_staging_mri_suit",
						"type": "DatasetReference"
					}
				]
			},
			{
				"name": "sp_update_mri_entity",
				"type": "SqlServerStoredProcedure",
				"dependsOn": [
					{
						"activity": "CopySUITUpdates",
						"dependencyConditions": [
							"Succeeded"
						]
					}
				],
				"policy": {
					"timeout": "7.00:00:00",
					"retry": 0,
					"retryIntervalInSeconds": 30,
					"secureOutput": false,
					"secureInput": false
				},
				"userProperties": [],
				"typeProperties": {
					"storedProcedureName": "[dbo].[sp_update_mri_entity]"
				},
				"linkedServiceName": {
					"referenceName": "SQLDataWarehouse",
					"type": "LinkedServiceReference"
				}
			},
			{
				"name": "CopySUITDeletions",
				"type": "Copy",
				"dependsOn": [
					{
						"activity": "sp_update_mri_entity",
						"dependencyConditions": [
							"Succeeded"
						]
					}
				],
				"policy": {
					"timeout": "7.00:00:00",
					"retry": 0,
					"retryIntervalInSeconds": 30,
					"secureOutput": false,
					"secureInput": false
				},
				"userProperties": [],
				"typeProperties": {
					"source": {
						"type": "SqlServerSource",
						"sqlReaderQuery": "SELECT DISTINCT BLDGID, SUITID\nFROM CHANGETABLE(CHANGES SUIT,1) AS change_table\nWHERE SYS_CHANGE_OPERATION = 'D';"
					},
					"sink": {
						"type": "SqlDWSink",
						"allowPolyBase": true,
						"writeBatchSize": 10000,
						"preCopyScript": "TRUNCATE TABLE staging.mri_suit_deletion;",
						"polyBaseSettings": {
							"rejectValue": 0,
							"rejectType": "value",
							"useTypeDefault": false
						}
					},
					"enableStaging": true,
					"stagingSettings": {
						"linkedServiceName": {
							"referenceName": "dataplatformstoragearea",
							"type": "LinkedServiceReference"
						},
						"enableCompression": true
					},
					"translator": {
						"type": "TabularTranslator",
						"columnMappings": {
							"BLDGID": "BLDGID",
							"SUITID": "SUITID"
						}
					}
				},
				"inputs": [
					{
						"referenceName": "MRIReplicaSUIT",
						"type": "DatasetReference"
					}
				],
				"outputs": [
					{
						"referenceName": "SQLDataWarehouse_staging_mri_suit_deletion",
						"type": "DatasetReference"
					}
				]
			},
			{
				"name": "sp_update_mri_suit_deletion",
				"type": "SqlServerStoredProcedure",
				"dependsOn": [
					{
						"activity": "CopySUITDeletions",
						"dependencyConditions": [
							"Succeeded"
						]
					}
				],
				"policy": {
					"timeout": "7.00:00:00",
					"retry": 0,
					"retryIntervalInSeconds": 30,
					"secureOutput": false,
					"secureInput": false
				},
				"userProperties": [],
				"typeProperties": {
					"storedProcedureName": "[dbo].[sp_update_mri_suit_deletion]"
				},
				"linkedServiceName": {
					"referenceName": "SQLDataWarehouse",
					"type": "LinkedServiceReference"
				}
			},
			{
				"name": "CopySUITInsertsFailure",
				"type": "WebActivity",
				"dependsOn": [
					{
						"activity": "CopySUITInserts",
						"dependencyConditions": [
							"Failed"
						]
					}
				],
				"policy": {
					"timeout": "7.00:00:00",
					"retry": 0,
					"retryIntervalInSeconds": 30,
					"secureOutput": false,
					"secureInput": false
				},
				"userProperties": [],
				"typeProperties": {
					"url": "https://prod-17.northeurope.logic.azure.com:443/workflows/b5b00e5596e94affb317290e4964e4a4/triggers/manual/paths/invoke?api-version=2016-10-01&sp=%2Ftriggers%2Fmanual%2Frun&sv=1.0&sig=55j9tHX1WsutSx6HqYyFcX80ICAhwCoE06KuGGetqb8",
					"method": "POST",
					"headers": {
						"Content-Type": "application/json"
					},
					"body": {
						"activity": "CopySUITInserts",
						"message": "@{activity('CopySUITInserts').error.message}",
						"dataFactoryName": "@{pipeline().DataFactory}",
						"pipelineName": "@{pipeline().Pipeline}",
						"FailureNotificationRecipient": "@pipeline().parameters.FailureNotificationRecipient"
					}
				}
			},
			{
				"name": "sp_insert_mri_suitFailure",
				"type": "WebActivity",
				"dependsOn": [
					{
						"activity": "sp_insert_mri_suit",
						"dependencyConditions": [
							"Failed"
						]
					}
				],
				"policy": {
					"timeout": "7.00:00:00",
					"retry": 0,
					"retryIntervalInSeconds": 30,
					"secureOutput": false,
					"secureInput": false
				},
				"userProperties": [],
				"typeProperties": {
					"url": "https://prod-17.northeurope.logic.azure.com:443/workflows/b5b00e5596e94affb317290e4964e4a4/triggers/manual/paths/invoke?api-version=2016-10-01&sp=%2Ftriggers%2Fmanual%2Frun&sv=1.0&sig=55j9tHX1WsutSx6HqYyFcX80ICAhwCoE06KuGGetqb8",
					"method": "POST",
					"headers": {
						"Content-Type": "application/json"
					},
					"body": {
						"activity": "sp_insert_mri_suit",
						"message": "@{activity('sp_insert_mri_suit').error.message}",
						"dataFactoryName": "@{pipeline().DataFactory}",
						"pipelineName": "@{pipeline().Pipeline}",
						"FailureNotificationRecipient": "@pipeline().parameters.FailureNotificationRecipient"
					}
				}
			},
			{
				"name": "CopySUITUpdatesFailure",
				"type": "WebActivity",
				"dependsOn": [
					{
						"activity": "CopySUITUpdates",
						"dependencyConditions": [
							"Failed"
						]
					}
				],
				"policy": {
					"timeout": "7.00:00:00",
					"retry": 0,
					"retryIntervalInSeconds": 30,
					"secureOutput": false,
					"secureInput": false
				},
				"userProperties": [],
				"typeProperties": {
					"url": "https://prod-17.northeurope.logic.azure.com:443/workflows/b5b00e5596e94affb317290e4964e4a4/triggers/manual/paths/invoke?api-version=2016-10-01&sp=%2Ftriggers%2Fmanual%2Frun&sv=1.0&sig=55j9tHX1WsutSx6HqYyFcX80ICAhwCoE06KuGGetqb8",
					"method": "POST",
					"headers": {
						"Content-Type": "application/json"
					},
					"body": {
						"activity": "CopySUITUpdates",
						"message": "@{activity('CopySUITUpdates').error.message}",
						"dataFactoryName": "@{pipeline().DataFactory}",
						"pipelineName": "@{pipeline().Pipeline}",
						"FailureNotificationRecipient": "@pipeline().parameters.FailureNotificationRecipient"
					}
				}
			},
			{
				"name": "sp_update_mri_entityFailure",
				"type": "WebActivity",
				"dependsOn": [
					{
						"activity": "sp_update_mri_entity",
						"dependencyConditions": [
							"Failed"
						]
					}
				],
				"policy": {
					"timeout": "7.00:00:00",
					"retry": 0,
					"retryIntervalInSeconds": 30,
					"secureOutput": false,
					"secureInput": false
				},
				"userProperties": [],
				"typeProperties": {
					"url": "https://prod-17.northeurope.logic.azure.com:443/workflows/b5b00e5596e94affb317290e4964e4a4/triggers/manual/paths/invoke?api-version=2016-10-01&sp=%2Ftriggers%2Fmanual%2Frun&sv=1.0&sig=55j9tHX1WsutSx6HqYyFcX80ICAhwCoE06KuGGetqb8",
					"method": "POST",
					"headers": {
						"Content-Type": "application/json"
					},
					"body": {
						"activity": "sp_update_mri_entity",
						"message": "@{activity('sp_update_mri_entity').error.message}",
						"dataFactoryName": "@{pipeline().DataFactory}",
						"pipelineName": "@{pipeline().Pipeline}",
						"FailureNotificationRecipient": "@pipeline().parameters.FailureNotificationRecipient"
					}
				}
			},
			{
				"name": "CopySUITDeletionsFailure",
				"type": "WebActivity",
				"dependsOn": [
					{
						"activity": "CopySUITDeletions",
						"dependencyConditions": [
							"Failed"
						]
					}
				],
				"policy": {
					"timeout": "7.00:00:00",
					"retry": 0,
					"retryIntervalInSeconds": 30,
					"secureOutput": false,
					"secureInput": false
				},
				"userProperties": [],
				"typeProperties": {
					"url": "https://prod-17.northeurope.logic.azure.com:443/workflows/b5b00e5596e94affb317290e4964e4a4/triggers/manual/paths/invoke?api-version=2016-10-01&sp=%2Ftriggers%2Fmanual%2Frun&sv=1.0&sig=55j9tHX1WsutSx6HqYyFcX80ICAhwCoE06KuGGetqb8",
					"method": "POST",
					"headers": {
						"Content-Type": "application/json"
					},
					"body": {
						"activity": "CopySUITDeletions",
						"message": "@{activity('CopySUITDeletions').error.message}",
						"dataFactoryName": "@{pipeline().DataFactory}",
						"pipelineName": "@{pipeline().Pipeline}",
						"FailureNotificationRecipient": "@pipeline().parameters.FailureNotificationRecipient"
					}
				}
			},
			{
				"name": "sp_update_mri_suit_deletionFailure",
				"type": "WebActivity",
				"dependsOn": [
					{
						"activity": "sp_update_mri_suit_deletion",
						"dependencyConditions": [
							"Failed"
						]
					}
				],
				"policy": {
					"timeout": "7.00:00:00",
					"retry": 0,
					"retryIntervalInSeconds": 30,
					"secureOutput": false,
					"secureInput": false
				},
				"userProperties": [],
				"typeProperties": {
					"url": "https://prod-17.northeurope.logic.azure.com:443/workflows/b5b00e5596e94affb317290e4964e4a4/triggers/manual/paths/invoke?api-version=2016-10-01&sp=%2Ftriggers%2Fmanual%2Frun&sv=1.0&sig=55j9tHX1WsutSx6HqYyFcX80ICAhwCoE06KuGGetqb8",
					"method": "POST",
					"headers": {
						"Content-Type": "application/json"
					},
					"body": {
						"activity": "sp_update_mri_suit_deletion",
						"message": "@{activity('sp_update_mri_suit_deletion').error.message}",
						"dataFactoryName": "@{pipeline().DataFactory}",
						"pipelineName": "@{pipeline().Pipeline}",
						"FailureNotificationRecipient": "@pipeline().parameters.FailureNotificationRecipient"
					}
				}
			}
		],
		"parameters": {
			"FailureNotificationRecipient": {
				"type": "String",
				"defaultValue": "data.platform@mcarthurglen.com"
			}
		},
		"folder": {
			"name": "MRI"
		},
		"annotations": []
	},
	"type": "Microsoft.DataFactory/factories/pipelines"
}