{
	"name": "MRISUIT",
	"properties": {
		"activities": [
			{
				"name": "MRISUIT",
				"type": "Copy",
				"dependsOn": [
					{
						"activity": "stagingMRISUIT",
						"dependencyConditions": [
							"Succeeded"
						]
					}
				],
				"policy": {
					"timeout": "7.00:00:00",
					"retry": 0,
					"retryIntervalInSeconds": 30,
					"secureOutput": false,
					"secureInput": false
				},
				"userProperties": [],
				"typeProperties": {
					"source": {
						"type": "SqlDWSource"
					},
					"sink": {
						"type": "SqlDWSink",
						"allowPolyBase": true,
						"writeBatchSize": 100000,
						"preCopyScript": "TRUNCATE TABLE mri.SUIT;",
						"polyBaseSettings": {
							"rejectValue": 0,
							"rejectType": "value",
							"useTypeDefault": false
						},
						"disableMetricsCollection": false
					},
					"enableStaging": true,
					"stagingSettings": {
						"linkedServiceName": {
							"referenceName": "dataplatformstoragearea",
							"type": "LinkedServiceReference"
						},
						"enableCompression": true
					},
					"translator": {
						"type": "TabularTranslator",
						"columnMappings": {
							"BLDGID": "BLDGID",
							"SUITID": "SUITID",
							"ADDRESS": "ADDRESS",
							"SUITENO": "SUITENO",
							"FLOORNO": "FLOORNO",
							"TAXFID": "TAXFID",
							"SUITSQFT": "SUITSQFT",
							"MRKTRATE": "MRKTRATE",
							"LASTDATE": "LASTDATE",
							"USERID": "USERID",
							"INCCAT": "INCCAT",
							"UNITNAME": "UNITNAME",
							"UNITPCOD": "UNITPCOD",
							"UNITDESC": "UNITDESC",
							"MKTRNTM2": "MKTRNTM2",
							"UNITNLAM": "UNITNLAM",
							"UNITNLAF": "UNITNLAF",
							"UNITGEM": "UNITGEM",
							"UNITGEF": "UNITGEF",
							"UNITGIM": "UNITGIM",
							"UNITGIF": "UNITGIF",
							"UNITNFLR": "UNITNFLR",
							"UNITIWM": "UNITIWM",
							"UNITIWF": "UNITIWF",
							"UNITIDM": "UNITIDM",
							"UNITIDF": "UNITIDF",
							"UNITSDM": "UNITSDM",
							"UNITSDF": "UNITSDF",
							"UNITGFM": "UNITGFM",
							"UNITGFF": "UNITGFF",
							"UNITNFM": "UNITNFM",
							"UNITNFF": "UNITNFF",
							"UNITNOPK": "UNITNOPK",
							"UNITVALD": "UNITVALD",
							"UNITERV": "UNITERV",
							"UNITVALA": "UNITVALA",
							"UNITINYD": "UNITINYD",
							"UNITREYD": "UNITREYD",
							"UNITEQYD": "UNITEQYD",
							"UNITGVAL": "UNITGVAL",
							"UNITRVAL": "UNITRVAL",
							"UNITUBR": "UNITUBR",
							"UNITRPAY": "UNITRPAY",
							"UNITRAUT": "UNITRAUT",
							"UNITVRBA": "UNITVRBA",
							"UNITWATA": "UNITWATA",
							"UNITPLAN": "UNITPLAN",
							"UNITSUBP": "UNITSUBP",
							"REINSTAT": "REINSTAT",
							"PROVVALU": "PROVVALU",
							"SERVTOTL": "SERVTOTL",
							"SERVPOIN": "SERVPOIN",
							"NUMCOVER": "NUMCOVER",
							"NUMUNCOV": "NUMUNCOV",
							"NUMOFFSI": "NUMOFFSI",
							"RATIOMTR": "RATIOMTR",
							"RATIOSQF": "RATIOSQF",
							"UNTUSETY": "UNTUSETY",
							"UNITVAT": "UNITVAT",
							"NOTESARE": "NOTESARE",
							"VALPRPUN": "VALPRPUN",
							"REINPOIN": "REINPOIN",
							"SQREFOOT": "SQREFOOT",
							"SQREMTRS": "SQREMTRS",
							"MARKRENT": "MARKRENT",
							"VACPERIOD": "VACPERIOD",
							"TAXEXEMPT": "TAXEXEMPT",
							"ANNINCOME": "ANNINCOME",
							"SUITETYPE_MRI": "SUITETYPE_MRI"
						}
					}
				},
				"inputs": [
					{
						"referenceName": "SQLDataWarehouse_staging_mri_suit",
						"type": "DatasetReference"
					}
				],
				"outputs": [
					{
						"referenceName": "SQLDataWarehouse_mri_suit",
						"type": "DatasetReference"
					}
				]
			},
			{
				"name": "MRISUITFailure",
				"type": "WebActivity",
				"dependsOn": [
					{
						"activity": "MRISUIT",
						"dependencyConditions": [
							"Failed"
						]
					}
				],
				"policy": {
					"timeout": "7.00:00:00",
					"retry": 0,
					"retryIntervalInSeconds": 30,
					"secureOutput": false,
					"secureInput": false
				},
				"userProperties": [],
				"typeProperties": {
					"url": "https://prod-17.northeurope.logic.azure.com:443/workflows/b5b00e5596e94affb317290e4964e4a4/triggers/manual/paths/invoke?api-version=2016-10-01&sp=%2Ftriggers%2Fmanual%2Frun&sv=1.0&sig=55j9tHX1WsutSx6HqYyFcX80ICAhwCoE06KuGGetqb8",
					"method": "POST",
					"headers": {
						"Content-Type": "application/json"
					},
					"body": {
						"activity": "MRISUIT",
						"message": "@{activity('MRISUIT').error.message}",
						"dataFactoryName": "@{pipeline().DataFactory}",
						"pipelineName": "@{pipeline().Pipeline}",
						"FailureNotificationRecipient": "@pipeline().parameters.FailureNotificationRecipient"
					}
				}
			},
			{
				"name": "stagingMRISUIT",
				"type": "Copy",
				"dependsOn": [],
				"policy": {
					"timeout": "7.00:00:00",
					"retry": 0,
					"retryIntervalInSeconds": 30,
					"secureOutput": false,
					"secureInput": false
				},
				"userProperties": [],
				"typeProperties": {
					"source": {
						"type": "SqlServerSource"
					},
					"sink": {
						"type": "SqlDWSink",
						"allowPolyBase": true,
						"writeBatchSize": 100000,
						"preCopyScript": "TRUNCATE TABLE staging.mri_SUIT;",
						"polyBaseSettings": {
							"rejectValue": 0,
							"rejectType": "value",
							"useTypeDefault": false
						},
						"disableMetricsCollection": false
					},
					"enableStaging": true,
					"stagingSettings": {
						"linkedServiceName": {
							"referenceName": "dataplatformstoragearea",
							"type": "LinkedServiceReference"
						},
						"enableCompression": true
					},
					"translator": {
						"type": "TabularTranslator",
						"columnMappings": {
							"BLDGID": "BLDGID",
							"SUITID": "SUITID",
							"ADDRESS": "ADDRESS",
							"SUITENO": "SUITENO",
							"FLOORNO": "FLOORNO",
							"TAXFID": "TAXFID",
							"SUITSQFT": "SUITSQFT",
							"MRKTRATE": "MRKTRATE",
							"LASTDATE": "LASTDATE",
							"USERID": "USERID",
							"INCCAT": "INCCAT",
							"UNITNAME": "UNITNAME",
							"UNITPCOD": "UNITPCOD",
							"UNITDESC": "UNITDESC",
							"MKTRNTM2": "MKTRNTM2",
							"UNITNLAM": "UNITNLAM",
							"UNITNLAF": "UNITNLAF",
							"UNITGEM": "UNITGEM",
							"UNITGEF": "UNITGEF",
							"UNITGIM": "UNITGIM",
							"UNITGIF": "UNITGIF",
							"UNITNFLR": "UNITNFLR",
							"UNITIWM": "UNITIWM",
							"UNITIWF": "UNITIWF",
							"UNITIDM": "UNITIDM",
							"UNITIDF": "UNITIDF",
							"UNITSDM": "UNITSDM",
							"UNITSDF": "UNITSDF",
							"UNITGFM": "UNITGFM",
							"UNITGFF": "UNITGFF",
							"UNITNFM": "UNITNFM",
							"UNITNFF": "UNITNFF",
							"UNITNOPK": "UNITNOPK",
							"UNITVALD": "UNITVALD",
							"UNITERV": "UNITERV",
							"UNITVALA": "UNITVALA",
							"UNITINYD": "UNITINYD",
							"UNITREYD": "UNITREYD",
							"UNITEQYD": "UNITEQYD",
							"UNITGVAL": "UNITGVAL",
							"UNITRVAL": "UNITRVAL",
							"UNITUBR": "UNITUBR",
							"UNITRPAY": "UNITRPAY",
							"UNITRAUT": "UNITRAUT",
							"UNITVRBA": "UNITVRBA",
							"UNITWATA": "UNITWATA",
							"UNITPLAN": "UNITPLAN",
							"UNITSUBP": "UNITSUBP",
							"REINSTAT": "REINSTAT",
							"PROVVALU": "PROVVALU",
							"SERVTOTL": "SERVTOTL",
							"SERVPOIN": "SERVPOIN",
							"NUMCOVER": "NUMCOVER",
							"NUMUNCOV": "NUMUNCOV",
							"NUMOFFSI": "NUMOFFSI",
							"RATIOMTR": "RATIOMTR",
							"RATIOSQF": "RATIOSQF",
							"UNTUSETY": "UNTUSETY",
							"UNITVAT": "UNITVAT",
							"NOTESARE": "NOTESARE",
							"VALPRPUN": "VALPRPUN",
							"REINPOIN": "REINPOIN",
							"SQREFOOT": "SQREFOOT",
							"SQREMTRS": "SQREMTRS",
							"MARKRENT": "MARKRENT",
							"VACPERIOD": "VACPERIOD",
							"TAXEXEMPT": "TAXEXEMPT",
							"ANNINCOME": "ANNINCOME",
							"SUITETYPE_MRI": "SUITETYPE_MRI"
						}
					}
				},
				"inputs": [
					{
						"referenceName": "MRIReplicaSUIT",
						"type": "DatasetReference"
					}
				],
				"outputs": [
					{
						"referenceName": "SQLDataWarehouse_staging_mri_suit",
						"type": "DatasetReference"
					}
				]
			},
			{
				"name": "stagingMRISUITFailure",
				"type": "WebActivity",
				"dependsOn": [
					{
						"activity": "stagingMRISUIT",
						"dependencyConditions": [
							"Failed"
						]
					}
				],
				"policy": {
					"timeout": "7.00:00:00",
					"retry": 0,
					"retryIntervalInSeconds": 30,
					"secureOutput": false,
					"secureInput": false
				},
				"userProperties": [],
				"typeProperties": {
					"url": "https://prod-17.northeurope.logic.azure.com:443/workflows/b5b00e5596e94affb317290e4964e4a4/triggers/manual/paths/invoke?api-version=2016-10-01&sp=%2Ftriggers%2Fmanual%2Frun&sv=1.0&sig=55j9tHX1WsutSx6HqYyFcX80ICAhwCoE06KuGGetqb8",
					"method": "POST",
					"headers": {
						"Content-Type": "application/json"
					},
					"body": {
						"activity": "stagingMRISUIT",
						"message": "@{activity('stagingMRISUIT').error.message}",
						"dataFactoryName": "@{pipeline().DataFactory}",
						"pipelineName": "@{pipeline().Pipeline}",
						"FailureNotificationRecipient": "@pipeline().parameters.FailureNotificationRecipient"
					}
				}
			}
		],
		"parameters": {
			"FailureNotificationRecipient": {
				"type": "string",
				"defaultValue": "data.platform@mcarthurglen.com"
			}
		},
		"folder": {
			"name": "MRI"
		},
		"annotations": []
	},
	"type": "Microsoft.DataFactory/factories/pipelines"
}