{
	"name": "MRISHIS",
	"properties": {
		"activities": [
			{
				"name": "MRISHIS",
				"type": "Copy",
				"dependsOn": [
					{
						"activity": "stagingMRISHIS",
						"dependencyConditions": [
							"Succeeded"
						]
					}
				],
				"policy": {
					"timeout": "7.00:00:00",
					"retry": 0,
					"retryIntervalInSeconds": 30,
					"secureOutput": false,
					"secureInput": false
				},
				"userProperties": [],
				"typeProperties": {
					"source": {
						"type": "SqlDWSource"
					},
					"sink": {
						"type": "SqlDWSink",
						"allowPolyBase": true,
						"writeBatchSize": 100000,
						"preCopyScript": "TRUNCATE TABLE mri.SHIS;",
						"polyBaseSettings": {
							"rejectValue": 0,
							"rejectType": "value",
							"useTypeDefault": false
						},
						"disableMetricsCollection": false
					},
					"enableStaging": true,
					"stagingSettings": {
						"linkedServiceName": {
							"referenceName": "dataplatformstoragearea",
							"type": "LinkedServiceReference"
						},
						"enableCompression": true
					},
					"translator": {
						"type": "TabularTranslator",
						"columnMappings": {
							"BLDGID": "BLDGID",
							"LEASID": "LEASID",
							"STYPID": "STYPID",
							"RPTYID": "RPTYID",
							"PERIOD": "PERIOD",
							"RPTDATE": "RPTDATE",
							"AMOUNT": "AMOUNT",
							"LASTDATE": "LASTDATE",
							"USERID": "USERID",
							"CURRCODE": "CURRCODE",
							"PORTALUSERID": "PORTALUSERID",
							"BMGSALES": "BMGSALES",
							"BMGSECOND": "BMGSECOND",
							"WBMGCALC": "WBMGCALC",
							"TURNOVER": "TURNOVER",
							"STARTDT": "STARTDT",
							"MGCALCMODE": "MGCALCMODE"
						}
					}
				},
				"inputs": [
					{
						"referenceName": "SQLDataWarehouse_staging_mri_shis",
						"type": "DatasetReference"
					}
				],
				"outputs": [
					{
						"referenceName": "SQLDataWarehouse_mri_shis",
						"type": "DatasetReference"
					}
				]
			},
			{
				"name": "MRISHISFailure",
				"type": "WebActivity",
				"dependsOn": [
					{
						"activity": "MRISHIS",
						"dependencyConditions": [
							"Failed"
						]
					}
				],
				"policy": {
					"timeout": "7.00:00:00",
					"retry": 0,
					"retryIntervalInSeconds": 30,
					"secureOutput": false,
					"secureInput": false
				},
				"userProperties": [],
				"typeProperties": {
					"url": "https://prod-17.northeurope.logic.azure.com:443/workflows/b5b00e5596e94affb317290e4964e4a4/triggers/manual/paths/invoke?api-version=2016-10-01&sp=%2Ftriggers%2Fmanual%2Frun&sv=1.0&sig=55j9tHX1WsutSx6HqYyFcX80ICAhwCoE06KuGGetqb8",
					"method": "POST",
					"headers": {
						"Content-Type": "application/json"
					},
					"body": {
						"activity": "MRISHIS",
						"message": "@{activity('MRISHIS').error.message}",
						"dataFactoryName": "@{pipeline().DataFactory}",
						"pipelineName": "@{pipeline().Pipeline}",
						"FailureNotificationRecipient": "@pipeline().parameters.FailureNotificationRecipient"
					}
				}
			},
			{
				"name": "stagingMRISHIS",
				"type": "Copy",
				"dependsOn": [],
				"policy": {
					"timeout": "7.00:00:00",
					"retry": 0,
					"retryIntervalInSeconds": 30,
					"secureOutput": false,
					"secureInput": false
				},
				"userProperties": [],
				"typeProperties": {
					"source": {
						"type": "SqlServerSource"
					},
					"sink": {
						"type": "SqlDWSink",
						"allowPolyBase": true,
						"writeBatchSize": 100000,
						"preCopyScript": "TRUNCATE TABLE staging.mri_SHIS;",
						"polyBaseSettings": {
							"rejectValue": 0,
							"rejectType": "value",
							"useTypeDefault": false
						},
						"disableMetricsCollection": false
					},
					"enableStaging": true,
					"stagingSettings": {
						"linkedServiceName": {
							"referenceName": "dataplatformstoragearea",
							"type": "LinkedServiceReference"
						},
						"enableCompression": true
					},
					"translator": {
						"type": "TabularTranslator",
						"columnMappings": {
							"BLDGID": "BLDGID",
							"LEASID": "LEASID",
							"STYPID": "STYPID",
							"RPTYID": "RPTYID",
							"PERIOD": "PERIOD",
							"RPTDATE": "RPTDATE",
							"AMOUNT": "AMOUNT",
							"LASTDATE": "LASTDATE",
							"USERID": "USERID",
							"CURRCODE": "CURRCODE",
							"PORTALUSERID": "PORTALUSERID",
							"BMGSALES": "BMGSALES",
							"BMGSECOND": "BMGSECOND",
							"WBMGCALC": "WBMGCALC",
							"TURNOVER": "TURNOVER",
							"STARTDT": "STARTDT",
							"MGCALCMODE": "MGCALCMODE"
						}
					}
				},
				"inputs": [
					{
						"referenceName": "MRIReplicaSHIS",
						"type": "DatasetReference"
					}
				],
				"outputs": [
					{
						"referenceName": "SQLDataWarehouse_staging_mri_shis",
						"type": "DatasetReference"
					}
				]
			},
			{
				"name": "stagingMRISHISFailure",
				"type": "WebActivity",
				"dependsOn": [
					{
						"activity": "stagingMRISHIS",
						"dependencyConditions": [
							"Failed"
						]
					}
				],
				"policy": {
					"timeout": "7.00:00:00",
					"retry": 0,
					"retryIntervalInSeconds": 30,
					"secureOutput": false,
					"secureInput": false
				},
				"userProperties": [],
				"typeProperties": {
					"url": "https://prod-17.northeurope.logic.azure.com:443/workflows/b5b00e5596e94affb317290e4964e4a4/triggers/manual/paths/invoke?api-version=2016-10-01&sp=%2Ftriggers%2Fmanual%2Frun&sv=1.0&sig=55j9tHX1WsutSx6HqYyFcX80ICAhwCoE06KuGGetqb8",
					"method": "POST",
					"headers": {
						"Content-Type": "application/json"
					},
					"body": {
						"activity": "stagingMRISHIS",
						"message": "@{activity('stagingMRISHIS').error.message}",
						"dataFactoryName": "@{pipeline().DataFactory}",
						"pipelineName": "@{pipeline().Pipeline}",
						"FailureNotificationRecipient": "@pipeline().parameters.FailureNotificationRecipient"
					}
				}
			}
		],
		"parameters": {
			"FailureNotificationRecipient": {
				"type": "string",
				"defaultValue": "data.platform@mcarthurglen.com"
			}
		},
		"folder": {
			"name": "MRI"
		},
		"annotations": []
	},
	"type": "Microsoft.DataFactory/factories/pipelines"
}