{
	"name": "MRITB_MG_ACCRU_PREPAY_Incremental",
	"properties": {
		"activities": [
			{
				"name": "CopyTB_MG_ACCRU_PREPAYFailure",
				"type": "WebActivity",
				"dependsOn": [
					{
						"activity": "CopyTB_MG_ACCRU_PREPAY",
						"dependencyConditions": [
							"Failed"
						]
					}
				],
				"policy": {
					"timeout": "7.00:00:00",
					"retry": 0,
					"retryIntervalInSeconds": 30,
					"secureOutput": false,
					"secureInput": false
				},
				"userProperties": [],
				"typeProperties": {
					"url": "https://prod-17.northeurope.logic.azure.com:443/workflows/b5b00e5596e94affb317290e4964e4a4/triggers/manual/paths/invoke?api-version=2016-10-01&sp=%2Ftriggers%2Fmanual%2Frun&sv=1.0&sig=55j9tHX1WsutSx6HqYyFcX80ICAhwCoE06KuGGetqb8",
					"method": "POST",
					"headers": {
						"Content-Type": "application/json"
					},
					"body": {
						"activity": "CopyTB_MG_ACCRU_PREPAY",
						"message": "@{activity('CopyTB_MG_ACCRU_PREPAY').error.message}",
						"dataFactoryName": "@{pipeline().DataFactory}",
						"pipelineName": "@{pipeline().Pipeline}",
						"FailureNotificationRecipient": "@pipeline().parameters.FailureNotificationRecipient"
					}
				}
			},
			{
				"name": "CopyTB_MG_ACCRU_PREPAY",
				"type": "Copy",
				"dependsOn": [],
				"policy": {
					"timeout": "7.00:00:00",
					"retry": 0,
					"retryIntervalInSeconds": 30,
					"secureOutput": false,
					"secureInput": false
				},
				"userProperties": [],
				"typeProperties": {
					"source": {
						"type": "SqlSource"
					},
					"sink": {
						"type": "SqlDWSink",
						"allowPolyBase": false,
						"writeBatchSize": 10000,
						"preCopyScript": "TRUNCATE TABLE mri.tb_mg_accru_prepay;"
					},
					"enableStaging": false,
					"translator": {
						"type": "TabularTranslator",
						"columnMappings": {
							"BLDGID": "BLDGID",
							"LEASID": "LEASID",
							"PERIOD": "PERIOD",
							"ACCRPREPAY": "ACCRPREPAY",
							"DEBITACCT": "DEBITACCT",
							"CREDITACCT": "CREDITACCT",
							"AMT": "AMT",
							"DESCRPTN": "DESCRPTN",
							"GLREF": "GLREF",
							"SOURCE": "SOURCE",
							"SITEID": "SITEID",
							"FILENAME": "FILENAME",
							"USERID": "USERID",
							"LASTDATE": "LASTDATE",
							"DOCID": "DOCID",
							"PROCESSDATE": "PROCESSDATE"
						}
					}
				},
				"inputs": [
					{
						"referenceName": "MRIProductionTB_MG_ACCRU_PREPAY",
						"type": "DatasetReference"
					}
				],
				"outputs": [
					{
						"referenceName": "SQLDataWarehouse_mri_tb_mg_accru_prepay",
						"type": "DatasetReference"
					}
				]
			}
		],
		"parameters": {
			"FailureNotificationRecipient": {
				"type": "String",
				"defaultValue": "data.platform@mcarthurglen.com"
			}
		},
		"folder": {
			"name": "MRI"
		},
		"annotations": []
	},
	"type": "Microsoft.DataFactory/factories/pipelines"
}