{
	"name": "MRIVEND",
	"properties": {
		"activities": [
			{
				"name": "MRIVEND",
				"type": "Copy",
				"dependsOn": [
					{
						"activity": "stagingMRIVEND",
						"dependencyConditions": [
							"Succeeded"
						]
					}
				],
				"policy": {
					"timeout": "7.00:00:00",
					"retry": 0,
					"retryIntervalInSeconds": 30,
					"secureOutput": false,
					"secureInput": false
				},
				"userProperties": [],
				"typeProperties": {
					"source": {
						"type": "SqlDWSource"
					},
					"sink": {
						"type": "SqlDWSink",
						"allowPolyBase": true,
						"writeBatchSize": 100000,
						"preCopyScript": "TRUNCATE TABLE mri.VEND;",
						"polyBaseSettings": {
							"rejectValue": 0,
							"rejectType": "value",
							"useTypeDefault": false
						},
						"disableMetricsCollection": false
					},
					"enableStaging": true,
					"stagingSettings": {
						"linkedServiceName": {
							"referenceName": "dataplatformstoragearea",
							"type": "LinkedServiceReference"
						},
						"enableCompression": true
					},
					"translator": {
						"type": "TabularTranslator",
						"columnMappings": {
							"VENDID": "VENDID",
							"VENDNME1": "VENDNME1",
							"VENDNME2": "VENDNME2",
							"VENDADDR": "VENDADDR",
							"CITY": "CITY",
							"STATE": "STATE",
							"ZIP": "ZIP",
							"FEDIDTYP": "FEDIDTYP",
							"M_1099REQ": "M_1099REQ",
							"USEDISC": "USEDISC",
							"ACCTNUM": "ACCTNUM",
							"DELFLAG": "DELFLAG",
							"DAYS1": "DAYS1",
							"DISC1": "DISC1",
							"DAYS2": "DAYS2",
							"DISC2": "DISC2",
							"DAYS3": "DAYS3",
							"DISC3": "DISC3",
							"LASTDATE": "LASTDATE",
							"USERID": "USERID",
							"FOREIGNVND": "FOREIGNVND",
							"PHONE": "PHONE",
							"STATUS": "STATUS",
							"PAYTYPE": "PAYTYPE",
							"REF": "REF",
							"VATREG": "VATREG",
							"COUNTY": "COUNTY",
							"ENTITYRESTR": "ENTITYRESTR",
							"CONTACT": "CONTACT",
							"TERMS": "TERMS",
							"WIRETOCM": "WIRETOCM",
							"HOMEONLY": "HOMEONLY",
							"APPLIMIT": "APPLIMIT",
							"VENDTYPE": "VENDTYPE",
							"INSEXP": "INSEXP",
							"CURRCODE": "CURRCODE",
							"SITEID": "SITEID",
							"SUBCONT": "SUBCONT",
							"CERTREQD": "CERTREQD",
							"SUBWITH": "SUBWITH",
							"PRIORITYID": "PRIORITYID",
							"ATTNFEE": "ATTNFEE",
							"EXPCERTOK": "EXPCERTOK",
							"NOPOOK": "NOPOOK",
							"CheckPrintingPriorityID": "CheckPrintingPriorityID",
							"VENDADDR2": "VENDADDR2",
							"COUNTRY": "COUNTRY",
							"FEDID": "FEDID",
							"LASTEXPORTDATE": "LASTEXPORTDATE",
							"RMINTERNATIONAL": "RMINTERNATIONAL",
							"ACHVEND": "ACHVEND",
							"BANKACCTNAME": "BANKACCTNAME",
							"ACHPRENT": "ACHPRENT",
							"ACHVENDEMAIL": "ACHVENDEMAIL",
							"ACHSAV": "ACHSAV",
							"ABATRAN": "ABATRAN",
							"ABABANK": "ABABANK",
							"STDENTCODE": "STDENTCODE",
							"CITDCERT": "CITDCERT",
							"EXPRCERT": "EXPRCERT",
							"TYPECERT": "TYPECERT",
							"BANKCERT": "BANKCERT",
							"CLRGCERT": "CLRGCERT",
							"ACCTCERT": "ACCTCERT",
							"EBANKID": "EBANKID",
							"EBANKACC": "EBANKACC",
							"CIT": "CIT",
							"EMAIL": "EMAIL",
							"ACCTNAME": "ACCTNAME",
							"BANKNAME": "BANKNAME",
							"CNTYCODE": "CNTYCODE",
							"IBAN": "IBAN",
							"SWIFT": "SWIFT",
							"REGION": "REGION",
							"SUBREGION": "SUBREGION",
							"FOREIGNGOODS": "FOREIGNGOODS",
							"DOB": "DOB",
							"BIRTHPLACE": "BIRTHPLACE",
							"AUTOFATTURE": "AUTOFATTURE",
							"BANKADDR1": "BANKADDR1",
							"BANKADDR2": "BANKADDR2",
							"BANKCITY": "BANKCITY",
							"BANKZIP": "BANKZIP",
							"BANKCOUNTRY": "BANKCOUNTRY",
							"CLIENTDESC": "CLIENTDESC",
							"CLIENTTAX": "CLIENTTAX",
							"KPO": "KPO",
							"UIC": "UIC",
							"UIC_COUNTRY": "UIC_COUNTRY",
							"UICC": "UICC",
							"PAYINST": "PAYINST",
							"NONEU": "NONEU",
							"DUEDILL": "DUEDILL",
							"DUEDILLDATE": "DUEDILLDATE",
							"RISK": "RISK",
							"DUEDILLEXPDATE": "DUEDILLEXPDATE",
							"CONTOWN": "CONTOWN",
							"COMPFORMID": "COMPFORMID",
							"COMPFORMVALU": "COMPFORMVALU",
							"CFVALTYPE": "CFVALTYPE",
							"CFREVIEWDATE": "CFREVIEWDATE",
							"BLDGNUM": "BLDGNUM",
							"ART17": "ART17",
							"UPD_COUNTRY": "UPD_COUNTRY",
							"UPD_VENDADDR2": "UPD_VENDADDR2",
							"UPD_RMINTERNATIONAL": "UPD_RMINTERNATIONAL",
							"UPD_STDENTCODE": "UPD_STDENTCODE",
							"OLDVENDID": "OLDVENDID"
						}
					}
				},
				"inputs": [
					{
						"referenceName": "SQLDataWarehouse_staging_mri_vend",
						"type": "DatasetReference"
					}
				],
				"outputs": [
					{
						"referenceName": "SQLDataWarehouse_mri_vend",
						"type": "DatasetReference"
					}
				]
			},
			{
				"name": "MRIVENDFailure",
				"type": "WebActivity",
				"dependsOn": [
					{
						"activity": "MRIVEND",
						"dependencyConditions": [
							"Failed"
						]
					}
				],
				"policy": {
					"timeout": "7.00:00:00",
					"retry": 0,
					"retryIntervalInSeconds": 30,
					"secureOutput": false,
					"secureInput": false
				},
				"userProperties": [],
				"typeProperties": {
					"url": "https://prod-17.northeurope.logic.azure.com:443/workflows/b5b00e5596e94affb317290e4964e4a4/triggers/manual/paths/invoke?api-version=2016-10-01&sp=%2Ftriggers%2Fmanual%2Frun&sv=1.0&sig=55j9tHX1WsutSx6HqYyFcX80ICAhwCoE06KuGGetqb8",
					"method": "POST",
					"headers": {
						"Content-Type": "application/json"
					},
					"body": {
						"activity": "MRIVEND",
						"message": "@{activity('MRIVEND').error.message}",
						"dataFactoryName": "@{pipeline().DataFactory}",
						"pipelineName": "@{pipeline().Pipeline}",
						"FailureNotificationRecipient": "@pipeline().parameters.FailureNotificationRecipient"
					}
				}
			},
			{
				"name": "stagingMRIVEND",
				"type": "Copy",
				"dependsOn": [],
				"policy": {
					"timeout": "7.00:00:00",
					"retry": 0,
					"retryIntervalInSeconds": 30,
					"secureOutput": false,
					"secureInput": false
				},
				"userProperties": [],
				"typeProperties": {
					"source": {
						"type": "SqlServerSource"
					},
					"sink": {
						"type": "SqlDWSink",
						"allowPolyBase": true,
						"writeBatchSize": 100000,
						"preCopyScript": "TRUNCATE TABLE staging.mri_VEND;",
						"polyBaseSettings": {
							"rejectValue": 0,
							"rejectType": "value",
							"useTypeDefault": false
						},
						"disableMetricsCollection": false
					},
					"enableStaging": true,
					"stagingSettings": {
						"linkedServiceName": {
							"referenceName": "dataplatformstoragearea",
							"type": "LinkedServiceReference"
						},
						"enableCompression": true
					},
					"translator": {
						"type": "TabularTranslator",
						"columnMappings": {
							"VENDID": "VENDID",
							"VENDNME1": "VENDNME1",
							"VENDNME2": "VENDNME2",
							"VENDADDR": "VENDADDR",
							"CITY": "CITY",
							"STATE": "STATE",
							"ZIP": "ZIP",
							"FEDIDTYP": "FEDIDTYP",
							"M_1099REQ": "M_1099REQ",
							"USEDISC": "USEDISC",
							"ACCTNUM": "ACCTNUM",
							"DELFLAG": "DELFLAG",
							"DAYS1": "DAYS1",
							"DISC1": "DISC1",
							"DAYS2": "DAYS2",
							"DISC2": "DISC2",
							"DAYS3": "DAYS3",
							"DISC3": "DISC3",
							"LASTDATE": "LASTDATE",
							"USERID": "USERID",
							"FOREIGNVND": "FOREIGNVND",
							"PHONE": "PHONE",
							"STATUS": "STATUS",
							"PAYTYPE": "PAYTYPE",
							"REF": "REF",
							"VATREG": "VATREG",
							"COUNTY": "COUNTY",
							"ENTITYRESTR": "ENTITYRESTR",
							"CONTACT": "CONTACT",
							"TERMS": "TERMS",
							"WIRETOCM": "WIRETOCM",
							"HOMEONLY": "HOMEONLY",
							"APPLIMIT": "APPLIMIT",
							"VENDTYPE": "VENDTYPE",
							"INSEXP": "INSEXP",
							"CURRCODE": "CURRCODE",
							"SITEID": "SITEID",
							"SUBCONT": "SUBCONT",
							"CERTREQD": "CERTREQD",
							"SUBWITH": "SUBWITH",
							"PRIORITYID": "PRIORITYID",
							"ATTNFEE": "ATTNFEE",
							"EXPCERTOK": "EXPCERTOK",
							"NOPOOK": "NOPOOK",
							"CheckPrintingPriorityID": "CheckPrintingPriorityID",
							"VENDADDR2": "VENDADDR2",
							"COUNTRY": "COUNTRY",
							"FEDID": "FEDID",
							"LASTEXPORTDATE": "LASTEXPORTDATE",
							"RMINTERNATIONAL": "RMINTERNATIONAL",
							"ACHVEND": "ACHVEND",
							"BANKACCTNAME": "BANKACCTNAME",
							"ACHPRENT": "ACHPRENT",
							"ACHVENDEMAIL": "ACHVENDEMAIL",
							"ACHSAV": "ACHSAV",
							"ABATRAN": "ABATRAN",
							"ABABANK": "ABABANK",
							"STDENTCODE": "STDENTCODE",
							"CITDCERT": "CITDCERT",
							"EXPRCERT": "EXPRCERT",
							"TYPECERT": "TYPECERT",
							"BANKCERT": "BANKCERT",
							"CLRGCERT": "CLRGCERT",
							"ACCTCERT": "ACCTCERT",
							"EBANKID": "EBANKID",
							"EBANKACC": "EBANKACC",
							"CIT": "CIT",
							"EMAIL": "EMAIL",
							"ACCTNAME": "ACCTNAME",
							"BANKNAME": "BANKNAME",
							"CNTYCODE": "CNTYCODE",
							"IBAN": "IBAN",
							"SWIFT": "SWIFT",
							"REGION": "REGION",
							"SUBREGION": "SUBREGION",
							"FOREIGNGOODS": "FOREIGNGOODS",
							"DOB": "DOB",
							"BIRTHPLACE": "BIRTHPLACE",
							"AUTOFATTURE": "AUTOFATTURE",
							"BANKADDR1": "BANKADDR1",
							"BANKADDR2": "BANKADDR2",
							"BANKCITY": "BANKCITY",
							"BANKZIP": "BANKZIP",
							"BANKCOUNTRY": "BANKCOUNTRY",
							"CLIENTDESC": "CLIENTDESC",
							"CLIENTTAX": "CLIENTTAX",
							"KPO": "KPO",
							"UIC": "UIC",
							"UIC_COUNTRY": "UIC_COUNTRY",
							"UICC": "UICC",
							"PAYINST": "PAYINST",
							"NONEU": "NONEU",
							"DUEDILL": "DUEDILL",
							"DUEDILLDATE": "DUEDILLDATE",
							"RISK": "RISK",
							"DUEDILLEXPDATE": "DUEDILLEXPDATE",
							"CONTOWN": "CONTOWN",
							"COMPFORMID": "COMPFORMID",
							"COMPFORMVALU": "COMPFORMVALU",
							"CFVALTYPE": "CFVALTYPE",
							"CFREVIEWDATE": "CFREVIEWDATE",
							"BLDGNUM": "BLDGNUM",
							"ART17": "ART17",
							"UPD_COUNTRY": "UPD_COUNTRY",
							"UPD_VENDADDR2": "UPD_VENDADDR2",
							"UPD_RMINTERNATIONAL": "UPD_RMINTERNATIONAL",
							"UPD_STDENTCODE": "UPD_STDENTCODE",
							"OLDVENDID": "OLDVENDID"
						}
					}
				},
				"inputs": [
					{
						"referenceName": "MRIReplicaVEND",
						"type": "DatasetReference"
					}
				],
				"outputs": [
					{
						"referenceName": "SQLDataWarehouse_staging_mri_vend",
						"type": "DatasetReference"
					}
				]
			},
			{
				"name": "stagingMRIVENDFailure",
				"type": "WebActivity",
				"dependsOn": [
					{
						"activity": "stagingMRIVEND",
						"dependencyConditions": [
							"Failed"
						]
					}
				],
				"policy": {
					"timeout": "7.00:00:00",
					"retry": 0,
					"retryIntervalInSeconds": 30,
					"secureOutput": false,
					"secureInput": false
				},
				"userProperties": [],
				"typeProperties": {
					"url": "https://prod-17.northeurope.logic.azure.com:443/workflows/b5b00e5596e94affb317290e4964e4a4/triggers/manual/paths/invoke?api-version=2016-10-01&sp=%2Ftriggers%2Fmanual%2Frun&sv=1.0&sig=55j9tHX1WsutSx6HqYyFcX80ICAhwCoE06KuGGetqb8",
					"method": "POST",
					"headers": {
						"Content-Type": "application/json"
					},
					"body": {
						"activity": "stagingMRIVEND",
						"message": "@{activity('stagingMRIVEND').error.message}",
						"dataFactoryName": "@{pipeline().DataFactory}",
						"pipelineName": "@{pipeline().Pipeline}",
						"FailureNotificationRecipient": "@pipeline().parameters.FailureNotificationRecipient"
					}
				}
			}
		],
		"parameters": {
			"FailureNotificationRecipient": {
				"type": "string",
				"defaultValue": "data.platform@mcarthurglen.com"
			}
		},
		"folder": {
			"name": "MRI"
		},
		"annotations": []
	},
	"type": "Microsoft.DataFactory/factories/pipelines"
}