{
	"name": "NotificationTestPipeline",
	"properties": {
		"activities": [
			{
				"name": "TestQuery",
				"type": "Lookup",
				"dependsOn": [],
				"policy": {
					"timeout": "7.00:00:00",
					"retry": 0,
					"retryIntervalInSeconds": 30,
					"secureOutput": false,
					"secureInput": false
				},
				"userProperties": [],
				"typeProperties": {
					"source": {
						"type": "SqlDWSource",
						"sqlReaderQuery": {
							"value": "SELECT DISTINCT ce.entity_id\nFROM stagixng.centre ce",
							"type": "Expression"
						}
					},
					"dataset": {
						"referenceName": "SQLDataWarehouse_staging_centre_calendar",
						"type": "DatasetReference"
					},
					"firstRowOnly": false
				}
			},
			{
				"name": "SuccessNotification",
				"type": "WebActivity",
				"dependsOn": [
					{
						"activity": "TestQuery",
						"dependencyConditions": [
							"Succeeded"
						]
					}
				],
				"policy": {
					"timeout": "7.00:00:00",
					"retry": 0,
					"retryIntervalInSeconds": 30,
					"secureOutput": false,
					"secureInput": false
				},
				"userProperties": [],
				"typeProperties": {
					"url": "https://prod-18.northeurope.logic.azure.com:443/workflows/f958cd398f6248718ed2ee00a8424d71/triggers/manual/paths/invoke?api-version=2016-10-01&sp=%2Ftriggers%2Fmanual%2Frun&sv=1.0&sig=DsCd5Y8vy19m5tOlmyucwBfIe3Zx_3eJX-gOtufRJO8",
					"method": "POST",
					"headers": {
						"Content-Type": "application/json"
					},
					"body": {
						"message": "@{activity('TestQuery').output.value}",
						"dataFactoryName": "@{pipeline().DataFactory}",
						"pipelineName": "@{pipeline().Pipeline}",
						"FailureNotificationRecipient": "@pipeline().parameters.FailureNotificationRecipient"
					}
				}
			},
			{
				"name": "FailureNotification",
				"type": "WebActivity",
				"dependsOn": [
					{
						"activity": "TestQuery",
						"dependencyConditions": [
							"Failed"
						]
					}
				],
				"policy": {
					"timeout": "7.00:00:00",
					"retry": 0,
					"retryIntervalInSeconds": 30,
					"secureOutput": false,
					"secureInput": false
				},
				"userProperties": [],
				"typeProperties": {
					"url": "https://prod-17.northeurope.logic.azure.com:443/workflows/b5b00e5596e94affb317290e4964e4a4/triggers/manual/paths/invoke?api-version=2016-10-01&sp=%2Ftriggers%2Fmanual%2Frun&sv=1.0&sig=55j9tHX1WsutSx6HqYyFcX80ICAhwCoE06KuGGetqb8",
					"method": "POST",
					"headers": {
						"Content-Type": "application/json"
					},
					"body": {
						"dataFactoryName": "@{pipeline().DataFactory}",
						"pipelineName": "@{pipeline().Pipeline}",
						"FailureNotificationRecipient": "@pipeline().parameters.FailureNotificationRecipient"
					}
				}
			}
		],
		"parameters": {
			"FailureNotificationRecipient": {
				"type": "String",
				"defaultValue": "data.platform@mcarthurglen.com"
			}
		},
		"folder": {
			"name": "Other"
		},
		"annotations": []
	},
	"type": "Microsoft.DataFactory/factories/pipelines"
}