{
	"name": "pipeline4",
	"properties": {
		"activities": [
			{
				"name": "test4",
				"type": "Copy",
				"dependsOn": [],
				"policy": {
					"timeout": "7.00:00:00",
					"retry": 0,
					"retryIntervalInSeconds": 30,
					"secureOutput": false,
					"secureInput": false
				},
				"userProperties": [],
				"typeProperties": {
					"source": {
						"type": "DelimitedTextSource",
						"storeSettings": {
							"type": "AzureBlobStorageReadSettings",
							"recursive": true
						},
						"formatSettings": {
							"type": "DelimitedTextReadSettings"
						}
					},
					"sink": {
						"type": "SqlDWSink",
						"allowPolyBase": false
					},
					"enableStaging": false,
					"translator": {
						"type": "TabularTranslator",
						"mappings": [
							{
								"source": {
									"name": "audit_id                              ",
									"type": "String"
								},
								"sink": {
									"name": "audit_id",
									"type": "String"
								}
							},
							{
								"source": {
									"name": " modified_at",
									"type": "String"
								},
								"sink": {
									"name": "modified_at",
									"type": "String"
								}
							}
						]
					}
				},
				"inputs": [
					{
						"referenceName": "DelimitedText4",
						"type": "DatasetReference"
					}
				],
				"outputs": [
					{
						"referenceName": "AzureSqlDWTable4",
						"type": "DatasetReference"
					}
				]
			}
		],
		"folder": {
			"name": "Test"
		},
		"annotations": []
	},
	"type": "Microsoft.DataFactory/factories/pipelines"
}