{
	"name": "pipeline1",
	"properties": {
		"activities": [
			{
				"name": "Test data",
				"type": "Copy",
				"dependsOn": [],
				"policy": {
					"timeout": "7.00:00:00",
					"retry": 0,
					"retryIntervalInSeconds": 30,
					"secureOutput": false,
					"secureInput": false
				},
				"userProperties": [],
				"typeProperties": {
					"source": {
						"type": "DelimitedTextSource",
						"storeSettings": {
							"type": "AzureBlobStorageReadSettings",
							"recursive": false,
							"enablePartitionDiscovery": false
						},
						"formatSettings": {
							"type": "DelimitedTextReadSettings"
						}
					},
					"sink": {
						"type": "SqlDWSink",
						"allowPolyBase": false
					},
					"enableStaging": false,
					"translator": {
						"type": "TabularTranslator",
						"mappings": [
							{
								"source": {
									"name": "Name",
									"type": "String"
								},
								"sink": {
									"name": "name",
									"type": "String"
								}
							},
							{
								"source": {
									"name": "M1",
									"type": "String"
								},
								"sink": {
									"name": "m1",
									"type": "String"
								}
							},
							{
								"source": {
									"name": "M2",
									"type": "String"
								},
								"sink": {
									"name": "m2",
									"type": "String"
								}
							},
							{
								"source": {
									"name": "M3",
									"type": "String"
								},
								"sink": {
									"name": "m3",
									"type": "String"
								}
							},
							{
								"source": {
									"name": "M4",
									"type": "String"
								},
								"sink": {
									"name": "m4",
									"type": "String"
								}
							},
							{
								"source": {
									"name": "M5",
									"type": "String"
								},
								"sink": {
									"name": "m5",
									"type": "String"
								}
							},
							{
								"source": {
									"name": "M6",
									"type": "String"
								},
								"sink": {
									"name": "m6",
									"type": "String"
								}
							},
							{
								"source": {
									"name": "M7",
									"type": "String"
								},
								"sink": {
									"name": "m7",
									"type": "String"
								}
							},
							{
								"source": {
									"name": "M8",
									"type": "String"
								},
								"sink": {
									"name": "m8",
									"type": "String"
								}
							},
							{
								"source": {
									"name": "M9",
									"type": "String"
								},
								"sink": {
									"name": "m9",
									"type": "String"
								}
							},
							{
								"source": {
									"name": "M10",
									"type": "String"
								},
								"sink": {
									"name": "m10",
									"type": "String"
								}
							}
						]
					}
				},
				"inputs": [
					{
						"referenceName": "DelimitedText2",
						"type": "DatasetReference"
					}
				],
				"outputs": [
					{
						"referenceName": "AzureSqlDWTable2",
						"type": "DatasetReference"
					}
				]
			},
			{
				"name": "Web1",
				"type": "WebActivity",
				"dependsOn": [
					{
						"activity": "Test data",
						"dependencyConditions": [
							"Failed"
						]
					}
				],
				"policy": {
					"timeout": "7.00:00:00",
					"retry": 0,
					"retryIntervalInSeconds": 30,
					"secureOutput": false,
					"secureInput": false
				},
				"userProperties": [],
				"typeProperties": {
					"url": "https://prod-17.northeurope.logic.azure.com:443/workflows/b5b00e5596e94affb317290e4964e4a4/triggers/manual/paths/invoke?api-version=2016-10-01&sp=%2Ftriggers%2Fmanual%2Frun&sv=1.0&sig=55j9tHX1WsutSx6HqYyFcX80ICAhwCoE06KuGGetqb8",
					"method": "POST",
					"headers": {
						"Content-Type": "application/json"
					},
					"body": {
						"activity": "Test data",
						"message": "@{activity('Test data').error.message}",
						"dataFactoryName": "@{pipeline().DataFactory}",
						"pipelineName": "@{pipeline().Pipeline}",
						"FailureNotificationRecipient": "@pipeline().parameters.FailureNotificationRecipient"
					}
				}
			}
		],
		"parameters": {
			"FilePath": {
				"type": "string",
				"defaultValue": "@triggerBody().folderPath"
			},
			"FileName": {
				"type": "string",
				"defaultValue": "@triggerBody().fileName"
			},
			"FailureNotificationRecipient": {
				"type": "string",
				"defaultValue": "data.platform@mcarthurglen.com"
			}
		},
		"folder": {
			"name": "Test"
		},
		"annotations": []
	},
	"type": "Microsoft.DataFactory/factories/pipelines"
}