{
	"name": "pipeline2",
	"properties": {
		"activities": [
			{
				"name": "Copy Data1",
				"description": "",
				"type": "Copy",
				"dependsOn": [],
				"policy": {
					"timeout": "7.00:00:00",
					"retry": 0,
					"retryIntervalInSeconds": 30,
					"secureOutput": false,
					"secureInput": false
				},
				"userProperties": [],
				"typeProperties": {
					"source": {
						"type": "DelimitedTextSource",
						"storeSettings": {
							"type": "AzureBlobStorageReadSettings",
							"recursive": true
						},
						"formatSettings": {
							"type": "DelimitedTextReadSettings"
						}
					},
					"sink": {
						"type": "SqlDWSink",
						"allowPolyBase": false
					},
					"enableStaging": false,
					"translator": {
						"type": "TabularTranslator",
						"mappings": [
							{
								"source": {
									"name": "Company",
									"type": "String"
								},
								"sink": {
									"name": "Company",
									"type": "String"
								}
							},
							{
								"source": {
									"name": "AdditionalCompanyName",
									"type": "String"
								},
								"sink": {
									"name": "AdditionalCompanyName",
									"type": "String"
								}
							},
							{
								"source": {
									"name": "TourReference",
									"type": "String"
								},
								"sink": {
									"name": "TourReference",
									"type": "String"
								}
							},
							{
								"source": {
									"name": "BOOKERNAME",
									"type": "String"
								},
								"sink": {
									"name": "BOOKERNAME",
									"type": "String"
								}
							},
							{
								"source": {
									"name": "TOURLEADERNAME",
									"type": "String"
								},
								"sink": {
									"name": "TOURLEADERNAME",
									"type": "String"
								}
							},
							{
								"source": {
									"name": "CENTREVISIT",
									"type": "String"
								},
								"sink": {
									"name": "CENTREVISIT",
									"type": "String"
								}
							},
							{
								"source": {
									"name": "DATEOFVISIT",
									"type": "String"
								},
								"sink": {
									"name": "DATEOFVISIT",
									"type": "String"
								}
							},
							{
								"source": {
									"name": "Month",
									"type": "String"
								},
								"sink": {
									"name": "Month",
									"type": "String"
								}
							},
							{
								"source": {
									"name": "MonthNum",
									"type": "String"
								},
								"sink": {
									"name": "MonthNum",
									"type": "Int32"
								}
							},
							{
								"source": {
									"name": "Year",
									"type": "String"
								},
								"sink": {
									"name": "Year",
									"type": "Int32"
								}
							},
							{
								"source": {
									"name": "TIMEOFVISIT",
									"type": "String"
								},
								"sink": {
									"name": "TIMEOFVISIT",
									"type": "String"
								}
							},
							{
								"source": {
									"name": "WINDOW",
									"type": "String"
								},
								"sink": {
									"name": "WINDOW",
									"type": "String"
								}
							},
							{
								"source": {
									"name": "PAX",
									"type": "String"
								},
								"sink": {
									"name": "PAX",
									"type": "Int32"
								}
							},
							{
								"source": {
									"name": "DATEADDED",
									"type": "String"
								},
								"sink": {
									"name": "DATEADDED",
									"type": "String"
								}
							},
							{
								"source": {
									"name": "COMMENTS",
									"type": "String"
								},
								"sink": {
									"name": "COMMENTS",
									"type": "String"
								}
							},
							{
								"source": {
									"name": "Nationality",
									"type": "String"
								},
								"sink": {
									"name": "Nationality",
									"type": "String"
								}
							},
							{
								"source": {
									"name": "fgnMarketID",
									"type": "String"
								},
								"sink": {
									"name": "fgnMarketID",
									"type": "Int32"
								}
							},
							{
								"source": {
									"name": "Investigating",
									"type": "String"
								},
								"sink": {
									"name": "Investigating",
									"type": "String"
								}
							},
							{
								"source": {
									"name": "NoShowCancellation",
									"type": "String"
								},
								"sink": {
									"name": "NoShowCancellation",
									"type": "String"
								}
							},
							{
								"source": {
									"name": "G2DONOTPAY",
									"type": "String"
								},
								"sink": {
									"name": "G2DONOTPAY",
									"type": "String"
								}
							},
							{
								"source": {
									"name": "LastUpdated",
									"type": "String"
								},
								"sink": {
									"name": "LastUpdated",
									"type": "String"
								}
							},
							{
								"source": {
									"name": "Incentive",
									"type": "String"
								},
								"sink": {
									"name": "Incentive",
									"type": "String"
								}
							},
							{
								"source": {
									"name": "JMATracker",
									"type": "String"
								},
								"sink": {
									"name": "JMATracker",
									"type": "String"
								}
							}
						]
					}
				},
				"inputs": [
					{
						"referenceName": "DelimitedText3",
						"type": "DatasetReference"
					}
				],
				"outputs": [
					{
						"referenceName": "AzureSqlDWTable3",
						"type": "DatasetReference"
					}
				]
			},
			{
				"name": "Web1",
				"type": "WebActivity",
				"dependsOn": [
					{
						"activity": "Copy Data1",
						"dependencyConditions": [
							"Failed"
						]
					}
				],
				"policy": {
					"timeout": "7.00:00:00",
					"retry": 0,
					"retryIntervalInSeconds": 30,
					"secureOutput": false,
					"secureInput": false
				},
				"userProperties": [],
				"typeProperties": {
					"url": "https://prod-17.northeurope.logic.azure.com:443/workflows/b5b00e5596e94affb317290e4964e4a4/triggers/manual/paths/invoke?api-version=2016-10-01&sp=%2Ftriggers%2Fmanual%2Frun&sv=1.0&sig=55j9tHX1WsutSx6HqYyFcX80ICAhwCoE06KuGGetqb8",
					"method": "POST",
					"headers": {
						"Content-Type": "application/json"
					},
					"body": {
						"activity": "Copy Data1",
						"message": "@{activity('Copy Data1').error.message}",
						"dataFactoryName": "@{pipeline().DataFactory}",
						"pipelineName": "@{pipeline().Pipeline}",
						"FailureNotificationRecipient": "@pipeline().parameters.FailureNotificationRecipient"
					}
				}
			}
		],
		"parameters": {
			"FilePath": {
				"type": "string",
				"defaultValue": "@triggerBody().folderPath"
			},
			"FileName": {
				"type": "string",
				"defaultValue": "@triggerBody().fileName"
			},
			"FailureNotificationRecipient": {
				"type": "string",
				"defaultValue": "data.platform@mcarthurglen.com"
			}
		},
		"folder": {
			"name": "Test"
		},
		"annotations": []
	},
	"type": "Microsoft.DataFactory/factories/pipelines"
}