{
	"name": "SalesforceServiceCloudLoyalty",
	"properties": {
		"activities": [
			{
				"name": "SalesforceServiceCloudLoyalty",
				"type": "Copy",
				"dependsOn": [
					{
						"activity": "LastModifiedTimestamp",
						"dependencyConditions": [
							"Succeeded"
						]
					}
				],
				"policy": {
					"timeout": "7.00:00:00",
					"retry": 0,
					"retryIntervalInSeconds": 30,
					"secureOutput": false,
					"secureInput": false
				},
				"userProperties": [],
				"typeProperties": {
					"source": {
						"type": "SalesforceSource",
						"query": {
							"value": "SELECT Id,\nCreatedById,\nCreatedDate,\nIsDeleted,\nLastModifiedById,\nLastModifiedDate,\nLastReferencedDate,\nLastViewedDate,\nMAG_Acquisition_Channel__c,\nMAG_Acquisition_Source__c,\nMAG_Average_Days__c,\nMAG_Barcode_Number__c,\nMAG_Barcode__c,\nMAG_CentreRecord__c,\nMAG_Centre__c,\nMAG_Contact__c,\nMAG_Current_Points_Balance__c,\nMAG_Email_Verified__c,\nMAG_Language_Code__c,\nMAG_Language__c,\nMAG_Last_Transaction_Brand__c,\nMAG_Last_Transaction_Date__c,\nMAG_Last_Transaction_Points_Earned__c,\nMAG_Last_Transaction_Points_Spent__c,\nMAG_Last_Transaction_Value__c,\nMAG_Leave_Date__c,\nMAG_Lifetime_Points_Balance__c,\nMAG_Loyalty_Tier__c,\nMAG_Points_Earned_This_Month__c,\nMAG_Points_Earned_Transaction_Month__c,\nMAG_Status__c,\nMAG_Total_Number_of_Transactions__c,\nMAG_Total_Spend__c,\nName,\nOwnerId,\nSystemModstamp\nFROM MAG_Loyalty__c\nWHERE CreatedDate >= @{activity('LastModifiedTimestamp').output.value[0].last_modified}\nOR LastModifiedDate >= @{activity('LastModifiedTimestamp').output.value[0].last_modified}\nOR LastReferencedDate >= @{activity('LastModifiedTimestamp').output.value[0].last_modified}\nOR LastViewedDate >= @{activity('LastModifiedTimestamp').output.value[0].last_modified}\nOR SystemModstamp >= @{activity('LastModifiedTimestamp').output.value[0].last_modified}",
							"type": "Expression"
						},
						"readBehavior": "queryAll"
					},
					"sink": {
						"type": "SqlDWSink",
						"allowPolyBase": false,
						"writeBatchSize": 10000,
						"preCopyScript": "TRUNCATE TABLE staging.salesforce_service_cloud_loyalty"
					},
					"enableStaging": true,
					"stagingSettings": {
						"linkedServiceName": {
							"referenceName": "dataplatformstoragearea",
							"type": "LinkedServiceReference"
						},
						"enableCompression": true
					},
					"enableSkipIncompatibleRow": false,
					"dataIntegrationUnits": 0
				},
				"inputs": [
					{
						"referenceName": "SalesforceServiceCloudReferAFriend",
						"type": "DatasetReference"
					}
				],
				"outputs": [
					{
						"referenceName": "SQLDataWarehouse_staging_salesforce_service_cloud_referafriend",
						"type": "DatasetReference"
					}
				]
			},
			{
				"name": "sp_insert_salesforce_service_cloud_loyalty",
				"type": "SqlServerStoredProcedure",
				"dependsOn": [
					{
						"activity": "SalesforceServiceCloudLoyalty",
						"dependencyConditions": [
							"Succeeded"
						]
					}
				],
				"policy": {
					"timeout": "7.00:00:00",
					"retry": 0,
					"retryIntervalInSeconds": 30,
					"secureOutput": false,
					"secureInput": false
				},
				"userProperties": [],
				"typeProperties": {
					"storedProcedureName": "[dbo].[sp_insert_salesforce_service_cloud_loyalty]"
				},
				"linkedServiceName": {
					"referenceName": "SQLDataWarehouse",
					"type": "LinkedServiceReference"
				}
			},
			{
				"name": "sp_update_salesforce_service_cloud_loyalty",
				"type": "SqlServerStoredProcedure",
				"dependsOn": [
					{
						"activity": "sp_insert_salesforce_service_cloud_loyalty",
						"dependencyConditions": [
							"Succeeded"
						]
					}
				],
				"policy": {
					"timeout": "7.00:00:00",
					"retry": 0,
					"retryIntervalInSeconds": 30,
					"secureOutput": false,
					"secureInput": false
				},
				"userProperties": [],
				"typeProperties": {
					"storedProcedureName": "[dbo].[sp_update_salesforce_service_cloud_loyalty]"
				},
				"linkedServiceName": {
					"referenceName": "SQLDataWarehouse",
					"type": "LinkedServiceReference"
				}
			},
			{
				"name": "LastModifiedTimestamp",
				"type": "Lookup",
				"dependsOn": [],
				"policy": {
					"timeout": "7.00:00:00",
					"retry": 0,
					"retryIntervalInSeconds": 30,
					"secureOutput": false,
					"secureInput": false
				},
				"userProperties": [],
				"typeProperties": {
					"source": {
						"type": "SqlDWSource",
						"sqlReaderQuery": {
							"value": "SELECT CONCAT(CONVERT(VARCHAR(19), MAX(DATEADD(day,-4,systemmodstamp)), 127),'Z') AS last_modified\nFROM salesforce_service_cloud.loyalty\nWHERE systemmodstamp < GETDATE();",
							"type": "Expression"
						}
					},
					"dataset": {
						"referenceName": "SQLDataWarehouse",
						"type": "DatasetReference"
					},
					"firstRowOnly": false
				}
			},
			{
				"name": "LastModifiedTimestampFailure",
				"type": "WebActivity",
				"dependsOn": [
					{
						"activity": "LastModifiedTimestamp",
						"dependencyConditions": [
							"Failed"
						]
					}
				],
				"policy": {
					"timeout": "7.00:00:00",
					"retry": 0,
					"retryIntervalInSeconds": 30,
					"secureOutput": false,
					"secureInput": false
				},
				"userProperties": [],
				"typeProperties": {
					"url": "https://prod-17.northeurope.logic.azure.com:443/workflows/b5b00e5596e94affb317290e4964e4a4/triggers/manual/paths/invoke?api-version=2016-10-01&sp=%2Ftriggers%2Fmanual%2Frun&sv=1.0&sig=55j9tHX1WsutSx6HqYyFcX80ICAhwCoE06KuGGetqb8",
					"method": "POST",
					"headers": {
						"Content-Type": "application/json"
					},
					"body": {
						"activity": "LastModifiedTimestamp",
						"message": "@{activity('LastModifiedTimestamp').error.message}",
						"dataFactoryName": "@{pipeline().DataFactory}",
						"pipelineName": "@{pipeline().Pipeline}",
						"FailureNotificationRecipient": "@pipeline().parameters.FailureNotificationRecipient"
					}
				}
			},
			{
				"name": "SalesforceServiceCloudLoyaltyFailure",
				"type": "WebActivity",
				"dependsOn": [
					{
						"activity": "SalesforceServiceCloudLoyalty",
						"dependencyConditions": [
							"Failed"
						]
					}
				],
				"policy": {
					"timeout": "7.00:00:00",
					"retry": 0,
					"retryIntervalInSeconds": 30,
					"secureOutput": false,
					"secureInput": false
				},
				"userProperties": [],
				"typeProperties": {
					"url": "https://prod-17.northeurope.logic.azure.com:443/workflows/b5b00e5596e94affb317290e4964e4a4/triggers/manual/paths/invoke?api-version=2016-10-01&sp=%2Ftriggers%2Fmanual%2Frun&sv=1.0&sig=55j9tHX1WsutSx6HqYyFcX80ICAhwCoE06KuGGetqb8",
					"method": "POST",
					"headers": {
						"Content-Type": "application/json"
					},
					"body": {
						"activity": "SalesforceServiceCloudLoyalty",
						"message": "@{activity('SalesforceServiceCloudLoyalty').error.message}",
						"dataFactoryName": "@{pipeline().DataFactory}",
						"pipelineName": "@{pipeline().Pipeline}",
						"FailureNotificationRecipient": "@pipeline().parameters.FailureNotificationRecipient"
					}
				}
			},
			{
				"name": "sp_insert_salesforce_service_cloud_loyaltyFailure",
				"type": "WebActivity",
				"dependsOn": [
					{
						"activity": "sp_insert_salesforce_service_cloud_loyalty",
						"dependencyConditions": [
							"Failed"
						]
					}
				],
				"policy": {
					"timeout": "7.00:00:00",
					"retry": 0,
					"retryIntervalInSeconds": 30,
					"secureOutput": false,
					"secureInput": false
				},
				"userProperties": [],
				"typeProperties": {
					"url": "https://prod-17.northeurope.logic.azure.com:443/workflows/b5b00e5596e94affb317290e4964e4a4/triggers/manual/paths/invoke?api-version=2016-10-01&sp=%2Ftriggers%2Fmanual%2Frun&sv=1.0&sig=55j9tHX1WsutSx6HqYyFcX80ICAhwCoE06KuGGetqb8",
					"method": "POST",
					"headers": {
						"Content-Type": "application/json"
					},
					"body": {
						"activity": "sp_insert_salesforce_service_cloud_loyalty",
						"message": "@{activity('sp_insert_salesforce_service_cloud_loyalty').error.message}",
						"dataFactoryName": "@{pipeline().DataFactory}",
						"pipelineName": "@{pipeline().Pipeline}",
						"FailureNotificationRecipient": "@pipeline().parameters.FailureNotificationRecipient"
					}
				}
			},
			{
				"name": "sp_update_salesforce_service_cloud_loyaltyFailure",
				"type": "WebActivity",
				"dependsOn": [
					{
						"activity": "sp_update_salesforce_service_cloud_loyalty",
						"dependencyConditions": [
							"Failed"
						]
					}
				],
				"policy": {
					"timeout": "7.00:00:00",
					"retry": 0,
					"retryIntervalInSeconds": 30,
					"secureOutput": false,
					"secureInput": false
				},
				"userProperties": [],
				"typeProperties": {
					"url": "https://prod-17.northeurope.logic.azure.com:443/workflows/b5b00e5596e94affb317290e4964e4a4/triggers/manual/paths/invoke?api-version=2016-10-01&sp=%2Ftriggers%2Fmanual%2Frun&sv=1.0&sig=55j9tHX1WsutSx6HqYyFcX80ICAhwCoE06KuGGetqb8",
					"method": "POST",
					"headers": {
						"Content-Type": "application/json"
					},
					"body": {
						"activity": "sp_update_salesforce_service_cloud_loyalty",
						"message": "@{activity('sp_update_salesforce_service_cloud_loyalty').error.message}",
						"dataFactoryName": "@{pipeline().DataFactory}",
						"pipelineName": "@{pipeline().Pipeline}",
						"FailureNotificationRecipient": "@pipeline().parameters.FailureNotificationRecipient"
					}
				}
			}
		],
		"parameters": {
			"FailureNotificationRecipient": {
				"type": "String",
				"defaultValue": "data.platform@mcarthurglen.com"
			}
		},
		"folder": {
			"name": "Salesforce Service Cloud"
		},
		"annotations": []
	},
	"type": "Microsoft.DataFactory/factories/pipelines"
}