{
	"name": "SalesforceServiceCloudTravelBookingBulk",
	"properties": {
		"activities": [
			{
				"name": "SalesforceServiceCloudTravelBookingBulkCopy",
				"type": "Copy",
				"dependsOn": [],
				"policy": {
					"timeout": "7.00:00:00",
					"retry": 0,
					"retryIntervalInSeconds": 30,
					"secureOutput": false,
					"secureInput": false
				},
				"userProperties": [],
				"typeProperties": {
					"source": {
						"type": "SalesforceSource",
						"query": {
							"value": "SELECT Id,\nOwnerId,\nIsDeleted,\nName,\nCreatedDate,\nCreatedById,\nLastModifiedDate,\nLastModifiedById,\nSystemModstamp,\nLastActivityDate,\nLastViewedDate,\nLastReferencedDate,\nActual_Time_of_Arrival__c,\nMAG_TP_Actual_Date_Time_of_arrival__c,\nMAG_TP_Actual_Date_of_Arrival__c,\nMAG_TP_Actual_number_of_adults__c,\nMAG_TP_Centre__c,\nMAG_TP_Client_Tour_Operator_Name__c,\nMAG_TP_Confirm_Arrival_Now__c,\nMAG_TP_Contracted__c,\nMAG_TP_Date_of_Arrival__c,\nMAG_TP_DuplicateSet_Key_Id__c,\nMAG_TP_Email_Template_formatted_date__c,\nMAG_TP_Length_of_stay__c,\nMAG_TP_Nationality__c,\nMAG_TP_Notes__c,\nMAG_TP_Number_of_Adults__c,\nMAG_TP_Number_of_Children__c,\nMAG_TP_Number_of_Drivers__c,\nMAG_TP_Number_of_Tour_Leaders__c,\nMAG_TP_Parent_Booking_Id__c,\nMAG_TP_QR_Code__c,\nMAG_TP_QR_String__c,\nMAG_TP_Special_Requests__c,\nMAG_TP_Status__c,\nMAG_TP_Time_Right_Now__c,\nMAG_TP_Time_of_Arrival__c,\nMAG_TP_Tour_Leader_First_Name__c,\nMAG_TP_Tour_Leader_Last_Name__c,\nMAG_TP_Tour_Leader_Phone_Number__c,\nMAG_TP_Tour_Reference__c,\nMAG_TP_Travel_Partner_User_Email__c,\nMAG_TP_Travel_Partner_User__c,\nMAG_TP_Travel_Partner__c,\nMAG_TP_Type__c\nFROM MAG_TP_Bookings__c",
							"type": "Expression"
						},
						"readBehavior": "query"
					},
					"sink": {
						"type": "SqlDWSink",
						"allowPolyBase": false,
						"writeBatchSize": 10000,
						"preCopyScript": "TRUNCATE TABLE staging.salesforce_service_cloud_travel_booking",
						"disableMetricsCollection": false
					},
					"enableStaging": true,
					"stagingSettings": {
						"linkedServiceName": {
							"referenceName": "dataplatformstoragearea",
							"type": "LinkedServiceReference"
						},
						"enableCompression": true
					},
					"enableSkipIncompatibleRow": false,
					"dataIntegrationUnits": 0,
					"translator": {
						"type": "TabularTranslator",
						"columnMappings": {
							"Id": "Id",
							"OwnerId": "OwnerId",
							"IsDeleted": "IsDeleted",
							"Name": "Name",
							"CreatedDate": "CreatedDate",
							"CreatedById": "CreatedById",
							"LastModifiedDate": "LastModifiedDate",
							"LastModifiedById": "LastModifiedById",
							"SystemModstamp": "SystemModstamp",
							"LastActivityDate": "LastActivityDate",
							"LastViewedDate": "LastViewedDate",
							"LastReferencedDate": "LastReferencedDate",
							"Actual_Time_of_Arrival__c": "Actual_Time_of_Arrival__c",
							"MAG_TP_Actual_Date_Time_of_arrival__c": "MAG_TP_Actual_Date_Time_of_arrival__c",
							"MAG_TP_Actual_Date_of_Arrival__c": "MAG_TP_Actual_Date_of_Arrival__c",
							"MAG_TP_Actual_number_of_adults__c": "MAG_TP_Actual_number_of_adults__c",
							"MAG_TP_Centre__c": "MAG_TP_Centre__c",
							"MAG_TP_Client_Tour_Operator_Name__c": "MAG_TP_Client_Tour_Operator_Name__c",
							"MAG_TP_Confirm_Arrival_Now__c": "MAG_TP_Confirm_Arrival_Now__c",
							"MAG_TP_Contracted__c": "MAG_TP_Contracted__c",
							"MAG_TP_Date_of_Arrival__c": "MAG_TP_Date_of_Arrival__c",
							"MAG_TP_DuplicateSet_Key_Id__c": "MAG_TP_DuplicateSet_Key_Id__c",
							"MAG_TP_Email_Template_formatted_date__c": "MAG_TP_Email_Template_formatted_date__c",
							"MAG_TP_Length_of_stay__c": "MAG_TP_Length_of_stay__c",
							"MAG_TP_Nationality__c": "MAG_TP_Nationality__c",
							"MAG_TP_Notes__c": "MAG_TP_Notes__c",
							"MAG_TP_Number_of_Adults__c": "MAG_TP_Number_of_Adults__c",
							"MAG_TP_Number_of_Children__c": "MAG_TP_Number_of_Children__c",
							"MAG_TP_Number_of_Drivers__c": "MAG_TP_Number_of_Drivers__c",
							"MAG_TP_Number_of_Tour_Leaders__c": "MAG_TP_Number_of_Tour_Leaders__c",
							"MAG_TP_Parent_Booking_Id__c": "MAG_TP_Parent_Booking_Id__c",
							"MAG_TP_QR_Code__c": "MAG_TP_QR_Code__c",
							"MAG_TP_QR_String__c": "MAG_TP_QR_String__c",
							"MAG_TP_Special_Requests__c": "MAG_TP_Special_Requests__c",
							"MAG_TP_Status__c": "MAG_TP_Status__c",
							"MAG_TP_Time_Right_Now__c": "MAG_TP_Time_Right_Now__c",
							"MAG_TP_Time_of_Arrival__c": "MAG_TP_Time_of_Arrival__c",
							"MAG_TP_Tour_Leader_First_Name__c": "MAG_TP_Tour_Leader_First_Name__c",
							"MAG_TP_Tour_Leader_Last_Name__c": "MAG_TP_Tour_Leader_Last_Name__c",
							"MAG_TP_Tour_Leader_Phone_Number__c": "MAG_TP_Tour_Leader_Phone_Number__c",
							"MAG_TP_Tour_Reference__c": "MAG_TP_Tour_Reference__c",
							"MAG_TP_Travel_Partner_User_Email__c": "MAG_TP_Travel_Partner_User_Email__c",
							"MAG_TP_Travel_Partner_User__c": "MAG_TP_Travel_Partner_User__c",
							"MAG_TP_Travel_Partner__c": "MAG_TP_Travel_Partner__c",
							"MAG_TP_Type__c": "MAG_TP_Type__c"
						}
					}
				},
				"inputs": [
					{
						"referenceName": "SalesforceServiceCloudTravelBooking",
						"type": "DatasetReference"
					}
				],
				"outputs": [
					{
						"referenceName": "SQLDataWarehouse_staging_salesforce_service_cloud_travel_booking",
						"type": "DatasetReference"
					}
				]
			}
		],
		"folder": {
			"name": "Salesforce Service Cloud"
		},
		"annotations": []
	},
	"type": "Microsoft.DataFactory/factories/pipelines"
}