{
	"name": "SalesforceServiceCloud",
	"properties": {
		"activities": [
			{
				"name": "SalesforceServiceCloudSubscription",
				"type": "ExecutePipeline",
				"dependsOn": [
					{
						"activity": "SalesforceServiceCloudContact",
						"dependencyConditions": [
							"Succeeded"
						]
					}
				],
				"userProperties": [],
				"typeProperties": {
					"pipeline": {
						"referenceName": "SalesforceServiceCloudSubscription",
						"type": "PipelineReference"
					},
					"waitOnCompletion": true
				}
			},
			{
				"name": "Start",
				"type": "Wait",
				"dependsOn": [],
				"userProperties": [],
				"typeProperties": {
					"waitTimeInSeconds": 1
				}
			},
			{
				"name": "SalesforceServiceCloudContact",
				"type": "ExecutePipeline",
				"dependsOn": [
					{
						"activity": "Start",
						"dependencyConditions": [
							"Succeeded"
						]
					}
				],
				"userProperties": [],
				"typeProperties": {
					"pipeline": {
						"referenceName": "SalesforceServiceCloudContact",
						"type": "PipelineReference"
					},
					"waitOnCompletion": true
				}
			},
			{
				"name": "SalesforceServiceCloudLoyalty",
				"type": "ExecutePipeline",
				"dependsOn": [
					{
						"activity": "SalesforceServiceCloudSubscriptionHistory",
						"dependencyConditions": [
							"Succeeded"
						]
					}
				],
				"userProperties": [],
				"typeProperties": {
					"pipeline": {
						"referenceName": "SalesforceServiceCloudLoyalty",
						"type": "PipelineReference"
					},
					"waitOnCompletion": true
				}
			},
			{
				"name": "SalesforceServiceCloudSubscriptionHistory",
				"type": "ExecutePipeline",
				"dependsOn": [
					{
						"activity": "SalesforceServiceCloudSubscription",
						"dependencyConditions": [
							"Succeeded"
						]
					}
				],
				"userProperties": [],
				"typeProperties": {
					"pipeline": {
						"referenceName": "SalesforceServiceCloudSubscriptionHistory",
						"type": "PipelineReference"
					},
					"waitOnCompletion": true
				}
			},
			{
				"name": "SalesforceServiceCloudInteraction",
				"type": "ExecutePipeline",
				"dependsOn": [
					{
						"activity": "SalesforceServiceCloudLoyalty",
						"dependencyConditions": [
							"Succeeded"
						]
					}
				],
				"userProperties": [],
				"typeProperties": {
					"pipeline": {
						"referenceName": "SalesforceServiceCloudInteraction",
						"type": "PipelineReference"
					},
					"waitOnCompletion": true
				}
			}
		],
		"folder": {
			"name": "Salesforce Service Cloud"
		},
		"annotations": []
	},
	"type": "Microsoft.DataFactory/factories/pipelines"
}