{
	"name": "SalesforceServiceCloudTravelPartnerBulk",
	"properties": {
		"activities": [
			{
				"name": "SalesforceServiceCloudTravelPartnerBulkCopy",
				"type": "Copy",
				"dependsOn": [],
				"policy": {
					"timeout": "7.00:00:00",
					"retry": 0,
					"retryIntervalInSeconds": 30,
					"secureOutput": false,
					"secureInput": false
				},
				"userProperties": [],
				"typeProperties": {
					"source": {
						"type": "SalesforceSource",
						"query": {
							"value": "SELECT\n   CreatedById,\n   CreatedDate,\n   Id,\n   IsDeleted,\n   LastModifiedById,\n   LastModifiedDate,\n   LastReferencedDate,\n   LastViewedDate,\n   MAG_TP_Address_1__c,\n   MAG_TP_Address_2__c,\n   MAG_TP_Address_3__c,\n   MAG_TP_Country_Code__c,\n   MAG_TP_Country__c,\n   MAG_TP_IsContracted__c,\n   MAG_TP_Partner_Owner__c,\n   MAG_TP_Postcode__c,\n   MAG_TP_Status__c,\n   Name,\n   OwnerId,\n   SystemModstamp,\n   Travel_Partner_User__c \nFROM\n   MAG_TP_Travel_Partner__c\n",
							"type": "Expression"
						},
						"readBehavior": "query"
					},
					"sink": {
						"type": "SqlDWSink",
						"allowPolyBase": false,
						"writeBatchSize": 10000,
						"preCopyScript": "TRUNCATE TABLE staging.salesforce_service_cloud_travel_partner",
						"disableMetricsCollection": false
					},
					"enableStaging": true,
					"stagingSettings": {
						"linkedServiceName": {
							"referenceName": "dataplatformstoragearea",
							"type": "LinkedServiceReference"
						},
						"enableCompression": true
					},
					"enableSkipIncompatibleRow": false,
					"dataIntegrationUnits": 0,
					"translator": {
						"type": "TabularTranslator",
						"mappings": [
							{
								"source": {
									"name": "CreatedById",
									"type": "String"
								},
								"sink": {
									"name": "CreatedById"
								}
							},
							{
								"source": {
									"name": "CreatedDate",
									"type": "DateTime"
								},
								"sink": {
									"name": "CreatedDate"
								}
							},
							{
								"source": {
									"name": "Id",
									"type": "String"
								},
								"sink": {
									"name": "Id"
								}
							},
							{
								"source": {
									"name": "IsDeleted",
									"type": "Boolean"
								},
								"sink": {
									"name": "IsDeleted"
								}
							},
							{
								"source": {
									"name": "LastModifiedById",
									"type": "String"
								},
								"sink": {
									"name": "LastModifiedById"
								}
							},
							{
								"source": {
									"name": "LastModifiedDate",
									"type": "DateTime"
								},
								"sink": {
									"name": "LastModifiedDate"
								}
							},
							{
								"source": {
									"name": "LastReferencedDate",
									"type": "DateTime"
								},
								"sink": {
									"name": "LastReferencedDate"
								}
							},
							{
								"source": {
									"name": "LastViewedDate",
									"type": "DateTime"
								},
								"sink": {
									"name": "LastViewedDate"
								}
							},
							{
								"source": {
									"name": "MAG_TP_Address_1__c",
									"type": "String"
								},
								"sink": {
									"name": "MAG_TP_Address_1__c"
								}
							},
							{
								"source": {
									"name": "MAG_TP_Address_2__c",
									"type": "String"
								},
								"sink": {
									"name": "MAG_TP_Address_2__c"
								}
							},
							{
								"source": {
									"name": "MAG_TP_Address_3__c",
									"type": "String"
								},
								"sink": {
									"name": "MAG_TP_Address_3__c"
								}
							},
							{
								"source": {
									"name": "MAG_TP_Country_Code__c",
									"type": "String"
								},
								"sink": {
									"name": "MAG_TP_Country_Code__c"
								}
							},
							{
								"source": {
									"name": "MAG_TP_Country__c",
									"type": "String"
								},
								"sink": {
									"name": "MAG_TP_Country__c"
								}
							},
							{
								"source": {
									"name": "MAG_TP_IsContracted__c",
									"type": "Boolean"
								},
								"sink": {
									"name": "MAG_TP_IsContracted__c"
								}
							},
							{
								"source": {
									"name": "MAG_TP_Partner_Owner__c",
									"type": "String"
								},
								"sink": {
									"name": "MAG_TP_Partner_Owner__c"
								}
							},
							{
								"source": {
									"name": "MAG_TP_Postcode__c",
									"type": "String"
								},
								"sink": {
									"name": "MAG_TP_Postcode__c"
								}
							},
							{
								"source": {
									"name": "MAG_TP_Status__c",
									"type": "String"
								},
								"sink": {
									"name": "MAG_TP_Status__c"
								}
							},
							{
								"source": {
									"name": "Name",
									"type": "String"
								},
								"sink": {
									"name": "Name"
								}
							},
							{
								"source": {
									"name": "OwnerId",
									"type": "String"
								},
								"sink": {
									"name": "OwnerId"
								}
							},
							{
								"source": {
									"name": "SystemModstamp",
									"type": "DateTime"
								},
								"sink": {
									"name": "SystemModstamp"
								}
							},
							{
								"source": {
									"name": "Travel_Partner_User__c",
									"type": "String"
								},
								"sink": {
									"name": "Travel_Partner_User__c"
								}
							}
						]
					}
				},
				"inputs": [
					{
						"referenceName": "SalesforceServiceCloudTravelPartner",
						"type": "DatasetReference"
					}
				],
				"outputs": [
					{
						"referenceName": "SQLDataWarehouse_staging_salesforce_service_cloud_travel_partner",
						"type": "DatasetReference"
					}
				]
			}
		],
		"folder": {
			"name": "Salesforce Service Cloud"
		},
		"annotations": []
	},
	"type": "Microsoft.DataFactory/factories/pipelines"
}