{
	"name": "SalesforceMarketingCloudBounces",
	"properties": {
		"activities": [
			{
				"name": "SalesforceMarketingCloudBounces",
				"type": "Copy",
				"dependsOn": [],
				"policy": {
					"timeout": "7.00:00:00",
					"retry": 0,
					"retryIntervalInSeconds": 30,
					"secureOutput": false,
					"secureInput": false
				},
				"userProperties": [],
				"typeProperties": {
					"source": {
						"type": "FileSystemSource",
						"recursive": true
					},
					"sink": {
						"type": "SqlDWSink",
						"allowPolyBase": true,
						"writeBatchSize": 10000,
						"preCopyScript": "TRUNCATE TABLE staging.salesforce_marketing_cloud_bounce;",
						"polyBaseSettings": {
							"rejectValue": 0,
							"rejectType": "value",
							"useTypeDefault": false
						}
					},
					"enableStaging": true,
					"stagingSettings": {
						"linkedServiceName": {
							"referenceName": "dataplatformstoragearea",
							"type": "LinkedServiceReference"
						},
						"enableCompression": true
					},
					"translator": {
						"type": "TabularTranslator",
						"columnMappings": {
							"AccountID": "AccountID",
							"OYBAccountID": "OYBAccountID",
							"JobID": "JobID",
							"ListID": "ListID",
							"BatchID": "BatchID",
							"SubscriberID": "SubscriberID",
							"SubscriberKey": "SubscriberKey",
							"EventDate": "EventDate",
							"IsUnique": "IsUnique",
							"Domain": "Domain",
							"BounceCategoryID": "BounceCategoryID",
							"BounceCategory": "BounceCategory",
							"BounceSubcategoryID": "BounceSubcategoryID",
							"BounceSubcategory": "BounceSubcategory",
							"BounceTypeID": "BounceTypeID",
							"BounceType": "BounceType",
							"SMTPBounceReason": "SMTPBounceReason",
							"SMTPMessage": "SMTPMessage",
							"SMTPCode": "SMTPCode",
							"TriggererSendDefinitionObjectID": "TriggererSendDefinitionObjectID",
							"TriggeredSendCustomerKey": "TriggeredSendCustomerKey"
						}
					}
				},
				"inputs": [
					{
						"referenceName": "SalesforceMarketingCloudFTP_recent_bounces",
						"type": "DatasetReference"
					}
				],
				"outputs": [
					{
						"referenceName": "SQLDataWarehouse_staging_salesforce_marketing_cloud_bounce",
						"type": "DatasetReference"
					}
				]
			},
			{
				"name": "sp_insert_salesforce_marketing_cloud_bounce",
				"type": "SqlServerStoredProcedure",
				"dependsOn": [
					{
						"activity": "SalesforceMarketingCloudBounces",
						"dependencyConditions": [
							"Succeeded"
						]
					}
				],
				"policy": {
					"timeout": "7.00:00:00",
					"retry": 0,
					"retryIntervalInSeconds": 30,
					"secureOutput": false,
					"secureInput": false
				},
				"userProperties": [],
				"typeProperties": {
					"storedProcedureName": "[dbo].[sp_insert_salesforce_marketing_cloud_bounce]"
				},
				"linkedServiceName": {
					"referenceName": "SQLDataWarehouse",
					"type": "LinkedServiceReference"
				}
			},
			{
				"name": "sp_update_salesforce_marketing_cloud_bounce",
				"type": "SqlServerStoredProcedure",
				"dependsOn": [
					{
						"activity": "sp_insert_salesforce_marketing_cloud_bounce",
						"dependencyConditions": [
							"Succeeded"
						]
					}
				],
				"policy": {
					"timeout": "7.00:00:00",
					"retry": 0,
					"retryIntervalInSeconds": 30,
					"secureOutput": false,
					"secureInput": false
				},
				"userProperties": [],
				"typeProperties": {
					"storedProcedureName": "[dbo].[sp_update_salesforce_marketing_cloud_bounce]"
				},
				"linkedServiceName": {
					"referenceName": "SQLDataWarehouse",
					"type": "LinkedServiceReference"
				}
			},
			{
				"name": "SalesforceMarketingCloudBouncesFailure",
				"type": "WebActivity",
				"dependsOn": [
					{
						"activity": "SalesforceMarketingCloudBounces",
						"dependencyConditions": [
							"Failed"
						]
					}
				],
				"policy": {
					"timeout": "7.00:00:00",
					"retry": 0,
					"retryIntervalInSeconds": 30,
					"secureOutput": false,
					"secureInput": false
				},
				"userProperties": [],
				"typeProperties": {
					"url": "https://prod-17.northeurope.logic.azure.com:443/workflows/b5b00e5596e94affb317290e4964e4a4/triggers/manual/paths/invoke?api-version=2016-10-01&sp=%2Ftriggers%2Fmanual%2Frun&sv=1.0&sig=55j9tHX1WsutSx6HqYyFcX80ICAhwCoE06KuGGetqb8",
					"method": "POST",
					"headers": {
						"Content-Type": "application/json"
					},
					"body": {
						"activity": "SalesforceMarketingCloudBounces",
						"message": "@{activity('SalesforceMarketingCloudBounces').error.message}",
						"dataFactoryName": "@{pipeline().DataFactory}",
						"pipelineName": "@{pipeline().Pipeline}",
						"FailureNotificationRecipient": "@pipeline().parameters.FailureNotificationRecipient"
					}
				}
			},
			{
				"name": "sp_insert_salesforce_marketing_cloud_bounceFailure",
				"type": "WebActivity",
				"dependsOn": [
					{
						"activity": "sp_insert_salesforce_marketing_cloud_bounce",
						"dependencyConditions": [
							"Failed"
						]
					}
				],
				"policy": {
					"timeout": "7.00:00:00",
					"retry": 0,
					"retryIntervalInSeconds": 30,
					"secureOutput": false,
					"secureInput": false
				},
				"userProperties": [],
				"typeProperties": {
					"url": "https://prod-17.northeurope.logic.azure.com:443/workflows/b5b00e5596e94affb317290e4964e4a4/triggers/manual/paths/invoke?api-version=2016-10-01&sp=%2Ftriggers%2Fmanual%2Frun&sv=1.0&sig=55j9tHX1WsutSx6HqYyFcX80ICAhwCoE06KuGGetqb8",
					"method": "POST",
					"headers": {
						"Content-Type": "application/json"
					},
					"body": {
						"activity": "sp_insert_salesforce_marketing_cloud_bounce",
						"message": "@{activity('sp_insert_salesforce_marketing_cloud_bounce').error.message}",
						"dataFactoryName": "@{pipeline().DataFactory}",
						"pipelineName": "@{pipeline().Pipeline}",
						"FailureNotificationRecipient": "@pipeline().parameters.FailureNotificationRecipient"
					}
				}
			},
			{
				"name": "sp_update_salesforce_marketing_cloud_bounceFailure",
				"type": "WebActivity",
				"dependsOn": [
					{
						"activity": "sp_update_salesforce_marketing_cloud_bounce",
						"dependencyConditions": [
							"Failed"
						]
					}
				],
				"policy": {
					"timeout": "7.00:00:00",
					"retry": 0,
					"retryIntervalInSeconds": 30,
					"secureOutput": false,
					"secureInput": false
				},
				"userProperties": [],
				"typeProperties": {
					"url": "https://prod-17.northeurope.logic.azure.com:443/workflows/b5b00e5596e94affb317290e4964e4a4/triggers/manual/paths/invoke?api-version=2016-10-01&sp=%2Ftriggers%2Fmanual%2Frun&sv=1.0&sig=55j9tHX1WsutSx6HqYyFcX80ICAhwCoE06KuGGetqb8",
					"method": "POST",
					"headers": {
						"Content-Type": "application/json"
					},
					"body": {
						"activity": "sp_update_salesforce_marketing_cloud_bounce",
						"message": "@{activity('sp_update_salesforce_marketing_cloud_bounce').error.message}",
						"dataFactoryName": "@{pipeline().DataFactory}",
						"pipelineName": "@{pipeline().Pipeline}",
						"FailureNotificationRecipient": "@pipeline().parameters.FailureNotificationRecipient"
					}
				}
			}
		],
		"parameters": {
			"FailureNotificationRecipient": {
				"type": "String",
				"defaultValue": "data.platform@mcarthurglen.com"
			}
		},
		"folder": {
			"name": "Salesforce Marketing Cloud"
		},
		"annotations": []
	},
	"type": "Microsoft.DataFactory/factories/pipelines"
}