{
	"name": "SalesforceServiceCloudTravelPartner",
	"properties": {
		"activities": [
			{
				"name": "SalesforceServiceCloudTravelPartner",
				"type": "Copy",
				"dependsOn": [
					{
						"activity": "LastModifiedTimestamp",
						"dependencyConditions": [
							"Succeeded"
						]
					}
				],
				"policy": {
					"timeout": "7.00:00:00",
					"retry": 0,
					"retryIntervalInSeconds": 30,
					"secureOutput": false,
					"secureInput": false
				},
				"userProperties": [],
				"typeProperties": {
					"source": {
						"type": "SalesforceSource",
						"query": {
							"value": "SELECT  CreatedById,\n        CreatedDate,\n        Id,\n        IsDeleted,\n        LastModifiedById,\n        LastModifiedDate,\n        LastReferencedDate,\n        LastViewedDate,\n        MAG_TP_Address_1__c,\n        MAG_TP_Address_2__c,\n        MAG_TP_Address_3__c,\n        MAG_TP_Country_Code__c,\n        MAG_TP_Country__c,\n        MAG_TP_IsContracted__c,\n        MAG_TP_Partner_Owner__c,\n        MAG_TP_Postcode__c,\n        MAG_TP_Status__c,\n        Name,\n        OwnerId,\n        SystemModstamp,\n        Travel_Partner_User__c\nFROM MAG_TP_Travel_Partner__c\nWHERE (CreatedDate >= @{activity('LastModifiedTimestamp').output.value[0].last_modified}\nOR LastModifiedDate >= @{activity('LastModifiedTimestamp').output.value[0].last_modified}\nOR LastReferencedDate >= @{activity('LastModifiedTimestamp').output.value[0].last_modified}\nOR LastViewedDate >= @{activity('LastModifiedTimestamp').output.value[0].last_modified}\nOR SystemModstamp >= @{activity('LastModifiedTimestamp').output.value[0].last_modified})",
							"type": "Expression"
						},
						"readBehavior": "query"
					},
					"sink": {
						"type": "SqlDWSink",
						"allowPolyBase": false,
						"writeBatchSize": 10000,
						"preCopyScript": "TRUNCATE TABLE staging.salesforce_service_cloud_travel_partner",
						"disableMetricsCollection": false
					},
					"enableStaging": true,
					"stagingSettings": {
						"linkedServiceName": {
							"referenceName": "dataplatformstoragearea",
							"type": "LinkedServiceReference"
						},
						"enableCompression": true
					},
					"enableSkipIncompatibleRow": false,
					"dataIntegrationUnits": 0,
					"translator": {
						"type": "TabularTranslator",
						"mappings": [
							{
								"source": {
									"name": "CreatedById",
									"type": "String"
								},
								"sink": {
									"name": "CreatedById"
								}
							},
							{
								"source": {
									"name": "CreatedDate",
									"type": "DateTime"
								},
								"sink": {
									"name": "CreatedDate"
								}
							},
							{
								"source": {
									"name": "Id",
									"type": "String"
								},
								"sink": {
									"name": "Id"
								}
							},
							{
								"source": {
									"name": "IsDeleted",
									"type": "Boolean"
								},
								"sink": {
									"name": "IsDeleted"
								}
							},
							{
								"source": {
									"name": "LastModifiedById",
									"type": "String"
								},
								"sink": {
									"name": "LastModifiedById"
								}
							},
							{
								"source": {
									"name": "LastModifiedDate",
									"type": "DateTime"
								},
								"sink": {
									"name": "LastModifiedDate"
								}
							},
							{
								"source": {
									"name": "LastReferencedDate",
									"type": "DateTime"
								},
								"sink": {
									"name": "LastReferencedDate"
								}
							},
							{
								"source": {
									"name": "LastViewedDate",
									"type": "DateTime"
								},
								"sink": {
									"name": "LastViewedDate"
								}
							},
							{
								"source": {
									"name": "MAG_TP_Address_1__c",
									"type": "String"
								},
								"sink": {
									"name": "MAG_TP_Address_1__c"
								}
							},
							{
								"source": {
									"name": "MAG_TP_Address_2__c",
									"type": "String"
								},
								"sink": {
									"name": "MAG_TP_Address_2__c"
								}
							},
							{
								"source": {
									"name": "MAG_TP_Address_3__c",
									"type": "String"
								},
								"sink": {
									"name": "MAG_TP_Address_3__c"
								}
							},
							{
								"source": {
									"name": "MAG_TP_Country_Code__c",
									"type": "String"
								},
								"sink": {
									"name": "MAG_TP_Country_Code__c"
								}
							},
							{
								"source": {
									"name": "MAG_TP_Country__c",
									"type": "String"
								},
								"sink": {
									"name": "MAG_TP_Country__c"
								}
							},
							{
								"source": {
									"name": "MAG_TP_IsContracted__c",
									"type": "Boolean"
								},
								"sink": {
									"name": "MAG_TP_IsContracted__c"
								}
							},
							{
								"source": {
									"name": "MAG_TP_Partner_Owner__c",
									"type": "String"
								},
								"sink": {
									"name": "MAG_TP_Partner_Owner__c"
								}
							},
							{
								"source": {
									"name": "MAG_TP_Postcode__c",
									"type": "String"
								},
								"sink": {
									"name": "MAG_TP_Postcode__c"
								}
							},
							{
								"source": {
									"name": "MAG_TP_Status__c",
									"type": "String"
								},
								"sink": {
									"name": "MAG_TP_Status__c"
								}
							},
							{
								"source": {
									"name": "Name",
									"type": "String"
								},
								"sink": {
									"name": "Name"
								}
							},
							{
								"source": {
									"name": "OwnerId",
									"type": "String"
								},
								"sink": {
									"name": "OwnerId"
								}
							},
							{
								"source": {
									"name": "SystemModstamp",
									"type": "DateTime"
								},
								"sink": {
									"name": "SystemModstamp"
								}
							},
							{
								"source": {
									"name": "Travel_Partner_User__c",
									"type": "String"
								},
								"sink": {
									"name": "Travel_Partner_User__c"
								}
							}
						]
					}
				},
				"inputs": [
					{
						"referenceName": "SalesforceServiceCloudTravelPartner",
						"type": "DatasetReference"
					}
				],
				"outputs": [
					{
						"referenceName": "SQLDataWarehouse_staging_salesforce_service_cloud_travel_partner",
						"type": "DatasetReference"
					}
				]
			},
			{
				"name": "sp_insert_salesforce_service_cloud_travel_partner",
				"type": "SqlServerStoredProcedure",
				"dependsOn": [
					{
						"activity": "sp_update_salesforce_service_cloud_travel_partner",
						"dependencyConditions": [
							"Succeeded"
						]
					}
				],
				"policy": {
					"timeout": "7.00:00:00",
					"retry": 0,
					"retryIntervalInSeconds": 30,
					"secureOutput": false,
					"secureInput": false
				},
				"userProperties": [],
				"typeProperties": {
					"storedProcedureName": "[dbo].[sp_insert_salesforce_service_cloud_travel_partner]"
				},
				"linkedServiceName": {
					"referenceName": "SQLDataWarehouse",
					"type": "LinkedServiceReference"
				}
			},
			{
				"name": "sp_update_salesforce_service_cloud_travel_partner",
				"type": "SqlServerStoredProcedure",
				"dependsOn": [
					{
						"activity": "SalesforceServiceCloudTravelPartner",
						"dependencyConditions": [
							"Succeeded"
						]
					}
				],
				"policy": {
					"timeout": "7.00:00:00",
					"retry": 0,
					"retryIntervalInSeconds": 30,
					"secureOutput": false,
					"secureInput": false
				},
				"userProperties": [],
				"typeProperties": {
					"storedProcedureName": "[dbo].[sp_update_salesforce_service_cloud_travel_partner]"
				},
				"linkedServiceName": {
					"referenceName": "SQLDataWarehouse",
					"type": "LinkedServiceReference"
				}
			},
			{
				"name": "LastModifiedTimestamp",
				"type": "Lookup",
				"dependsOn": [],
				"policy": {
					"timeout": "7.00:00:00",
					"retry": 0,
					"retryIntervalInSeconds": 30,
					"secureOutput": false,
					"secureInput": false
				},
				"userProperties": [],
				"typeProperties": {
					"source": {
						"type": "SqlDWSource",
						"sqlReaderQuery": {
							"value": "SELECT CONCAT(CONVERT(VARCHAR(19), MAX(DATEADD(day,-4,systemmodstamp)), 127),'Z') AS last_modified\nFROM salesforce_service_cloud.travel_partner\nWHERE systemmodstamp < GETDATE();",
							"type": "Expression"
						}
					},
					"dataset": {
						"referenceName": "SQLDataWarehouse",
						"type": "DatasetReference"
					},
					"firstRowOnly": false
				}
			},
			{
				"name": "LastModifiedTimestampFailure",
				"type": "WebActivity",
				"dependsOn": [
					{
						"activity": "LastModifiedTimestamp",
						"dependencyConditions": [
							"Failed"
						]
					}
				],
				"policy": {
					"timeout": "7.00:00:00",
					"retry": 0,
					"retryIntervalInSeconds": 30,
					"secureOutput": false,
					"secureInput": false
				},
				"userProperties": [],
				"typeProperties": {
					"url": "https://prod-17.northeurope.logic.azure.com:443/workflows/b5b00e5596e94affb317290e4964e4a4/triggers/manual/paths/invoke?api-version=2016-10-01&sp=%2Ftriggers%2Fmanual%2Frun&sv=1.0&sig=55j9tHX1WsutSx6HqYyFcX80ICAhwCoE06KuGGetqb8",
					"method": "POST",
					"headers": {
						"Content-Type": "application/json"
					},
					"body": {
						"activity": "LastModifiedTimestamp",
						"message": "@{activity('LastModifiedTimestamp').error.message}",
						"dataFactoryName": "@{pipeline().DataFactory}",
						"pipelineName": "@{pipeline().Pipeline}",
						"FailureNotificationRecipient": "@pipeline().parameters.FailureNotificationRecipient"
					}
				}
			},
			{
				"name": "SalesforceServiceCloudTravelPartnerFailure",
				"type": "WebActivity",
				"dependsOn": [
					{
						"activity": "SalesforceServiceCloudTravelPartner",
						"dependencyConditions": [
							"Failed"
						]
					}
				],
				"policy": {
					"timeout": "7.00:00:00",
					"retry": 0,
					"retryIntervalInSeconds": 30,
					"secureOutput": false,
					"secureInput": false
				},
				"userProperties": [],
				"typeProperties": {
					"url": "https://prod-17.northeurope.logic.azure.com:443/workflows/b5b00e5596e94affb317290e4964e4a4/triggers/manual/paths/invoke?api-version=2016-10-01&sp=%2Ftriggers%2Fmanual%2Frun&sv=1.0&sig=55j9tHX1WsutSx6HqYyFcX80ICAhwCoE06KuGGetqb8",
					"method": "POST",
					"headers": {
						"Content-Type": "application/json"
					},
					"body": {
						"activity": "SalesforceServiceCloudContact",
						"message": "@{activity('SalesforceServiceCloudContact').error.message}",
						"dataFactoryName": "@{pipeline().DataFactory}",
						"pipelineName": "@{pipeline().Pipeline}",
						"FailureNotificationRecipient": "@pipeline().parameters.FailureNotificationRecipient"
					}
				}
			},
			{
				"name": "sp_insert_salesforce_service_cloud_travelPartnerFailure",
				"type": "WebActivity",
				"dependsOn": [
					{
						"activity": "sp_insert_salesforce_service_cloud_travel_partner",
						"dependencyConditions": [
							"Failed"
						]
					}
				],
				"policy": {
					"timeout": "7.00:00:00",
					"retry": 0,
					"retryIntervalInSeconds": 30,
					"secureOutput": false,
					"secureInput": false
				},
				"userProperties": [],
				"typeProperties": {
					"url": "https://prod-17.northeurope.logic.azure.com:443/workflows/b5b00e5596e94affb317290e4964e4a4/triggers/manual/paths/invoke?api-version=2016-10-01&sp=%2Ftriggers%2Fmanual%2Frun&sv=1.0&sig=55j9tHX1WsutSx6HqYyFcX80ICAhwCoE06KuGGetqb8",
					"method": "POST",
					"headers": {
						"Content-Type": "application/json"
					},
					"body": {
						"activity": "sp_insert_salesforce_service_cloud_contact",
						"message": "@{activity('sp_insert_salesforce_service_cloud_contact').error.message}",
						"dataFactoryName": "@{pipeline().DataFactory}",
						"pipelineName": "@{pipeline().Pipeline}",
						"FailureNotificationRecipient": "@pipeline().parameters.FailureNotificationRecipient"
					}
				}
			},
			{
				"name": "sp_update_salesforce_service_cloud_travelPartnerFailure",
				"type": "WebActivity",
				"dependsOn": [
					{
						"activity": "sp_update_salesforce_service_cloud_travel_partner",
						"dependencyConditions": [
							"Failed"
						]
					}
				],
				"policy": {
					"timeout": "7.00:00:00",
					"retry": 0,
					"retryIntervalInSeconds": 30,
					"secureOutput": false,
					"secureInput": false
				},
				"userProperties": [],
				"typeProperties": {
					"url": "https://prod-17.northeurope.logic.azure.com:443/workflows/b5b00e5596e94affb317290e4964e4a4/triggers/manual/paths/invoke?api-version=2016-10-01&sp=%2Ftriggers%2Fmanual%2Frun&sv=1.0&sig=55j9tHX1WsutSx6HqYyFcX80ICAhwCoE06KuGGetqb8",
					"method": "POST",
					"headers": {
						"Content-Type": "application/json"
					},
					"body": {
						"activity": "sp_update_salesforce_service_cloud_contact",
						"message": "@{activity('sp_update_salesforce_service_cloud_contact').error.message}",
						"dataFactoryName": "@{pipeline().DataFactory}",
						"pipelineName": "@{pipeline().Pipeline}",
						"FailureNotificationRecipient": "@pipeline().parameters.FailureNotificationRecipient"
					}
				}
			}
		],
		"parameters": {
			"FailureNotificationRecipient": {
				"type": "String",
				"defaultValue": "data.platform@mcarthurglen.com"
			}
		},
		"folder": {
			"name": "Salesforce Service Cloud"
		},
		"annotations": []
	},
	"type": "Microsoft.DataFactory/factories/pipelines"
}