{
	"name": "SalesforceMarketingCloudCampaign",
	"properties": {
		"activities": [
			{
				"name": "SalesforceMarketingCloudCampaign",
				"type": "Copy",
				"dependsOn": [
					{
						"activity": "LastModifiedTimestamp",
						"dependencyConditions": [
							"Succeeded"
						]
					}
				],
				"policy": {
					"timeout": "7.00:00:00",
					"retry": 0,
					"retryIntervalInSeconds": 30,
					"secureOutput": false,
					"secureInput": false
				},
				"userProperties": [],
				"typeProperties": {
					"source": {
						"type": "SalesforceMarketingCloudSource",
						"query": {
							"value": "SELECT id, name, description, campaigncode, color, favorite, createddate, modifieddate\nFROM SFMC.Campaigns\nWHERE createddate >= @{activity('LastModifiedTimestamp').output.value[0].last_modified}",
							"type": "Expression"
						}
					},
					"sink": {
						"type": "SqlDWSink",
						"allowPolyBase": true,
						"writeBatchSize": 10000,
						"preCopyScript": "TRUNCATE TABLE staging.salesforce_marketing_cloud_campaign",
						"polyBaseSettings": {
							"rejectValue": 0,
							"rejectType": "value",
							"useTypeDefault": true
						}
					},
					"enableStaging": true,
					"stagingSettings": {
						"linkedServiceName": {
							"referenceName": "dataplatformstoragearea",
							"type": "LinkedServiceReference"
						},
						"enableCompression": true
					},
					"dataIntegrationUnits": 0,
					"translator": {
						"type": "TabularTranslator",
						"columnMappings": {
							"Id": "id",
							"Name": "name",
							"Description": "description",
							"CampaignCode": "campaign_code",
							"Color": "color",
							"favorite": "favorite",
							"createdDate": "created_date",
							"modifiedDate": "modified_date"
						}
					}
				},
				"inputs": [
					{
						"referenceName": "SalesforceMarketingCloudCampaigns",
						"type": "DatasetReference"
					}
				],
				"outputs": [
					{
						"referenceName": "SQLDataWarehouse_staging_salesforce_marketing_cloud_campaign",
						"type": "DatasetReference"
					}
				]
			},
			{
				"name": "sp_insert_salesforce_marketing_cloud_campaign",
				"type": "SqlServerStoredProcedure",
				"dependsOn": [
					{
						"activity": "SalesforceMarketingCloudCampaign",
						"dependencyConditions": [
							"Succeeded"
						]
					}
				],
				"policy": {
					"timeout": "7.00:00:00",
					"retry": 0,
					"retryIntervalInSeconds": 30,
					"secureOutput": false,
					"secureInput": false
				},
				"userProperties": [],
				"typeProperties": {
					"storedProcedureName": "[dbo].[sp_insert_salesforce_marketing_cloud_campaign]"
				},
				"linkedServiceName": {
					"referenceName": "SQLDataWarehouse",
					"type": "LinkedServiceReference"
				}
			},
			{
				"name": "sp_update_salesforce_marketing_cloud_campaign",
				"type": "SqlServerStoredProcedure",
				"dependsOn": [
					{
						"activity": "sp_insert_salesforce_marketing_cloud_campaign",
						"dependencyConditions": [
							"Succeeded"
						]
					}
				],
				"policy": {
					"timeout": "7.00:00:00",
					"retry": 0,
					"retryIntervalInSeconds": 30,
					"secureOutput": false,
					"secureInput": false
				},
				"userProperties": [],
				"typeProperties": {
					"storedProcedureName": "[dbo].[sp_update_salesforce_marketing_cloud_campaign]"
				},
				"linkedServiceName": {
					"referenceName": "SQLDataWarehouse",
					"type": "LinkedServiceReference"
				}
			},
			{
				"name": "LastModifiedTimestamp",
				"type": "Lookup",
				"dependsOn": [],
				"policy": {
					"timeout": "7.00:00:00",
					"retry": 0,
					"retryIntervalInSeconds": 30,
					"secureOutput": false,
					"secureInput": false
				},
				"userProperties": [],
				"typeProperties": {
					"source": {
						"type": "SqlDWSource",
						"sqlReaderQuery": "SELECT CONCAT('''',CONVERT(VARCHAR(19), MAX(DATEADD(day,-1,modified_date)), 20),'''') AS last_modified FROM salesforce_marketing_cloud.campaign;"
					},
					"dataset": {
						"referenceName": "SQLDataWarehouse",
						"type": "DatasetReference"
					},
					"firstRowOnly": false
				}
			},
			{
				"name": "LastModifiedTimestampFailure",
				"type": "WebActivity",
				"dependsOn": [
					{
						"activity": "LastModifiedTimestamp",
						"dependencyConditions": [
							"Failed"
						]
					}
				],
				"policy": {
					"timeout": "7.00:00:00",
					"retry": 0,
					"retryIntervalInSeconds": 30,
					"secureOutput": false,
					"secureInput": false
				},
				"userProperties": [],
				"typeProperties": {
					"url": "https://prod-17.northeurope.logic.azure.com:443/workflows/b5b00e5596e94affb317290e4964e4a4/triggers/manual/paths/invoke?api-version=2016-10-01&sp=%2Ftriggers%2Fmanual%2Frun&sv=1.0&sig=55j9tHX1WsutSx6HqYyFcX80ICAhwCoE06KuGGetqb8",
					"method": "POST",
					"headers": {
						"Content-Type": "application/json"
					},
					"body": {
						"activity": "LastModifiedTimestamp",
						"message": "@{activity('LastModifiedTimestamp').error.message}",
						"dataFactoryName": "@{pipeline().DataFactory}",
						"pipelineName": "@{pipeline().Pipeline}",
						"FailureNotificationRecipient": "@pipeline().parameters.FailureNotificationRecipient"
					}
				}
			},
			{
				"name": "SalesforceMarketingCloudCampaignFailure",
				"type": "WebActivity",
				"dependsOn": [
					{
						"activity": "SalesforceMarketingCloudCampaign",
						"dependencyConditions": [
							"Failed"
						]
					}
				],
				"policy": {
					"timeout": "7.00:00:00",
					"retry": 0,
					"retryIntervalInSeconds": 30,
					"secureOutput": false,
					"secureInput": false
				},
				"userProperties": [],
				"typeProperties": {
					"url": "https://prod-17.northeurope.logic.azure.com:443/workflows/b5b00e5596e94affb317290e4964e4a4/triggers/manual/paths/invoke?api-version=2016-10-01&sp=%2Ftriggers%2Fmanual%2Frun&sv=1.0&sig=55j9tHX1WsutSx6HqYyFcX80ICAhwCoE06KuGGetqb8",
					"method": "POST",
					"headers": {
						"Content-Type": "application/json"
					},
					"body": {
						"activity": "SalesforceMarketingCloudCampaign",
						"message": "@{activity('SalesforceMarketingCloudCampaign').error.message}",
						"dataFactoryName": "@{pipeline().DataFactory}",
						"pipelineName": "@{pipeline().Pipeline}",
						"FailureNotificationRecipient": "@pipeline().parameters.FailureNotificationRecipient"
					}
				}
			},
			{
				"name": "sp_insert_salesforce_marketing_cloud_campaignFailure",
				"type": "WebActivity",
				"dependsOn": [
					{
						"activity": "sp_insert_salesforce_marketing_cloud_campaign",
						"dependencyConditions": [
							"Failed"
						]
					}
				],
				"policy": {
					"timeout": "7.00:00:00",
					"retry": 0,
					"retryIntervalInSeconds": 30,
					"secureOutput": false,
					"secureInput": false
				},
				"userProperties": [],
				"typeProperties": {
					"url": "https://prod-17.northeurope.logic.azure.com:443/workflows/b5b00e5596e94affb317290e4964e4a4/triggers/manual/paths/invoke?api-version=2016-10-01&sp=%2Ftriggers%2Fmanual%2Frun&sv=1.0&sig=55j9tHX1WsutSx6HqYyFcX80ICAhwCoE06KuGGetqb8",
					"method": "POST",
					"headers": {
						"Content-Type": "application/json"
					},
					"body": {
						"activity": "sp_insert_salesforce_marketing_cloud_campaign",
						"message": "@{activity('sp_insert_salesforce_marketing_cloud_campaign').error.message}",
						"dataFactoryName": "@{pipeline().DataFactory}",
						"pipelineName": "@{pipeline().Pipeline}",
						"FailureNotificationRecipient": "@pipeline().parameters.FailureNotificationRecipient"
					}
				}
			},
			{
				"name": "sp_update_salesforce_marketing_cloud_campaignFailure",
				"type": "WebActivity",
				"dependsOn": [
					{
						"activity": "sp_update_salesforce_marketing_cloud_campaign",
						"dependencyConditions": [
							"Failed"
						]
					}
				],
				"policy": {
					"timeout": "7.00:00:00",
					"retry": 0,
					"retryIntervalInSeconds": 30,
					"secureOutput": false,
					"secureInput": false
				},
				"userProperties": [],
				"typeProperties": {
					"url": "https://prod-17.northeurope.logic.azure.com:443/workflows/b5b00e5596e94affb317290e4964e4a4/triggers/manual/paths/invoke?api-version=2016-10-01&sp=%2Ftriggers%2Fmanual%2Frun&sv=1.0&sig=55j9tHX1WsutSx6HqYyFcX80ICAhwCoE06KuGGetqb8",
					"method": "POST",
					"headers": {
						"Content-Type": "application/json"
					},
					"body": {
						"activity": "sp_update_salesforce_marketing_cloud_campaign",
						"message": "@{activity('sp_update_salesforce_marketing_cloud_campaign').error.message}",
						"dataFactoryName": "@{pipeline().DataFactory}",
						"pipelineName": "@{pipeline().Pipeline}",
						"FailureNotificationRecipient": "@pipeline().parameters.FailureNotificationRecipient"
					}
				}
			}
		],
		"parameters": {
			"FailureNotificationRecipient": {
				"type": "String",
				"defaultValue": "data.platform@mcarthurglen.com"
			}
		},
		"folder": {
			"name": "Salesforce Marketing Cloud"
		},
		"annotations": []
	},
	"type": "Microsoft.DataFactory/factories/pipelines"
}