{
	"name": "SalesforceServiceCloudContact",
	"properties": {
		"activities": [
			{
				"name": "SalesforceServiceCloudContact",
				"type": "Copy",
				"dependsOn": [
					{
						"activity": "LastModifiedTimestamp",
						"dependencyConditions": [
							"Succeeded"
						]
					}
				],
				"policy": {
					"timeout": "7.00:00:00",
					"retry": 0,
					"retryIntervalInSeconds": 30,
					"secureOutput": false,
					"secureInput": false
				},
				"userProperties": [],
				"typeProperties": {
					"source": {
						"type": "SalesforceSource",
						"query": {
							"value": "SELECT Id,\nAccountId,\nCreatedById,\nCreatedDate,\nDedup_Field_Guide__c,\nDepartment,\nDupe_Field_Catcher__c,\nEmail,\nEmailBouncedDate,\nEmailBouncedReason,\net4ae5__HasOptedOutOfMobile__c,\net4ae5__Mobile_Country_Code__c,\nFax,\nFirstName,\nHasOptedOutOfEmail,\nIsDeleted,\nIsEmailBounced,\nJigsaw,\nJigsawContactId,\nLastActivityDate,\nLastCURequestDate,\nLastCUUpdateDate,\nLastModifiedById,\nLastModifiedDate,\nLastName,\nLastReferencedDate,\nLastViewedDate,\nMAG_AcquisitionChannel__c,\nMAG_Acquisition_Source__c,\nMAG_Address1__c,\nMAG_Address2__c,\nMAG_Address3__c,\nMAG_Child1Age__c,\nMAG_Child2Age__c,\nMAG_Child3Age__c,\nMAG_Child4Age__c,\nMAG_City__c,\nMAG_Club_Type__c,\nMAG_CountryCode__c,\nMAG_Country__c,\nMAG_DateofBirth__c,\nMAG_DeleteRequestDate__c,\nMAG_DeletionDueDate__c,\nMAG_FacebookID__c,\nMAG_Gender__c,\nMAG_GUID__c,\nMAG_Jitterbit__c,\nMAG_LanguageCode__c,\nMAG_Language__c,\nMAG_LatestCustomSource__c,\nMAG_LatestEventName__c,\nMAG_LatestOutlet__c,\nMAG_LatestSource__c,\nMAG_LegacyMCDBContactID__c,\nMAG_ManualAddition__c,\nMAG_Newsletter_Subscription_Update_Req__c,\nMAG_NumberofChildren__c,\nMAG_Postcode__c,\nMAG_PreferenceAccessories__c,\nMAG_PreferenceBeauty__c,\nMAG_PreferenceCasual__c,\nMAG_PreferenceFormal__c,\nMAG_PreferenceHome__c,\nMAG_PreferenceShoes__c,\nMAG_PreferenceSport__c,\nMAG_PreferenceUnderwear__c,\nMAG_ReferredCustomer__c,\nMAG_Referrer__c,\nMAG_SpamScore__c,\nMAG_StatusCode__c,\nMAG_Status__c,\nMAG_VisitSaturday__c,\nMAG_VisitSunday__c,\nMAG_VisitWeekdayDay__c,\nMAG_VisitWeekdayEve__c,\nMAG_WebAPIRequest__c,\nMailingCity,\nMailingCountry,\nMailingGeocodeAccuracy,\nMailingLatitude,\nMailingLongitude,\nMailingPostalCode,\nMailingState,\nMailingStreet,\nMasterRecordId,\nMobilePhone,\nName,\nOwnerId,\nPhone,\nPhotoUrl,\nReportsToId,\nSalutation,\nSystemModstamp,\nTitle,\nMAG_SkyfiiId__c\nFROM Contact\nWHERE CreatedDate >= @{activity('LastModifiedTimestamp').output.value[0].last_modified}\nOR EmailBouncedDate >= @{activity('LastModifiedTimestamp').output.value[0].last_modified}\nOR LastCURequestDate >= @{activity('LastModifiedTimestamp').output.value[0].last_modified}\nOR LastCUUpdateDate >= @{activity('LastModifiedTimestamp').output.value[0].last_modified}\nOR LastModifiedDate >= @{activity('LastModifiedTimestamp').output.value[0].last_modified}\nOR LastReferencedDate >= @{activity('LastModifiedTimestamp').output.value[0].last_modified}\nOR LastViewedDate >= @{activity('LastModifiedTimestamp').output.value[0].last_modified}\nOR SystemModstamp >= @{activity('LastModifiedTimestamp').output.value[0].last_modified}",
							"type": "Expression"
						},
						"readBehavior": "queryAll"
					},
					"sink": {
						"type": "SqlDWSink",
						"allowPolyBase": false,
						"writeBatchSize": 10000,
						"preCopyScript": "TRUNCATE TABLE staging.salesforce_service_cloud_contact"
					},
					"enableStaging": true,
					"stagingSettings": {
						"linkedServiceName": {
							"referenceName": "dataplatformstoragearea",
							"type": "LinkedServiceReference"
						},
						"enableCompression": true
					},
					"enableSkipIncompatibleRow": false,
					"dataIntegrationUnits": 0,
					"translator": {
						"type": "TabularTranslator",
						"columnMappings": {
							"Id": "Id",
							"AccountId": "AccountId",
							"CreatedById": "CreatedById",
							"CreatedDate": "CreatedDate",
							"Dedup_Field_Guide__c": "Dedup_Field_Guide__c",
							"Department": "Department",
							"Dupe_Field_Catcher__c": "Dupe_Field_Catcher__c",
							"Email": "Email",
							"EmailBouncedDate": "EmailBouncedDate",
							"EmailBouncedReason": "EmailBouncedReason",
							"et4ae5__HasOptedOutOfMobile__c": "et4ae5__HasOptedOutOfMobile__c",
							"et4ae5__Mobile_Country_Code__c": "et4ae5__Mobile_Country_Code__c",
							"Fax": "Fax",
							"FirstName": "FirstName",
							"HasOptedOutOfEmail": "HasOptedOutOfEmail",
							"IsDeleted": "IsDeleted",
							"IsEmailBounced": "IsEmailBounced",
							"Jigsaw": "Jigsaw",
							"JigsawContactId": "JigsawContactId",
							"LastActivityDate": "LastActivityDate",
							"LastCURequestDate": "LastCURequestDate",
							"LastCUUpdateDate": "LastCUUpdateDate",
							"LastModifiedById": "LastModifiedById",
							"LastModifiedDate": "LastModifiedDate",
							"LastName": "LastName",
							"LastReferencedDate": "LastReferencedDate",
							"LastViewedDate": "LastViewedDate",
							"MAG_AcquisitionChannel__c": "MAG_AcquisitionChannel__c",
							"MAG_Acquisition_Source__c": "MAG_Acquisition_Source__c",
							"MAG_Address1__c": "MAG_Address1__c",
							"MAG_Address2__c": "MAG_Address2__c",
							"MAG_Address3__c": "MAG_Address3__c",
							"MAG_Child1Age__c": "MAG_Child1Age__c",
							"MAG_Child2Age__c": "MAG_Child2Age__c",
							"MAG_Child3Age__c": "MAG_Child3Age__c",
							"MAG_Child4Age__c": "MAG_Child4Age__c",
							"MAG_City__c": "MAG_City__c",
							"MAG_Club_Type__c": "MAG_Club_Type__c",
							"MAG_CountryCode__c": "MAG_CountryCode__c",
							"MAG_Country__c": "MAG_Country__c",
							"MAG_DateofBirth__c": "MAG_DateofBirth__c",
							"MAG_DeleteRequestDate__c": "MAG_DeleteRequestDate__c",
							"MAG_DeletionDueDate__c": "MAG_DeletionDueDate__c",
							"MAG_FacebookID__c": "MAG_FacebookID__c",
							"MAG_Gender__c": "MAG_Gender__c",
							"MAG_GUID__c": "MAG_GUID__c",
							"MAG_Jitterbit__c": "MAG_Jitterbit__c",
							"MAG_LanguageCode__c": "MAG_LanguageCode__c",
							"MAG_Language__c": "MAG_Language__c",
							"MAG_LatestCustomSource__c": "MAG_LatestCustomSource__c",
							"MAG_LatestEventName__c": "MAG_LatestEventName__c",
							"MAG_LatestOutlet__c": "MAG_LatestOutlet__c",
							"MAG_LatestSource__c": "MAG_LatestSource__c",
							"MAG_LegacyMCDBContactID__c": "MAG_LegacyMCDBContactID__c",
							"MAG_ManualAddition__c": "MAG_ManualAddition__c",
							"MAG_Newsletter_Subscription_Update_Req__c": "MAG_Newsletter_Subscription_Update_Req__c",
							"MAG_NumberofChildren__c": "MAG_NumberofChildren__c",
							"MAG_Postcode__c": "MAG_Postcode__c",
							"MAG_PreferenceAccessories__c": "MAG_PreferenceAccessories__c",
							"MAG_PreferenceBeauty__c": "MAG_PreferenceBeauty__c",
							"MAG_PreferenceCasual__c": "MAG_PreferenceCasual__c",
							"MAG_PreferenceFormal__c": "MAG_PreferenceFormal__c",
							"MAG_PreferenceHome__c": "MAG_PreferenceHome__c",
							"MAG_PreferenceShoes__c": "MAG_PreferenceShoes__c",
							"MAG_PreferenceSport__c": "MAG_PreferenceSport__c",
							"MAG_PreferenceUnderwear__c": "MAG_PreferenceUnderwear__c",
							"MAG_ReferredCustomer__c": "MAG_ReferredCustomer__c",
							"MAG_Referrer__c": "MAG_Referrer__c",
							"MAG_SpamScore__c": "MAG_SpamScore__c",
							"MAG_StatusCode__c": "MAG_StatusCode__c",
							"MAG_Status__c": "MAG_Status__c",
							"MAG_VisitSaturday__c": "MAG_VisitSaturday__c",
							"MAG_VisitSunday__c": "MAG_VisitSunday__c",
							"MAG_VisitWeekdayDay__c": "MAG_VisitWeekdayDay__c",
							"MAG_VisitWeekdayEve__c": "MAG_VisitWeekdayEve__c",
							"MAG_WebAPIRequest__c": "MAG_WebAPIRequest__c",
							"MailingCity": "MailingCity",
							"MailingCountry": "MailingCountry",
							"MailingGeocodeAccuracy": "MailingGeocodeAccuracy",
							"MailingLatitude": "MailingLatitude",
							"MailingLongitude": "MailingLongitude",
							"MailingPostalCode": "MailingPostalCode",
							"MailingState": "MailingState",
							"MailingStreet": "MailingStreet",
							"MasterRecordId": "MasterRecordId",
							"MobilePhone": "MobilePhone",
							"Name": "Name",
							"OwnerId": "OwnerId",
							"Phone": "Phone",
							"PhotoUrl": "PhotoUrl",
							"ReportsToId": "ReportsToId",
							"Salutation": "Salutation",
							"SystemModstamp": "SystemModstamp",
							"Title": "Title",
							"MAG_SkyfiiId__c": "MAG_SkyfiiId__c"
						}
					}
				},
				"inputs": [
					{
						"referenceName": "SalesforceServiceCloudContact",
						"type": "DatasetReference"
					}
				],
				"outputs": [
					{
						"referenceName": "SQLDataWarehouse_staging_salesforce_service_cloud_contact",
						"type": "DatasetReference"
					}
				]
			},
			{
				"name": "sp_insert_salesforce_service_cloud_contact",
				"type": "SqlServerStoredProcedure",
				"dependsOn": [
					{
						"activity": "SalesforceServiceCloudContact",
						"dependencyConditions": [
							"Succeeded"
						]
					}
				],
				"policy": {
					"timeout": "7.00:00:00",
					"retry": 0,
					"retryIntervalInSeconds": 30,
					"secureOutput": false,
					"secureInput": false
				},
				"userProperties": [],
				"typeProperties": {
					"storedProcedureName": "[dbo].[sp_insert_salesforce_service_cloud_contact]"
				},
				"linkedServiceName": {
					"referenceName": "SQLDataWarehouse",
					"type": "LinkedServiceReference"
				}
			},
			{
				"name": "sp_update_salesforce_service_cloud_contact",
				"type": "SqlServerStoredProcedure",
				"dependsOn": [
					{
						"activity": "sp_insert_salesforce_service_cloud_contact",
						"dependencyConditions": [
							"Succeeded"
						]
					}
				],
				"policy": {
					"timeout": "7.00:00:00",
					"retry": 0,
					"retryIntervalInSeconds": 30,
					"secureOutput": false,
					"secureInput": false
				},
				"userProperties": [],
				"typeProperties": {
					"storedProcedureName": "[dbo].[sp_update_salesforce_service_cloud_contact]"
				},
				"linkedServiceName": {
					"referenceName": "SQLDataWarehouse",
					"type": "LinkedServiceReference"
				}
			},
			{
				"name": "LastModifiedTimestamp",
				"type": "Lookup",
				"dependsOn": [],
				"policy": {
					"timeout": "7.00:00:00",
					"retry": 0,
					"retryIntervalInSeconds": 30,
					"secureOutput": false,
					"secureInput": false
				},
				"userProperties": [],
				"typeProperties": {
					"source": {
						"type": "SqlDWSource",
						"sqlReaderQuery": {
							"value": "SELECT CONCAT(CONVERT(VARCHAR(19), MAX(DATEADD(day,-4,systemmodstamp)), 127),'Z') AS last_modified\nFROM salesforce_service_cloud.contact\nWHERE systemmodstamp < GETDATE();",
							"type": "Expression"
						}
					},
					"dataset": {
						"referenceName": "SQLDataWarehouse",
						"type": "DatasetReference"
					},
					"firstRowOnly": false
				}
			},
			{
				"name": "LastModifiedTimestampFailure",
				"type": "WebActivity",
				"dependsOn": [
					{
						"activity": "LastModifiedTimestamp",
						"dependencyConditions": [
							"Failed"
						]
					}
				],
				"policy": {
					"timeout": "7.00:00:00",
					"retry": 0,
					"retryIntervalInSeconds": 30,
					"secureOutput": false,
					"secureInput": false
				},
				"userProperties": [],
				"typeProperties": {
					"url": "https://prod-17.northeurope.logic.azure.com:443/workflows/b5b00e5596e94affb317290e4964e4a4/triggers/manual/paths/invoke?api-version=2016-10-01&sp=%2Ftriggers%2Fmanual%2Frun&sv=1.0&sig=55j9tHX1WsutSx6HqYyFcX80ICAhwCoE06KuGGetqb8",
					"method": "POST",
					"headers": {
						"Content-Type": "application/json"
					},
					"body": {
						"activity": "LastModifiedTimestamp",
						"message": "@{activity('LastModifiedTimestamp').error.message}",
						"dataFactoryName": "@{pipeline().DataFactory}",
						"pipelineName": "@{pipeline().Pipeline}",
						"FailureNotificationRecipient": "@pipeline().parameters.FailureNotificationRecipient"
					}
				}
			},
			{
				"name": "SalesforceServiceCloudContactFailure",
				"type": "WebActivity",
				"dependsOn": [
					{
						"activity": "SalesforceServiceCloudContact",
						"dependencyConditions": [
							"Failed"
						]
					}
				],
				"policy": {
					"timeout": "7.00:00:00",
					"retry": 0,
					"retryIntervalInSeconds": 30,
					"secureOutput": false,
					"secureInput": false
				},
				"userProperties": [],
				"typeProperties": {
					"url": "https://prod-17.northeurope.logic.azure.com:443/workflows/b5b00e5596e94affb317290e4964e4a4/triggers/manual/paths/invoke?api-version=2016-10-01&sp=%2Ftriggers%2Fmanual%2Frun&sv=1.0&sig=55j9tHX1WsutSx6HqYyFcX80ICAhwCoE06KuGGetqb8",
					"method": "POST",
					"headers": {
						"Content-Type": "application/json"
					},
					"body": {
						"activity": "SalesforceServiceCloudContact",
						"message": "@{activity('SalesforceServiceCloudContact').error.message}",
						"dataFactoryName": "@{pipeline().DataFactory}",
						"pipelineName": "@{pipeline().Pipeline}",
						"FailureNotificationRecipient": "@pipeline().parameters.FailureNotificationRecipient"
					}
				}
			},
			{
				"name": "sp_insert_salesforce_service_cloud_contactFailure",
				"type": "WebActivity",
				"dependsOn": [
					{
						"activity": "sp_insert_salesforce_service_cloud_contact",
						"dependencyConditions": [
							"Failed"
						]
					}
				],
				"policy": {
					"timeout": "7.00:00:00",
					"retry": 0,
					"retryIntervalInSeconds": 30,
					"secureOutput": false,
					"secureInput": false
				},
				"userProperties": [],
				"typeProperties": {
					"url": "https://prod-17.northeurope.logic.azure.com:443/workflows/b5b00e5596e94affb317290e4964e4a4/triggers/manual/paths/invoke?api-version=2016-10-01&sp=%2Ftriggers%2Fmanual%2Frun&sv=1.0&sig=55j9tHX1WsutSx6HqYyFcX80ICAhwCoE06KuGGetqb8",
					"method": "POST",
					"headers": {
						"Content-Type": "application/json"
					},
					"body": {
						"activity": "sp_insert_salesforce_service_cloud_contact",
						"message": "@{activity('sp_insert_salesforce_service_cloud_contact').error.message}",
						"dataFactoryName": "@{pipeline().DataFactory}",
						"pipelineName": "@{pipeline().Pipeline}",
						"FailureNotificationRecipient": "@pipeline().parameters.FailureNotificationRecipient"
					}
				}
			},
			{
				"name": "sp_update_salesforce_service_cloud_contactFailure",
				"type": "WebActivity",
				"dependsOn": [
					{
						"activity": "sp_update_salesforce_service_cloud_contact",
						"dependencyConditions": [
							"Failed"
						]
					}
				],
				"policy": {
					"timeout": "7.00:00:00",
					"retry": 0,
					"retryIntervalInSeconds": 30,
					"secureOutput": false,
					"secureInput": false
				},
				"userProperties": [],
				"typeProperties": {
					"url": "https://prod-17.northeurope.logic.azure.com:443/workflows/b5b00e5596e94affb317290e4964e4a4/triggers/manual/paths/invoke?api-version=2016-10-01&sp=%2Ftriggers%2Fmanual%2Frun&sv=1.0&sig=55j9tHX1WsutSx6HqYyFcX80ICAhwCoE06KuGGetqb8",
					"method": "POST",
					"headers": {
						"Content-Type": "application/json"
					},
					"body": {
						"activity": "sp_update_salesforce_service_cloud_contact",
						"message": "@{activity('sp_update_salesforce_service_cloud_contact').error.message}",
						"dataFactoryName": "@{pipeline().DataFactory}",
						"pipelineName": "@{pipeline().Pipeline}",
						"FailureNotificationRecipient": "@pipeline().parameters.FailureNotificationRecipient"
					}
				}
			}
		],
		"parameters": {
			"FailureNotificationRecipient": {
				"type": "String",
				"defaultValue": "data.platform@mcarthurglen.com"
			}
		},
		"folder": {
			"name": "Salesforce Service Cloud"
		},
		"annotations": []
	},
	"type": "Microsoft.DataFactory/factories/pipelines"
}