{
	"name": "SalesforceMarketingCloud",
	"properties": {
		"activities": [
			{
				"name": "SalesforceMarketingCloudOpens",
				"type": "ExecutePipeline",
				"dependsOn": [
					{
						"activity": "Start",
						"dependencyConditions": [
							"Succeeded"
						]
					}
				],
				"userProperties": [],
				"typeProperties": {
					"pipeline": {
						"referenceName": "SalesforceMarketingCloudOpens",
						"type": "PipelineReference"
					},
					"waitOnCompletion": true
				}
			},
			{
				"name": "SalesforceMarketingCloudSends",
				"type": "ExecutePipeline",
				"dependsOn": [
					{
						"activity": "Start",
						"dependencyConditions": [
							"Succeeded"
						]
					}
				],
				"userProperties": [],
				"typeProperties": {
					"pipeline": {
						"referenceName": "SalesforceMarketingCloudSends",
						"type": "PipelineReference"
					},
					"waitOnCompletion": true
				}
			},
			{
				"name": "Start",
				"type": "Wait",
				"dependsOn": [],
				"userProperties": [],
				"typeProperties": {
					"waitTimeInSeconds": 1
				}
			},
			{
				"name": "SalesforceMarketingCloudUnsubscribes",
				"type": "ExecutePipeline",
				"dependsOn": [
					{
						"activity": "Start",
						"dependencyConditions": [
							"Succeeded"
						]
					}
				],
				"userProperties": [],
				"typeProperties": {
					"pipeline": {
						"referenceName": "SalesforceMarketingCloudUnsubscribes",
						"type": "PipelineReference"
					},
					"waitOnCompletion": true
				}
			},
			{
				"name": "SalesforceMarketingCloudBounces",
				"type": "ExecutePipeline",
				"dependsOn": [
					{
						"activity": "Start",
						"dependencyConditions": [
							"Succeeded"
						]
					}
				],
				"userProperties": [],
				"typeProperties": {
					"pipeline": {
						"referenceName": "SalesforceMarketingCloudBounces",
						"type": "PipelineReference"
					},
					"waitOnCompletion": true
				}
			},
			{
				"name": "SalesforceMarketingCloudJobs",
				"type": "ExecutePipeline",
				"dependsOn": [
					{
						"activity": "Start",
						"dependencyConditions": [
							"Succeeded"
						]
					}
				],
				"userProperties": [],
				"typeProperties": {
					"pipeline": {
						"referenceName": "SalesforceMarketingCloudJobs",
						"type": "PipelineReference"
					},
					"waitOnCompletion": true
				}
			},
			{
				"name": "SalesforceMarketingCloudClicks",
				"type": "ExecutePipeline",
				"dependsOn": [
					{
						"activity": "Start",
						"dependencyConditions": [
							"Succeeded"
						]
					}
				],
				"userProperties": [],
				"typeProperties": {
					"pipeline": {
						"referenceName": "SalesforceMarketingCloudClicks",
						"type": "PipelineReference"
					},
					"waitOnCompletion": true
				}
			},
			{
				"name": "SalesforceMarketingCloudLists",
				"type": "ExecutePipeline",
				"dependsOn": [
					{
						"activity": "Start",
						"dependencyConditions": [
							"Succeeded"
						]
					}
				],
				"userProperties": [],
				"typeProperties": {
					"pipeline": {
						"referenceName": "SalesforceMarketingCloudLists",
						"type": "PipelineReference"
					},
					"waitOnCompletion": true
				}
			},
			{
				"name": "SalesforceMarketingCloudInteractionHistory",
				"type": "ExecutePipeline",
				"dependsOn": [
					{
						"activity": "SalesforceMarketingCloudBounces",
						"dependencyConditions": [
							"Succeeded"
						]
					},
					{
						"activity": "SalesforceMarketingCloudJobs",
						"dependencyConditions": [
							"Succeeded"
						]
					},
					{
						"activity": "SalesforceMarketingCloudClicks",
						"dependencyConditions": [
							"Succeeded"
						]
					},
					{
						"activity": "SalesforceMarketingCloudLists",
						"dependencyConditions": [
							"Succeeded"
						]
					},
					{
						"activity": "SalesforceMarketingCloudUnsubscribes",
						"dependencyConditions": [
							"Succeeded"
						]
					},
					{
						"activity": "SalesforceMarketingCloudSends",
						"dependencyConditions": [
							"Succeeded"
						]
					},
					{
						"activity": "SalesforceMarketingCloudOpens",
						"dependencyConditions": [
							"Succeeded"
						]
					},
					{
						"activity": "SalesforceMarketingCloudJourneys",
						"dependencyConditions": [
							"Succeeded"
						]
					},
					{
						"activity": "SalesforceMarketingCloudJourneyActivities",
						"dependencyConditions": [
							"Succeeded"
						]
					}
				],
				"userProperties": [],
				"typeProperties": {
					"pipeline": {
						"referenceName": "SalesforceMarketingCloudInteractionHistory",
						"type": "PipelineReference"
					},
					"waitOnCompletion": true
				}
			},
			{
				"name": "SalesforceMarketingCloudReporting",
				"type": "ExecutePipeline",
				"dependsOn": [
					{
						"activity": "SalesforceMarketingCloudInteractionHistory",
						"dependencyConditions": [
							"Succeeded"
						]
					}
				],
				"userProperties": [],
				"typeProperties": {
					"pipeline": {
						"referenceName": "SalesforceMarketingCloudReporting",
						"type": "PipelineReference"
					},
					"waitOnCompletion": true
				}
			},
			{
				"name": "SalesforceMarketingCloudJourneys",
				"type": "ExecutePipeline",
				"dependsOn": [
					{
						"activity": "Start",
						"dependencyConditions": [
							"Succeeded"
						]
					}
				],
				"userProperties": [],
				"typeProperties": {
					"pipeline": {
						"referenceName": "SalesforceMarketingCloudJourneys",
						"type": "PipelineReference"
					},
					"waitOnCompletion": true
				}
			},
			{
				"name": "SalesforceMarketingCloudJourneyActivities",
				"type": "ExecutePipeline",
				"dependsOn": [
					{
						"activity": "Start",
						"dependencyConditions": [
							"Succeeded"
						]
					}
				],
				"userProperties": [],
				"typeProperties": {
					"pipeline": {
						"referenceName": "SalesforceMarketingCloudJourneyActivities",
						"type": "PipelineReference"
					},
					"waitOnCompletion": true
				}
			}
		],
		"folder": {
			"name": "Salesforce Marketing Cloud"
		},
		"annotations": []
	},
	"type": "Microsoft.DataFactory/factories/pipelines"
}