{
	"name": "SalesforceMarketingCloudLastOpenSFTPUpload",
	"properties": {
		"activities": [
			{
				"name": "SalesforceMarketingCloudLastOpen",
				"type": "Copy",
				"dependsOn": [],
				"policy": {
					"timeout": "7.00:00:00",
					"retry": 0,
					"retryIntervalInSeconds": 30,
					"secureOutput": false,
					"secureInput": false
				},
				"userProperties": [],
				"typeProperties": {
					"source": {
						"type": "SqlDWSource",
						"sqlReaderQuery": "SELECT SubscriberKey, \n       MAX(EventDate_utc) AS latest_date\nFROM salesforce_marketing_cloud.opens\nGROUP BY SubscriberKey;"
					},
					"sink": {
						"type": "BlobSink",
						"copyBehavior": "MergeFiles"
					},
					"enableStaging": true,
					"stagingSettings": {
						"linkedServiceName": {
							"referenceName": "dataplatformstoragearea",
							"type": "LinkedServiceReference"
						},
						"enableCompression": true
					}
				},
				"inputs": [
					{
						"referenceName": "SQLDataWarehouse",
						"type": "DatasetReference"
					}
				],
				"outputs": [
					{
						"referenceName": "BlobStorageSalesforceMarketingCloudSFTP_maxdate",
						"type": "DatasetReference"
					}
				]
			},
			{
				"name": "SalesforceMarketingCloudLastOpenFailure",
				"type": "WebActivity",
				"dependsOn": [
					{
						"activity": "SalesforceMarketingCloudLastOpen",
						"dependencyConditions": [
							"Failed"
						]
					}
				],
				"policy": {
					"timeout": "7.00:00:00",
					"retry": 0,
					"retryIntervalInSeconds": 30,
					"secureOutput": false,
					"secureInput": false
				},
				"userProperties": [],
				"typeProperties": {
					"url": "https://prod-17.northeurope.logic.azure.com:443/workflows/b5b00e5596e94affb317290e4964e4a4/triggers/manual/paths/invoke?api-version=2016-10-01&sp=%2Ftriggers%2Fmanual%2Frun&sv=1.0&sig=55j9tHX1WsutSx6HqYyFcX80ICAhwCoE06KuGGetqb8",
					"method": "POST",
					"headers": {
						"Content-Type": "application/json"
					},
					"body": {
						"activity": "SalesforceMarketingCloudLastOpen",
						"message": "@{activity('SalesforceMarketingCloudLastOpen').error.message}",
						"dataFactoryName": "@{pipeline().DataFactory}",
						"pipelineName": "@{pipeline().Pipeline}",
						"FailureNotificationRecipient": "@pipeline().parameters.FailureNotificationRecipient"
					}
				}
			}
		],
		"parameters": {
			"FailureNotificationRecipient": {
				"type": "String",
				"defaultValue": "data.platform@mcarthurglen.com"
			}
		},
		"folder": {
			"name": "Salesforce Marketing Cloud"
		},
		"annotations": []
	},
	"type": "Microsoft.DataFactory/factories/pipelines"
}