{
	"name": "SalesforceServiceCloudContactBULK",
	"properties": {
		"activities": [
			{
				"name": "SalesforceServiceCloudContactBULK",
				"type": "Copy",
				"dependsOn": [],
				"policy": {
					"timeout": "7.00:00:00",
					"retry": 0,
					"retryIntervalInSeconds": 30,
					"secureOutput": false,
					"secureInput": false
				},
				"userProperties": [],
				"typeProperties": {
					"source": {
						"type": "BlobSource",
						"recursive": true
					},
					"sink": {
						"type": "SqlDWSink",
						"allowPolyBase": true,
						"writeBatchSize": 10000,
						"polyBaseSettings": {
							"rejectValue": 0,
							"rejectType": "value",
							"useTypeDefault": false
						}
					},
					"enableStaging": true,
					"stagingSettings": {
						"linkedServiceName": {
							"referenceName": "dataplatformstoragearea",
							"type": "LinkedServiceReference"
						},
						"enableCompression": true
					},
					"dataIntegrationUnits": 0,
					"translator": {
						"type": "TabularTranslator",
						"columnMappings": {
							"Id": "Id",
							"AccountId": "AccountId",
							"CreatedById": "CreatedById",
							"CreatedDate": "CreatedDate",
							"Dedup_Field_Guide__c": "Dedup_Field_Guide__c",
							"Department": "Department",
							"Dupe_Field_Catcher__c": "Dupe_Field_Catcher__c",
							"Email": "Email",
							"EmailBouncedDate": "EmailBouncedDate",
							"EmailBouncedReason": "EmailBouncedReason",
							"et4ae5__HasOptedOutOfMobile__c": "et4ae5__HasOptedOutOfMobile__c",
							"et4ae5__Mobile_Country_Code__c": "et4ae5__Mobile_Country_Code__c",
							"Fax": "Fax",
							"FirstName": "FirstName",
							"HasOptedOutOfEmail": "HasOptedOutOfEmail",
							"IsDeleted": "IsDeleted",
							"IsEmailBounced": "IsEmailBounced",
							"Jigsaw": "Jigsaw",
							"JigsawContactId": "JigsawContactId",
							"LastActivityDate": "LastActivityDate",
							"LastCURequestDate": "LastCURequestDate",
							"LastCUUpdateDate": "LastCUUpdateDate",
							"LastModifiedById": "LastModifiedById",
							"LastModifiedDate": "LastModifiedDate",
							"LastName": "LastName",
							"LastReferencedDate": "LastReferencedDate",
							"LastViewedDate": "LastViewedDate",
							"MAG_AcquisitionChannel__c": "MAG_AcquisitionChannel__c",
							"MAG_Acquisition_Source__c": "MAG_Acquisition_Source__c",
							"MAG_Address1__c": "MAG_Address1__c",
							"MAG_Address2__c": "MAG_Address2__c",
							"MAG_Address3__c": "MAG_Address3__c",
							"MAG_Child1Age__c": "MAG_Child1Age__c",
							"MAG_Child2Age__c": "MAG_Child2Age__c",
							"MAG_Child3Age__c": "MAG_Child3Age__c",
							"MAG_Child4Age__c": "MAG_Child4Age__c",
							"MAG_City__c": "MAG_City__c",
							"MAG_Club_Type__c": "MAG_Club_Type__c",
							"MAG_CountryCode__c": "MAG_CountryCode__c",
							"MAG_Country__c": "MAG_Country__c",
							"MAG_DateofBirth__c": "MAG_DateofBirth__c",
							"MAG_DeleteRequestDate__c": "MAG_DeleteRequestDate__c",
							"MAG_DeletionDueDate__c": "MAG_DeletionDueDate__c",
							"MAG_FacebookID__c": "MAG_FacebookID__c",
							"MAG_Gender__c": "MAG_Gender__c",
							"MAG_GUID__c": "MAG_GUID__c",
							"MAG_Jitterbit__c": "MAG_Jitterbit__c",
							"MAG_LanguageCode__c": "MAG_LanguageCode__c",
							"MAG_Language__c": "MAG_Language__c",
							"MAG_LatestCustomSource__c": "MAG_LatestCustomSource__c",
							"MAG_LatestEventName__c": "MAG_LatestEventName__c",
							"MAG_LatestOutlet__c": "MAG_LatestOutlet__c",
							"MAG_LatestSource__c": "MAG_LatestSource__c",
							"MAG_LegacyMCDBContactID__c": "MAG_LegacyMCDBContactID__c",
							"MAG_ManualAddition__c": "MAG_ManualAddition__c",
							"MAG_Newsletter_Subscription_Update_Req__c": "MAG_Newsletter_Subscription_Update_Req__c",
							"MAG_NumberofChildren__c": "MAG_NumberofChildren__c",
							"MAG_Postcode__c": "MAG_Postcode__c",
							"MAG_PreferenceAccessories__c": "MAG_PreferenceAccessories__c",
							"MAG_PreferenceBeauty__c": "MAG_PreferenceBeauty__c",
							"MAG_PreferenceCasual__c": "MAG_PreferenceCasual__c",
							"MAG_PreferenceFormal__c": "MAG_PreferenceFormal__c",
							"MAG_PreferenceHome__c": "MAG_PreferenceHome__c",
							"MAG_PreferenceShoes__c": "MAG_PreferenceShoes__c",
							"MAG_PreferenceSport__c": "MAG_PreferenceSport__c",
							"MAG_PreferenceUnderwear__c": "MAG_PreferenceUnderwear__c",
							"MAG_ReferredCustomer__c": "MAG_ReferredCustomer__c",
							"MAG_Referrer__c": "MAG_Referrer__c",
							"MAG_SpamScore__c": "MAG_SpamScore__c",
							"MAG_StatusCode__c": "MAG_StatusCode__c",
							"MAG_Status__c": "MAG_Status__c",
							"MAG_VisitSaturday__c": "MAG_VisitSaturday__c",
							"MAG_VisitSunday__c": "MAG_VisitSunday__c",
							"MAG_VisitWeekdayDay__c": "MAG_VisitWeekdayDay__c",
							"MAG_VisitWeekdayEve__c": "MAG_VisitWeekdayEve__c",
							"MAG_WebAPIRequest__c": "MAG_WebAPIRequest__c",
							"MailingCity": "MailingCity",
							"MailingCountry": "MailingCountry",
							"MailingGeocodeAccuracy": "MailingGeocodeAccuracy",
							"MailingLatitude": "MailingLatitude",
							"MailingLongitude": "MailingLongitude",
							"MailingPostalCode": "MailingPostalCode",
							"MailingState": "MailingState",
							"MailingStreet": "MailingStreet",
							"MasterRecordId": "MasterRecordId",
							"MobilePhone": "MobilePhone",
							"Name": "Name",
							"OwnerId": "OwnerId",
							"Phone": "Phone",
							"PhotoUrl": "PhotoUrl",
							"ReportsToId": "ReportsToId",
							"Salutation": "Salutation",
							"SystemModstamp": "SystemModstamp",
							"Title": "Title",
							"MAG_CompetitionAnswer__c": "MAG_SkyfiiId__c"
						}
					}
				},
				"inputs": [
					{
						"referenceName": "BlobStorageSalesforceServiceCloudContact",
						"type": "DatasetReference"
					}
				],
				"outputs": [
					{
						"referenceName": "SQLDataWarehouse_staging_salesforce_service_cloud_contact",
						"type": "DatasetReference"
					}
				]
			}
		],
		"folder": {
			"name": "Salesforce Service Cloud"
		},
		"annotations": []
	},
	"type": "Microsoft.DataFactory/factories/pipelines"
}