{
	"name": "SalesforceMarketingCloudJobs",
	"properties": {
		"activities": [
			{
				"name": "SalesforceMarketingCloudJobs",
				"type": "Copy",
				"dependsOn": [],
				"policy": {
					"timeout": "7.00:00:00",
					"retry": 0,
					"retryIntervalInSeconds": 30,
					"secureOutput": false,
					"secureInput": false
				},
				"userProperties": [],
				"typeProperties": {
					"source": {
						"type": "FileSystemSource",
						"recursive": true
					},
					"sink": {
						"type": "SqlDWSink",
						"allowPolyBase": true,
						"writeBatchSize": 10000,
						"preCopyScript": "TRUNCATE TABLE staging.salesforce_marketing_cloud_job;",
						"polyBaseSettings": {
							"rejectValue": 0,
							"rejectType": "value",
							"useTypeDefault": false
						}
					},
					"enableStaging": true,
					"stagingSettings": {
						"linkedServiceName": {
							"referenceName": "dataplatformstoragearea",
							"type": "LinkedServiceReference"
						},
						"enableCompression": true
					},
					"translator": {
						"type": "TabularTranslator",
						"columnMappings": {
							"JobID": "JobID",
							"EmailID": "EmailID",
							"AccountID": "AccountID",
							"AccountUserID": "AccountUserID",
							"FromName": "FromName",
							"FromEmail": "FromEmail",
							"SchedTime": "SchedTime",
							"PickupTime": "PickupTime",
							"DeliveredTime": "DeliveredTime",
							"EventID": "EventID",
							"IsMultipart": "IsMultipart",
							"JobType": "JobType",
							"JobStatus": "JobStatus",
							"ModifiedBy": "ModifiedBy",
							"ModifiedDate": "ModifiedDate",
							"EmailName": "EmailName",
							"EmailSubject": "EmailSubject",
							"IsWrapped": "IsWrapped",
							"TestEmailAddr": "TestEmailAddr",
							"Category": "Category",
							"BccEmail": "BccEmail",
							"OriginalSchedTime": "OriginalSchedTime",
							"CreatedDate": "CreatedDate",
							"CharacterSet": "CharacterSet",
							"IPAddress": "IPAddress",
							"SalesForceTotalSubscriberCount": "SalesForceTotalSubscriberCount",
							"SalesForceErrorSubscriberCount": "SalesForceErrorSubscriberCount",
							"SendType": "SendType",
							"DynamicEmailSubject": "DynamicEmailSubject",
							"SuppressTracking": "SuppressTracking",
							"SendClassificationType": "SendClassificationType",
							"SendClassification": "SendClassification",
							"ResolveLinksWithCurrentData": "ResolveLinksWithCurrentData",
							"EmailSendDefinition": "EmailSendDefinition",
							"DeduplicateByEmail": "DeduplicateByEmail",
							"TriggererSendDefinitionObjectID": "TriggererSendDefinitionObjectID",
							"TriggeredSendCustomerKey": "TriggeredSendCustomerKey"
						}
					}
				},
				"inputs": [
					{
						"referenceName": "SalesforceMarketingCloudFTP_recent_jobs",
						"type": "DatasetReference"
					}
				],
				"outputs": [
					{
						"referenceName": "SQLDataWarehouse_staging_salesforce_marketing_cloud_job",
						"type": "DatasetReference"
					}
				]
			},
			{
				"name": "sp_insert_salesforce_marketing_cloud_job",
				"type": "SqlServerStoredProcedure",
				"dependsOn": [
					{
						"activity": "SalesforceMarketingCloudJobs",
						"dependencyConditions": [
							"Succeeded"
						]
					}
				],
				"policy": {
					"timeout": "7.00:00:00",
					"retry": 0,
					"retryIntervalInSeconds": 30,
					"secureOutput": false,
					"secureInput": false
				},
				"userProperties": [],
				"typeProperties": {
					"storedProcedureName": "[dbo].[sp_insert_salesforce_marketing_cloud_job]"
				},
				"linkedServiceName": {
					"referenceName": "SQLDataWarehouse",
					"type": "LinkedServiceReference"
				}
			},
			{
				"name": "sp_update_salesforce_marketing_cloud_job",
				"type": "SqlServerStoredProcedure",
				"dependsOn": [
					{
						"activity": "sp_insert_salesforce_marketing_cloud_job",
						"dependencyConditions": [
							"Succeeded"
						]
					}
				],
				"policy": {
					"timeout": "7.00:00:00",
					"retry": 0,
					"retryIntervalInSeconds": 30,
					"secureOutput": false,
					"secureInput": false
				},
				"userProperties": [],
				"typeProperties": {
					"storedProcedureName": "[dbo].[sp_update_salesforce_marketing_cloud_job]"
				},
				"linkedServiceName": {
					"referenceName": "SQLDataWarehouse",
					"type": "LinkedServiceReference"
				}
			},
			{
				"name": "SalesforceMarketingCloudJobsFailure",
				"type": "WebActivity",
				"dependsOn": [
					{
						"activity": "SalesforceMarketingCloudJobs",
						"dependencyConditions": [
							"Failed"
						]
					}
				],
				"policy": {
					"timeout": "7.00:00:00",
					"retry": 0,
					"retryIntervalInSeconds": 30,
					"secureOutput": false,
					"secureInput": false
				},
				"userProperties": [],
				"typeProperties": {
					"url": "https://prod-17.northeurope.logic.azure.com:443/workflows/b5b00e5596e94affb317290e4964e4a4/triggers/manual/paths/invoke?api-version=2016-10-01&sp=%2Ftriggers%2Fmanual%2Frun&sv=1.0&sig=55j9tHX1WsutSx6HqYyFcX80ICAhwCoE06KuGGetqb8",
					"method": "POST",
					"headers": {
						"Content-Type": "application/json"
					},
					"body": {
						"activity": "SalesforceMarketingCloudJobs",
						"message": "@{activity('SalesforceMarketingCloudJobs').error.message}",
						"dataFactoryName": "@{pipeline().DataFactory}",
						"pipelineName": "@{pipeline().Pipeline}",
						"FailureNotificationRecipient": "@pipeline().parameters.FailureNotificationRecipient"
					}
				}
			},
			{
				"name": "sp_insert_salesforce_marketing_cloud_jobFailure",
				"type": "WebActivity",
				"dependsOn": [
					{
						"activity": "sp_insert_salesforce_marketing_cloud_job",
						"dependencyConditions": [
							"Failed"
						]
					}
				],
				"policy": {
					"timeout": "7.00:00:00",
					"retry": 0,
					"retryIntervalInSeconds": 30,
					"secureOutput": false,
					"secureInput": false
				},
				"userProperties": [],
				"typeProperties": {
					"url": "https://prod-17.northeurope.logic.azure.com:443/workflows/b5b00e5596e94affb317290e4964e4a4/triggers/manual/paths/invoke?api-version=2016-10-01&sp=%2Ftriggers%2Fmanual%2Frun&sv=1.0&sig=55j9tHX1WsutSx6HqYyFcX80ICAhwCoE06KuGGetqb8",
					"method": "POST",
					"headers": {
						"Content-Type": "application/json"
					},
					"body": {
						"activity": "sp_insert_salesforce_marketing_cloud_job",
						"message": "@{activity('sp_insert_salesforce_marketing_cloud_job').error.message}",
						"dataFactoryName": "@{pipeline().DataFactory}",
						"pipelineName": "@{pipeline().Pipeline}",
						"FailureNotificationRecipient": "@pipeline().parameters.FailureNotificationRecipient"
					}
				}
			},
			{
				"name": "sp_update_salesforce_marketing_cloud_jobFailure",
				"type": "WebActivity",
				"dependsOn": [
					{
						"activity": "sp_update_salesforce_marketing_cloud_job",
						"dependencyConditions": [
							"Failed"
						]
					}
				],
				"policy": {
					"timeout": "7.00:00:00",
					"retry": 0,
					"retryIntervalInSeconds": 30,
					"secureOutput": false,
					"secureInput": false
				},
				"userProperties": [],
				"typeProperties": {
					"url": "https://prod-17.northeurope.logic.azure.com:443/workflows/b5b00e5596e94affb317290e4964e4a4/triggers/manual/paths/invoke?api-version=2016-10-01&sp=%2Ftriggers%2Fmanual%2Frun&sv=1.0&sig=55j9tHX1WsutSx6HqYyFcX80ICAhwCoE06KuGGetqb8",
					"method": "POST",
					"headers": {
						"Content-Type": "application/json"
					},
					"body": {
						"activity": "sp_update_salesforce_marketing_cloud_job",
						"message": "@{activity('sp_update_salesforce_marketing_cloud_job').error.message}",
						"dataFactoryName": "@{pipeline().DataFactory}",
						"pipelineName": "@{pipeline().Pipeline}",
						"FailureNotificationRecipient": "@pipeline().parameters.FailureNotificationRecipient"
					}
				}
			}
		],
		"parameters": {
			"FailureNotificationRecipient": {
				"type": "String",
				"defaultValue": "data.platform@mcarthurglen.com"
			}
		},
		"folder": {
			"name": "Salesforce Marketing Cloud"
		},
		"annotations": []
	},
	"type": "Microsoft.DataFactory/factories/pipelines"
}