{
	"name": "SalesforceServiceCloudInteraction",
	"properties": {
		"activities": [
			{
				"name": "SalesforceServiceCloudInteraction",
				"type": "Copy",
				"dependsOn": [
					{
						"activity": "LastModifiedTimestamp",
						"dependencyConditions": [
							"Succeeded"
						]
					}
				],
				"policy": {
					"timeout": "7.00:00:00",
					"retry": 0,
					"retryIntervalInSeconds": 30,
					"secureOutput": false,
					"secureInput": false
				},
				"userProperties": [],
				"typeProperties": {
					"source": {
						"type": "SalesforceSource",
						"query": {
							"value": "SELECT Id,\nCreatedById,\nCreatedDate,\nIsDeleted,\nLastModifiedById,\nLastModifiedDate,\nLastReferencedDate,\nLastViewedDate,\nMAG_Campaign__c,\nMAG_Centre__c,\nMAG_Channel__c,\nMAG_Contact__c,\nMAG_ExpirationDate__c,\nMAG_ExternalCentreID__c,\nMAG_ExternalContactID__c,\nMAG_ExternalInteractionID__c,\nMAG_InteractionDate__c,\nMAG_Offer__c,\nMAG_Type__c,\nName,\nOwnerId,\nSystemModstamp\nFROM MAG_Interaction__c\nWHERE CreatedDate >= @{activity('LastModifiedTimestamp').output.value[0].last_modified}\nOR LastModifiedDate >= @{activity('LastModifiedTimestamp').output.value[0].last_modified}\nOR LastReferencedDate >= @{activity('LastModifiedTimestamp').output.value[0].last_modified}\nOR LastViewedDate >= @{activity('LastModifiedTimestamp').output.value[0].last_modified}\nOR SystemModstamp >= @{activity('LastModifiedTimestamp').output.value[0].last_modified}",
							"type": "Expression"
						},
						"readBehavior": "queryAll"
					},
					"sink": {
						"type": "SqlDWSink",
						"allowPolyBase": false,
						"writeBatchSize": 10000,
						"preCopyScript": "TRUNCATE TABLE staging.salesforce_service_cloud_interaction",
						"disableMetricsCollection": false
					},
					"enableStaging": true,
					"stagingSettings": {
						"linkedServiceName": {
							"referenceName": "dataplatformstoragearea",
							"type": "LinkedServiceReference"
						},
						"enableCompression": true
					},
					"enableSkipIncompatibleRow": false,
					"dataIntegrationUnits": 0,
					"translator": {
						"type": "TabularTranslator",
						"columnMappings": {
							"Id": "Id",
							"CreatedById": "CreatedById",
							"CreatedDate": "CreatedDate",
							"IsDeleted": "IsDeleted",
							"LastModifiedById": "LastModifiedById",
							"LastModifiedDate": "LastModifiedDate",
							"LastReferencedDate": "LastReferencedDate",
							"LastViewedDate": "LastViewedDate",
							"MAG_Campaign__c": "MAG_Campaign__c",
							"MAG_Centre__c": "MAG_Centre__c",
							"MAG_Channel__c": "MAG_Channel__c",
							"MAG_Contact__c": "MAG_Contact__c",
							"MAG_ExpirationDate__c": "MAG_ExpirationDate__c",
							"MAG_ExternalCentreID__c": "MAG_ExternalCentreID__c",
							"MAG_ExternalContactID__c": "MAG_ExternalContactID__c",
							"MAG_ExternalInteractionID__c": "MAG_ExternalInteractionID__c",
							"MAG_InteractionDate__c": "MAG_InteractionDate__c",
							"MAG_Offer__c": "MAG_Offer__c",
							"MAG_Type__c": "MAG_Type__c",
							"Name": "Name",
							"OwnerId": "OwnerId",
							"SystemModstamp": "SystemModstamp"
						}
					}
				},
				"inputs": [
					{
						"referenceName": "SalesforceServiceCloudInteraction",
						"type": "DatasetReference"
					}
				],
				"outputs": [
					{
						"referenceName": "SQLDataWarehouse_staging_salesforce_service_cloud_interaction",
						"type": "DatasetReference"
					}
				]
			},
			{
				"name": "LastModifiedTimestamp",
				"type": "Lookup",
				"dependsOn": [],
				"policy": {
					"timeout": "7.00:00:00",
					"retry": 0,
					"retryIntervalInSeconds": 30,
					"secureOutput": false,
					"secureInput": false
				},
				"userProperties": [],
				"typeProperties": {
					"source": {
						"type": "SqlDWSource",
						"sqlReaderQuery": {
							"value": "SELECT CONCAT(CONVERT(VARCHAR(19), MAX(DATEADD(day,-4,systemmodstamp)), 127),'Z') AS last_modified\nFROM salesforce_service_cloud.interaction\nWHERE systemmodstamp < GETDATE();",
							"type": "Expression"
						}
					},
					"dataset": {
						"referenceName": "SQLDataWarehouse",
						"type": "DatasetReference"
					},
					"firstRowOnly": false
				}
			},
			{
				"name": "LastModifiedTimestampFailure",
				"type": "WebActivity",
				"dependsOn": [
					{
						"activity": "LastModifiedTimestamp",
						"dependencyConditions": [
							"Failed"
						]
					}
				],
				"policy": {
					"timeout": "7.00:00:00",
					"retry": 0,
					"retryIntervalInSeconds": 30,
					"secureOutput": false,
					"secureInput": false
				},
				"userProperties": [],
				"typeProperties": {
					"url": "https://prod-17.northeurope.logic.azure.com:443/workflows/b5b00e5596e94affb317290e4964e4a4/triggers/manual/paths/invoke?api-version=2016-10-01&sp=%2Ftriggers%2Fmanual%2Frun&sv=1.0&sig=55j9tHX1WsutSx6HqYyFcX80ICAhwCoE06KuGGetqb8",
					"method": "POST",
					"headers": {
						"Content-Type": "application/json"
					},
					"body": {
						"activity": "LastModifiedTimestamp",
						"message": "@{activity('LastModifiedTimestamp').error.message}",
						"dataFactoryName": "@{pipeline().DataFactory}",
						"pipelineName": "@{pipeline().Pipeline}",
						"FailureNotificationRecipient": "@pipeline().parameters.FailureNotificationRecipient"
					}
				}
			},
			{
				"name": "sp_insert_salesforce_service_cloud_interaction",
				"type": "SqlServerStoredProcedure",
				"dependsOn": [
					{
						"activity": "SalesforceServiceCloudInteraction",
						"dependencyConditions": [
							"Succeeded"
						]
					}
				],
				"policy": {
					"timeout": "7.00:00:00",
					"retry": 0,
					"retryIntervalInSeconds": 30,
					"secureOutput": false,
					"secureInput": false
				},
				"userProperties": [],
				"typeProperties": {
					"storedProcedureName": "[dbo].[sp_insert_salesforce_service_cloud_interaction]"
				},
				"linkedServiceName": {
					"referenceName": "SQLDataWarehouse",
					"type": "LinkedServiceReference"
				}
			},
			{
				"name": "sp_update_salesforce_service_cloud_interaction",
				"type": "SqlServerStoredProcedure",
				"dependsOn": [
					{
						"activity": "sp_insert_salesforce_service_cloud_interaction",
						"dependencyConditions": [
							"Succeeded"
						]
					}
				],
				"policy": {
					"timeout": "7.00:00:00",
					"retry": 0,
					"retryIntervalInSeconds": 30,
					"secureOutput": false,
					"secureInput": false
				},
				"userProperties": [],
				"typeProperties": {
					"storedProcedureName": "[dbo].[sp_update_salesforce_service_cloud_interaction]"
				},
				"linkedServiceName": {
					"referenceName": "SQLDataWarehouse",
					"type": "LinkedServiceReference"
				}
			},
			{
				"name": "SalesforceServiceCloudInteractionFailure",
				"type": "WebActivity",
				"dependsOn": [
					{
						"activity": "SalesforceServiceCloudInteraction",
						"dependencyConditions": [
							"Failed"
						]
					}
				],
				"policy": {
					"timeout": "7.00:00:00",
					"retry": 0,
					"retryIntervalInSeconds": 30,
					"secureOutput": false,
					"secureInput": false
				},
				"userProperties": [],
				"typeProperties": {
					"url": "https://prod-17.northeurope.logic.azure.com:443/workflows/b5b00e5596e94affb317290e4964e4a4/triggers/manual/paths/invoke?api-version=2016-10-01&sp=%2Ftriggers%2Fmanual%2Frun&sv=1.0&sig=55j9tHX1WsutSx6HqYyFcX80ICAhwCoE06KuGGetqb8",
					"method": "POST",
					"headers": {
						"Content-Type": "application/json"
					},
					"body": {
						"activity": "SalesforceServiceCloudInteraction",
						"message": "@{activity('SalesforceServiceCloudInteraction').error.message}",
						"dataFactoryName": "@{pipeline().DataFactory}",
						"pipelineName": "@{pipeline().Pipeline}",
						"FailureNotificationRecipient": "@pipeline().parameters.FailureNotificationRecipient"
					}
				}
			},
			{
				"name": "sp_insert_salesforce_service_cloud_interactionFailure",
				"type": "WebActivity",
				"dependsOn": [
					{
						"activity": "sp_insert_salesforce_service_cloud_interaction",
						"dependencyConditions": [
							"Failed"
						]
					}
				],
				"policy": {
					"timeout": "7.00:00:00",
					"retry": 0,
					"retryIntervalInSeconds": 30,
					"secureOutput": false,
					"secureInput": false
				},
				"userProperties": [],
				"typeProperties": {
					"url": "https://prod-17.northeurope.logic.azure.com:443/workflows/b5b00e5596e94affb317290e4964e4a4/triggers/manual/paths/invoke?api-version=2016-10-01&sp=%2Ftriggers%2Fmanual%2Frun&sv=1.0&sig=55j9tHX1WsutSx6HqYyFcX80ICAhwCoE06KuGGetqb8",
					"method": "POST",
					"headers": {
						"Content-Type": "application/json"
					},
					"body": {
						"activity": "sp_insert_salesforce_service_cloud_interaction",
						"message": "@{activity('sp_insert_salesforce_service_cloud_interaction').error.message}",
						"dataFactoryName": "@{pipeline().DataFactory}",
						"pipelineName": "@{pipeline().Pipeline}",
						"FailureNotificationRecipient": "@pipeline().parameters.FailureNotificationRecipient"
					}
				}
			},
			{
				"name": "sp_update_salesforce_service_cloud_interactionFailure",
				"type": "WebActivity",
				"dependsOn": [
					{
						"activity": "sp_update_salesforce_service_cloud_interaction",
						"dependencyConditions": [
							"Failed"
						]
					}
				],
				"policy": {
					"timeout": "7.00:00:00",
					"retry": 0,
					"retryIntervalInSeconds": 30,
					"secureOutput": false,
					"secureInput": false
				},
				"userProperties": [],
				"typeProperties": {
					"url": "https://prod-17.northeurope.logic.azure.com:443/workflows/b5b00e5596e94affb317290e4964e4a4/triggers/manual/paths/invoke?api-version=2016-10-01&sp=%2Ftriggers%2Fmanual%2Frun&sv=1.0&sig=55j9tHX1WsutSx6HqYyFcX80ICAhwCoE06KuGGetqb8",
					"method": "POST",
					"headers": {
						"Content-Type": "application/json"
					},
					"body": {
						"activity": "sp_update_salesforce_service_cloud_interaction",
						"message": "@{activity('sp_update_salesforce_service_cloud_interaction').error.message}",
						"dataFactoryName": "@{pipeline().DataFactory}",
						"pipelineName": "@{pipeline().Pipeline}",
						"FailureNotificationRecipient": "@pipeline().parameters.FailureNotificationRecipient"
					}
				}
			}
		],
		"parameters": {
			"FailureNotificationRecipient": {
				"type": "String",
				"defaultValue": "data.platform@mcarthurglen.com"
			}
		},
		"folder": {
			"name": "Salesforce Service Cloud"
		},
		"annotations": []
	},
	"type": "Microsoft.DataFactory/factories/pipelines"
}