{
	"name": "SkyFii",
	"properties": {
		"activities": [
			{
				"name": "SkyFiiProfilesDownload_0",
				"type": "ExecutePipeline",
				"dependsOn": [
					{
						"activity": "SkyFiiVisits",
						"dependencyConditions": [
							"Succeeded"
						]
					}
				],
				"userProperties": [],
				"typeProperties": {
					"pipeline": {
						"referenceName": "SkyFiiProfilesDownload_0",
						"type": "PipelineReference"
					},
					"waitOnCompletion": true
				}
			},
			{
				"name": "SkyFiiProfilesDownload_1",
				"type": "ExecutePipeline",
				"dependsOn": [
					{
						"activity": "SkyFiiVisits",
						"dependencyConditions": [
							"Succeeded"
						]
					}
				],
				"userProperties": [],
				"typeProperties": {
					"pipeline": {
						"referenceName": "SkyFiiProfilesDownload_1",
						"type": "PipelineReference"
					},
					"waitOnCompletion": true
				}
			},
			{
				"name": "SkyFiiProfilesDownload_2",
				"type": "ExecutePipeline",
				"dependsOn": [
					{
						"activity": "SkyFiiVisits",
						"dependencyConditions": [
							"Succeeded"
						]
					}
				],
				"userProperties": [],
				"typeProperties": {
					"pipeline": {
						"referenceName": "SkyFiiProfilesDownload_2",
						"type": "PipelineReference"
					},
					"waitOnCompletion": true
				}
			},
			{
				"name": "SkyFiiProfilesDownload_3",
				"type": "ExecutePipeline",
				"dependsOn": [
					{
						"activity": "SkyFiiVisits",
						"dependencyConditions": [
							"Succeeded"
						]
					}
				],
				"userProperties": [],
				"typeProperties": {
					"pipeline": {
						"referenceName": "SkyFiiProfilesDownload_3",
						"type": "PipelineReference"
					},
					"waitOnCompletion": true
				}
			},
			{
				"name": "SkyFiiProfilesDownload_4",
				"type": "ExecutePipeline",
				"dependsOn": [
					{
						"activity": "SkyFiiVisits",
						"dependencyConditions": [
							"Succeeded"
						]
					}
				],
				"userProperties": [],
				"typeProperties": {
					"pipeline": {
						"referenceName": "SkyFiiProfilesDownload_4",
						"type": "PipelineReference"
					},
					"waitOnCompletion": true
				}
			},
			{
				"name": "SkyFiiProfilesDownload_5",
				"type": "ExecutePipeline",
				"dependsOn": [
					{
						"activity": "SkyFiiVisits",
						"dependencyConditions": [
							"Succeeded"
						]
					}
				],
				"userProperties": [],
				"typeProperties": {
					"pipeline": {
						"referenceName": "SkyFiiProfilesDownload_5",
						"type": "PipelineReference"
					},
					"waitOnCompletion": true
				}
			},
			{
				"name": "SkyFiiProfilesDownload_6",
				"type": "ExecutePipeline",
				"dependsOn": [
					{
						"activity": "SkyFiiVisits",
						"dependencyConditions": [
							"Succeeded"
						]
					}
				],
				"userProperties": [],
				"typeProperties": {
					"pipeline": {
						"referenceName": "SkyFiiProfilesDownload_6",
						"type": "PipelineReference"
					},
					"waitOnCompletion": true
				}
			},
			{
				"name": "SkyFiiProfilesDownload_7",
				"type": "ExecutePipeline",
				"dependsOn": [
					{
						"activity": "SkyFiiVisits",
						"dependencyConditions": [
							"Succeeded"
						]
					}
				],
				"userProperties": [],
				"typeProperties": {
					"pipeline": {
						"referenceName": "SkyFiiProfilesDownload_7",
						"type": "PipelineReference"
					},
					"waitOnCompletion": true
				}
			},
			{
				"name": "SkyFiiProfilesDownload_8",
				"type": "ExecutePipeline",
				"dependsOn": [
					{
						"activity": "SkyFiiVisits",
						"dependencyConditions": [
							"Succeeded"
						]
					}
				],
				"userProperties": [],
				"typeProperties": {
					"pipeline": {
						"referenceName": "SkyFiiProfilesDownload_8",
						"type": "PipelineReference"
					},
					"waitOnCompletion": true
				}
			},
			{
				"name": "SkyFiiProfilesDownload_9",
				"type": "ExecutePipeline",
				"dependsOn": [
					{
						"activity": "SkyFiiVisits",
						"dependencyConditions": [
							"Succeeded"
						]
					}
				],
				"userProperties": [],
				"typeProperties": {
					"pipeline": {
						"referenceName": "SkyFiiProfilesDownload_9",
						"type": "PipelineReference"
					},
					"waitOnCompletion": true
				}
			},
			{
				"name": "SkyFiiProfilesUpload",
				"type": "ExecutePipeline",
				"dependsOn": [
					{
						"activity": "SkyFiiProfilesDownload_4",
						"dependencyConditions": [
							"Succeeded"
						]
					},
					{
						"activity": "SkyFiiProfilesDownload_5",
						"dependencyConditions": [
							"Succeeded"
						]
					},
					{
						"activity": "SkyFiiProfilesDownload_6",
						"dependencyConditions": [
							"Succeeded"
						]
					},
					{
						"activity": "SkyFiiProfilesDownload_7",
						"dependencyConditions": [
							"Succeeded"
						]
					},
					{
						"activity": "SkyFiiProfilesDownload_8",
						"dependencyConditions": [
							"Succeeded"
						]
					},
					{
						"activity": "SkyFiiProfilesDownload_9",
						"dependencyConditions": [
							"Succeeded"
						]
					},
					{
						"activity": "SkyFiiProfilesDownload_3",
						"dependencyConditions": [
							"Succeeded"
						]
					},
					{
						"activity": "SkyFiiProfilesDownload_2",
						"dependencyConditions": [
							"Succeeded"
						]
					},
					{
						"activity": "SkyFiiProfilesDownload_1",
						"dependencyConditions": [
							"Succeeded"
						]
					},
					{
						"activity": "SkyFiiProfilesDownload_0",
						"dependencyConditions": [
							"Succeeded"
						]
					}
				],
				"userProperties": [],
				"typeProperties": {
					"pipeline": {
						"referenceName": "SkyFiiProfilesUpload",
						"type": "PipelineReference"
					},
					"waitOnCompletion": true
				}
			},
			{
				"name": "SkyFiiVisitsZip",
				"type": "ExecutePipeline",
				"dependsOn": [],
				"userProperties": [],
				"typeProperties": {
					"pipeline": {
						"referenceName": "SkyFiiVisitZip",
						"type": "PipelineReference"
					},
					"waitOnCompletion": true
				}
			},
			{
				"name": "SkyFiiVisits",
				"type": "ExecutePipeline",
				"dependsOn": [
					{
						"activity": "SkyFiiVisitsZip",
						"dependencyConditions": [
							"Succeeded"
						]
					}
				],
				"userProperties": [],
				"typeProperties": {
					"pipeline": {
						"referenceName": "SkyFiiVisits",
						"type": "PipelineReference"
					},
					"waitOnCompletion": true
				}
			},
			{
				"name": "SkyFiiReporting",
				"type": "ExecutePipeline",
				"dependsOn": [
					{
						"activity": "SkyFiiProfilesUpload",
						"dependencyConditions": [
							"Succeeded"
						]
					}
				],
				"userProperties": [],
				"typeProperties": {
					"pipeline": {
						"referenceName": "SkyFiiReporting",
						"type": "PipelineReference"
					},
					"waitOnCompletion": true
				}
			}
		],
		"parameters": {
			"FailureNotificationRecipient": {
				"type": "String",
				"defaultValue": "data.platform@mcarthurglen.com"
			}
		},
		"folder": {
			"name": "SkyFii"
		},
		"annotations": []
	},
	"type": "Microsoft.DataFactory/factories/pipelines"
}