{
	"name": "SkyFiiProfilesDownload_3",
	"properties": {
		"activities": [
			{
				"name": "GetSkyFiiProfileIDs_3",
				"type": "Lookup",
				"dependsOn": [],
				"policy": {
					"timeout": "7.00:00:00",
					"retry": 0,
					"retryIntervalInSeconds": 30,
					"secureOutput": false,
					"secureInput": false
				},
				"userProperties": [],
				"typeProperties": {
					"source": {
						"type": "SqlDWSource",
						"sqlReaderQuery": "SELECT DISTINCT svv.skyfii_user_id AS skyfii_id\nFROM wifi.skyfii_venue_visit svv\nLEFT JOIN wifi.skyfii_profile sp ON svv.skyfii_user_id = sp.skyfii_id\nWHERE svv.skyfii_user_id IS NOT NULL\nAND sp.skyfii_id IS NULL\nAND RIGHT(svv.skyfii_user_id,1) = 3;"
					},
					"dataset": {
						"referenceName": "SQLDataWarehouse",
						"type": "DatasetReference"
					},
					"firstRowOnly": false
				}
			},
			{
				"name": "GetSkyFiiProfileIDsFailure_3",
				"type": "WebActivity",
				"dependsOn": [
					{
						"activity": "GetSkyFiiProfileIDs_3",
						"dependencyConditions": [
							"Failed"
						]
					}
				],
				"policy": {
					"timeout": "7.00:00:00",
					"retry": 0,
					"retryIntervalInSeconds": 30,
					"secureOutput": false,
					"secureInput": false
				},
				"userProperties": [],
				"typeProperties": {
					"url": "https://prod-17.northeurope.logic.azure.com:443/workflows/b5b00e5596e94affb317290e4964e4a4/triggers/manual/paths/invoke?api-version=2016-10-01&sp=%2Ftriggers%2Fmanual%2Frun&sv=1.0&sig=55j9tHX1WsutSx6HqYyFcX80ICAhwCoE06KuGGetqb8",
					"method": "POST",
					"headers": {
						"Content-Type": "application/json"
					},
					"body": {
						"activity": "GetSkyFiiProfileIDs_3",
						"message": "@{activity('GetSkyFiiProfileIDs_3').error.message}",
						"dataFactoryName": "@{pipeline().DataFactory}",
						"pipelineName": "@{pipeline().Pipeline}",
						"FailureNotificationRecipient": "@pipeline().parameters.FailureNotificationRecipient"
					}
				}
			},
			{
				"name": "ForEachSkyFiiProfileID_3",
				"type": "ForEach",
				"dependsOn": [
					{
						"activity": "GetSkyFiiProfileIDs_3",
						"dependencyConditions": [
							"Succeeded"
						]
					}
				],
				"userProperties": [],
				"typeProperties": {
					"items": {
						"value": "@activity('GetSkyFiiProfileIDs_3').output.value",
						"type": "Expression"
					},
					"isSequential": true,
					"activities": [
						{
							"name": "SkyFiiProfileAPIGetRequest_3",
							"type": "Copy",
							"dependsOn": [],
							"policy": {
								"timeout": "7.00:00:00",
								"retry": 2,
								"retryIntervalInSeconds": 60,
								"secureOutput": false,
								"secureInput": false
							},
							"userProperties": [],
							"typeProperties": {
								"source": {
									"type": "RestSource",
									"httpRequestTimeout": "00:01:40",
									"requestInterval": "00.00:00:00.010"
								},
								"sink": {
									"type": "BlobSink"
								},
								"enableStaging": false,
								"dataIntegrationUnits": 0
							},
							"inputs": [
								{
									"referenceName": "SkyFiiProfileAPIGetRequest",
									"type": "DatasetReference",
									"parameters": {
										"skyfii_id": {
											"value": "@{item().skyfii_id} ",
											"type": "Expression"
										}
									}
								}
							],
							"outputs": [
								{
									"referenceName": "BlobStorageSkyFiiProfileOutput",
									"type": "DatasetReference",
									"parameters": {
										"skyfii_id": {
											"value": "@{item().skyfii_id}",
											"type": "Expression"
										}
									}
								}
							]
						},
						{
							"name": "SkyFiiProfileAPIGetRequest_3Failure",
							"type": "WebActivity",
							"dependsOn": [
								{
									"activity": "SkyFiiProfileAPIGetRequest_3",
									"dependencyConditions": [
										"Failed"
									]
								}
							],
							"policy": {
								"timeout": "7.00:00:00",
								"retry": 0,
								"retryIntervalInSeconds": 30,
								"secureOutput": false,
								"secureInput": false
							},
							"userProperties": [],
							"typeProperties": {
								"url": "https://prod-17.northeurope.logic.azure.com:443/workflows/b5b00e5596e94affb317290e4964e4a4/triggers/manual/paths/invoke?api-version=2016-10-01&sp=%2Ftriggers%2Fmanual%2Frun&sv=1.0&sig=55j9tHX1WsutSx6HqYyFcX80ICAhwCoE06KuGGetqb8",
								"method": "POST",
								"headers": {
									"Content-Type": "application/json"
								},
								"body": {
									"activity": "SkyFiiProfileAPIGetRequest_3",
									"message": "@{activity('SkyFiiProfileAPIGetRequest_3').error.message}",
									"dataFactoryName": "@{pipeline().DataFactory}",
									"pipelineName": "@{pipeline().Pipeline}",
									"FailureNotificationRecipient": "@pipeline().parameters.FailureNotificationRecipient"
								}
							}
						}
					]
				}
			},
			{
				"name": "ForEachSkyFiiProfileIDFailure_3",
				"type": "WebActivity",
				"dependsOn": [
					{
						"activity": "ForEachSkyFiiProfileID_3",
						"dependencyConditions": [
							"Failed"
						]
					}
				],
				"policy": {
					"timeout": "7.00:00:00",
					"retry": 0,
					"retryIntervalInSeconds": 30,
					"secureOutput": false,
					"secureInput": false
				},
				"userProperties": [],
				"typeProperties": {
					"url": "https://prod-17.northeurope.logic.azure.com:443/workflows/b5b00e5596e94affb317290e4964e4a4/triggers/manual/paths/invoke?api-version=2016-10-01&sp=%2Ftriggers%2Fmanual%2Frun&sv=1.0&sig=55j9tHX1WsutSx6HqYyFcX80ICAhwCoE06KuGGetqb8",
					"method": "POST",
					"headers": {
						"Content-Type": "application/json"
					},
					"body": {
						"activity": "ForEachSkyFiiProfileID_3",
						"message": "@{activity('ForEachSkyFiiProfileID_3').error.message}",
						"dataFactoryName": "@{pipeline().DataFactory}",
						"pipelineName": "@{pipeline().Pipeline}",
						"FailureNotificationRecipient": "@pipeline().parameters.FailureNotificationRecipient"
					}
				}
			}
		],
		"parameters": {
			"FailureNotificationRecipient": {
				"type": "String",
				"defaultValue": "data.platform@mcarthurglen.com"
			}
		},
		"folder": {
			"name": "SkyFii"
		},
		"annotations": []
	},
	"type": "Microsoft.DataFactory/factories/pipelines"
}