{
	"name": "SkyFiiVisits",
	"properties": {
		"activities": [
			{
				"name": "SkyFiiVisits",
				"type": "Copy",
				"dependsOn": [],
				"policy": {
					"timeout": "7.00:00:00",
					"retry": 0,
					"retryIntervalInSeconds": 30,
					"secureOutput": false,
					"secureInput": false
				},
				"userProperties": [],
				"typeProperties": {
					"source": {
						"type": "BlobSource",
						"recursive": true
					},
					"sink": {
						"type": "SqlDWSink",
						"allowPolyBase": true,
						"writeBatchSize": 10000,
						"preCopyScript": "TRUNCATE TABLE staging.skyfii_venue_visit;",
						"polyBaseSettings": {
							"rejectValue": 0,
							"rejectType": "value",
							"useTypeDefault": true
						}
					},
					"enableStaging": true,
					"stagingSettings": {
						"linkedServiceName": {
							"referenceName": "dataplatformstoragearea",
							"type": "LinkedServiceReference"
						},
						"enableCompression": true
					},
					"dataIntegrationUnits": 0,
					"translator": {
						"type": "TabularTranslator",
						"columnMappings": {
							"visit_device_id": "visit_device_id",
							"visit_duration": "visit_duration",
							"visit_skyfii_id": "visit_skyfii_id",
							"visit_timestamp": "visit_timestamp",
							"visit_venue_id": "visit_venue_id",
							"visit_venue_name": "visit_venue_name"
						}
					}
				},
				"inputs": [
					{
						"referenceName": "BlobStorageSkyFiiVisit",
						"type": "DatasetReference",
						"parameters": {
							"ProcessLastNDays": {
								"value": "@pipeline().parameters.ProcessLastNDays",
								"type": "Expression"
							}
						}
					}
				],
				"outputs": [
					{
						"referenceName": "SQLDataWarehouse_staging_skyfii_venue_visit",
						"type": "DatasetReference"
					}
				]
			},
			{
				"name": "SkyFiiVisitPrecincts",
				"type": "Copy",
				"dependsOn": [
					{
						"activity": "SkyFiiVisits",
						"dependencyConditions": [
							"Succeeded"
						]
					}
				],
				"policy": {
					"timeout": "7.00:00:00",
					"retry": 0,
					"retryIntervalInSeconds": 30,
					"secureOutput": false,
					"secureInput": false
				},
				"userProperties": [],
				"typeProperties": {
					"source": {
						"type": "BlobSource",
						"recursive": true
					},
					"sink": {
						"type": "SqlDWSink",
						"allowPolyBase": true,
						"writeBatchSize": 10000,
						"preCopyScript": "TRUNCATE TABLE staging.skyfii_precinct_visit;",
						"polyBaseSettings": {
							"rejectValue": 0,
							"rejectType": "value",
							"useTypeDefault": true
						}
					},
					"enableStaging": true,
					"stagingSettings": {
						"linkedServiceName": {
							"referenceName": "dataplatformstoragearea",
							"type": "LinkedServiceReference"
						},
						"enableCompression": true
					},
					"dataIntegrationUnits": 0,
					"translator": {
						"type": "TabularTranslator",
						"columnMappings": {
							"precinct_duration": "precinct_duration",
							"precinct_smartzone_id": "precinct_smartzone_id",
							"precinct_smartzone_name": "precinct_smartzone_name",
							"precinct_timestamp": "precinct_timestamp",
							"visit_device_id": "visit_device_id",
							"visit_duration": "visit_duration",
							"visit_skyfii_id": "visit_skyfii_id",
							"visit_timestamp": "visit_timestamp",
							"visit_venue_id": "visit_venue_id",
							"visit_venue_name": "visit_venue_name"
						}
					}
				},
				"inputs": [
					{
						"referenceName": "BlobStorageSkyFiiVisitPrecincts",
						"type": "DatasetReference",
						"parameters": {
							"ProcessLastNDays": {
								"value": "@pipeline().parameters.ProcessLastNDays",
								"type": "Expression"
							}
						}
					}
				],
				"outputs": [
					{
						"referenceName": "SQLDataWarehouse_staging_skyfii_precinct_visit",
						"type": "DatasetReference"
					}
				]
			},
			{
				"name": "SkyFiiVisitSpaces",
				"type": "Copy",
				"dependsOn": [
					{
						"activity": "SkyFiiVisitPrecincts",
						"dependencyConditions": [
							"Succeeded"
						]
					}
				],
				"policy": {
					"timeout": "7.00:00:00",
					"retry": 0,
					"retryIntervalInSeconds": 30,
					"secureOutput": false,
					"secureInput": false
				},
				"userProperties": [],
				"typeProperties": {
					"source": {
						"type": "BlobSource",
						"recursive": true
					},
					"sink": {
						"type": "SqlDWSink",
						"allowPolyBase": true,
						"writeBatchSize": 10000,
						"preCopyScript": "TRUNCATE TABLE staging.skyfii_space_visit;",
						"polyBaseSettings": {
							"rejectValue": 0,
							"rejectType": "value",
							"useTypeDefault": true
						}
					},
					"enableStaging": true,
					"stagingSettings": {
						"linkedServiceName": {
							"referenceName": "dataplatformstoragearea",
							"type": "LinkedServiceReference"
						},
						"enableCompression": true
					},
					"dataIntegrationUnits": 0,
					"translator": {
						"type": "TabularTranslator",
						"columnMappings": {
							"space_duration": "space_duration",
							"space_smartzone_id": "space_smartzone_id",
							"space_smartzone_name": "space_smartzone_name",
							"space_timestamp": "space_timestamp",
							"visit_device_id": "visit_device_id",
							"visit_duration": "visit_duration",
							"visit_skyfii_id": "visit_skyfii_id",
							"visit_timestamp": "visit_timestamp",
							"visit_venue_id": "visit_venue_id",
							"visit_venue_name": "visit_venue_name"
						}
					}
				},
				"inputs": [
					{
						"referenceName": "BlobStorageSkyFiiVisitSpaces",
						"type": "DatasetReference",
						"parameters": {
							"ProcessLastNDays": {
								"value": "@pipeline().parameters.ProcessLastNDays",
								"type": "Expression"
							}
						}
					}
				],
				"outputs": [
					{
						"referenceName": "SQLDataWarehouse_staging_skyfii_space_visit",
						"type": "DatasetReference"
					}
				]
			},
			{
				"name": "SkyFiiVisitZones",
				"type": "Copy",
				"dependsOn": [
					{
						"activity": "SkyFiiVisitSpaces",
						"dependencyConditions": [
							"Succeeded"
						]
					}
				],
				"policy": {
					"timeout": "7.00:00:00",
					"retry": 0,
					"retryIntervalInSeconds": 30,
					"secureOutput": false,
					"secureInput": false
				},
				"userProperties": [],
				"typeProperties": {
					"source": {
						"type": "BlobSource",
						"recursive": true
					},
					"sink": {
						"type": "SqlDWSink",
						"allowPolyBase": true,
						"writeBatchSize": 10000,
						"preCopyScript": "TRUNCATE TABLE staging.skyfii_zone_visit;",
						"polyBaseSettings": {
							"rejectValue": 0,
							"rejectType": "value",
							"useTypeDefault": true
						}
					},
					"enableStaging": true,
					"stagingSettings": {
						"linkedServiceName": {
							"referenceName": "dataplatformstoragearea",
							"type": "LinkedServiceReference"
						},
						"enableCompression": true
					},
					"dataIntegrationUnits": 0,
					"translator": {
						"type": "TabularTranslator",
						"columnMappings": {
							"visit_device_id": "visit_device_id",
							"visit_duration": "visit_duration",
							"visit_skyfii_id": "visit_skyfii_id",
							"visit_timestamp": "visit_timestamp",
							"visit_venue_id": "visit_venue_id",
							"visit_venue_name": "visit_venue_name",
							"zone_duration": "zone_duration",
							"zone_id": "zone_id",
							"zone_name": "zone_name",
							"zone_timestamp": "zone_timestamp"
						}
					}
				},
				"inputs": [
					{
						"referenceName": "BlobStorageSkyFiiVisitZones",
						"type": "DatasetReference",
						"parameters": {
							"ProcessLastNDays": {
								"value": "@pipeline().parameters.ProcessLastNDays",
								"type": "Expression"
							}
						}
					}
				],
				"outputs": [
					{
						"referenceName": "SQLDataWarehouse_staging_skyfii_zone_visit",
						"type": "DatasetReference"
					}
				]
			},
			{
				"name": "sp_insert_wifi_skyfii_venue_visit",
				"type": "SqlServerStoredProcedure",
				"dependsOn": [
					{
						"activity": "SkyFiiVisits",
						"dependencyConditions": [
							"Succeeded"
						]
					}
				],
				"policy": {
					"timeout": "7.00:00:00",
					"retry": 0,
					"retryIntervalInSeconds": 30,
					"secureOutput": false,
					"secureInput": false
				},
				"userProperties": [],
				"typeProperties": {
					"storedProcedureName": "[dbo].[sp_insert_wifi_skyfii_venue_visit]"
				},
				"linkedServiceName": {
					"referenceName": "SQLDataWarehouse",
					"type": "LinkedServiceReference"
				}
			},
			{
				"name": "sp_insert_wifi_skyfii_venue",
				"type": "SqlServerStoredProcedure",
				"dependsOn": [
					{
						"activity": "sp_insert_wifi_skyfii_venue_visit",
						"dependencyConditions": [
							"Succeeded"
						]
					}
				],
				"policy": {
					"timeout": "7.00:00:00",
					"retry": 0,
					"retryIntervalInSeconds": 30,
					"secureOutput": false,
					"secureInput": false
				},
				"userProperties": [],
				"typeProperties": {
					"storedProcedureName": "[dbo].[sp_insert_wifi_skyfii_venue]"
				},
				"linkedServiceName": {
					"referenceName": "SQLDataWarehouse",
					"type": "LinkedServiceReference"
				}
			},
			{
				"name": "sp_insert_wifi_skyfii_precinct_visit",
				"type": "SqlServerStoredProcedure",
				"dependsOn": [
					{
						"activity": "SkyFiiVisitPrecincts",
						"dependencyConditions": [
							"Succeeded"
						]
					}
				],
				"policy": {
					"timeout": "7.00:00:00",
					"retry": 0,
					"retryIntervalInSeconds": 30,
					"secureOutput": false,
					"secureInput": false
				},
				"userProperties": [],
				"typeProperties": {
					"storedProcedureName": "[dbo].[sp_insert_wifi_skyfii_precinct_visit]"
				},
				"linkedServiceName": {
					"referenceName": "SQLDataWarehouse",
					"type": "LinkedServiceReference"
				}
			},
			{
				"name": "sp_insert_wifi_skyfii_precinct",
				"type": "SqlServerStoredProcedure",
				"dependsOn": [
					{
						"activity": "sp_insert_wifi_skyfii_precinct_visit",
						"dependencyConditions": [
							"Succeeded"
						]
					}
				],
				"policy": {
					"timeout": "7.00:00:00",
					"retry": 0,
					"retryIntervalInSeconds": 30,
					"secureOutput": false,
					"secureInput": false
				},
				"userProperties": [],
				"typeProperties": {
					"storedProcedureName": "[dbo].[sp_insert_wifi_skyfii_precinct]"
				},
				"linkedServiceName": {
					"referenceName": "SQLDataWarehouse",
					"type": "LinkedServiceReference"
				}
			},
			{
				"name": "sp_insert_wifi_skyfii_space_visit",
				"type": "SqlServerStoredProcedure",
				"dependsOn": [
					{
						"activity": "SkyFiiVisitSpaces",
						"dependencyConditions": [
							"Succeeded"
						]
					}
				],
				"policy": {
					"timeout": "7.00:00:00",
					"retry": 0,
					"retryIntervalInSeconds": 30,
					"secureOutput": false,
					"secureInput": false
				},
				"userProperties": [],
				"typeProperties": {
					"storedProcedureName": "[dbo].[sp_insert_wifi_skyfii_space_visit]"
				},
				"linkedServiceName": {
					"referenceName": "SQLDataWarehouse",
					"type": "LinkedServiceReference"
				}
			},
			{
				"name": "sp_insert_wifi_skyfii_space",
				"type": "SqlServerStoredProcedure",
				"dependsOn": [
					{
						"activity": "sp_insert_wifi_skyfii_space_visit",
						"dependencyConditions": [
							"Succeeded"
						]
					}
				],
				"policy": {
					"timeout": "7.00:00:00",
					"retry": 0,
					"retryIntervalInSeconds": 30,
					"secureOutput": false,
					"secureInput": false
				},
				"userProperties": [],
				"typeProperties": {
					"storedProcedureName": "[dbo].[sp_insert_wifi_skyfii_space]"
				},
				"linkedServiceName": {
					"referenceName": "SQLDataWarehouse",
					"type": "LinkedServiceReference"
				}
			},
			{
				"name": "sp_insert_wifi_skyfii_zone_visit",
				"type": "SqlServerStoredProcedure",
				"dependsOn": [
					{
						"activity": "SkyFiiVisitZones",
						"dependencyConditions": [
							"Succeeded"
						]
					}
				],
				"policy": {
					"timeout": "7.00:00:00",
					"retry": 0,
					"retryIntervalInSeconds": 30,
					"secureOutput": false,
					"secureInput": false
				},
				"userProperties": [],
				"typeProperties": {
					"storedProcedureName": "[dbo].[sp_insert_wifi_skyfii_zone_visit]"
				},
				"linkedServiceName": {
					"referenceName": "SQLDataWarehouse",
					"type": "LinkedServiceReference"
				}
			},
			{
				"name": "sp_insert_wifi_skyfii_zone",
				"type": "SqlServerStoredProcedure",
				"dependsOn": [
					{
						"activity": "sp_insert_wifi_skyfii_zone_visit",
						"dependencyConditions": [
							"Succeeded"
						]
					}
				],
				"policy": {
					"timeout": "7.00:00:00",
					"retry": 0,
					"retryIntervalInSeconds": 30,
					"secureOutput": false,
					"secureInput": false
				},
				"userProperties": [],
				"typeProperties": {
					"storedProcedureName": "[dbo].[sp_insert_wifi_skyfii_zone]"
				},
				"linkedServiceName": {
					"referenceName": "SQLDataWarehouse",
					"type": "LinkedServiceReference"
				}
			},
			{
				"name": "SkyFiiVisitsFailure",
				"type": "WebActivity",
				"dependsOn": [
					{
						"activity": "SkyFiiVisits",
						"dependencyConditions": [
							"Failed"
						]
					}
				],
				"policy": {
					"timeout": "7.00:00:00",
					"retry": 0,
					"retryIntervalInSeconds": 30,
					"secureOutput": false,
					"secureInput": false
				},
				"userProperties": [],
				"typeProperties": {
					"url": "https://prod-17.northeurope.logic.azure.com:443/workflows/b5b00e5596e94affb317290e4964e4a4/triggers/manual/paths/invoke?api-version=2016-10-01&sp=%2Ftriggers%2Fmanual%2Frun&sv=1.0&sig=55j9tHX1WsutSx6HqYyFcX80ICAhwCoE06KuGGetqb8",
					"method": "POST",
					"headers": {
						"Content-Type": "application/json"
					},
					"body": {
						"activity": "SkyFiiVisits",
						"message": "@{activity('SkyFiiVisits').error.message}",
						"dataFactoryName": "@{pipeline().DataFactory}",
						"pipelineName": "@{pipeline().Pipeline}",
						"FailureNotificationRecipient": "@pipeline().parameters.FailureNotificationRecipient"
					}
				}
			},
			{
				"name": "SkyFiiVisitPrecinctsFailure",
				"type": "WebActivity",
				"dependsOn": [
					{
						"activity": "SkyFiiVisitPrecincts",
						"dependencyConditions": [
							"Failed"
						]
					}
				],
				"policy": {
					"timeout": "7.00:00:00",
					"retry": 0,
					"retryIntervalInSeconds": 30,
					"secureOutput": false,
					"secureInput": false
				},
				"userProperties": [],
				"typeProperties": {
					"url": "https://prod-17.northeurope.logic.azure.com:443/workflows/b5b00e5596e94affb317290e4964e4a4/triggers/manual/paths/invoke?api-version=2016-10-01&sp=%2Ftriggers%2Fmanual%2Frun&sv=1.0&sig=55j9tHX1WsutSx6HqYyFcX80ICAhwCoE06KuGGetqb8",
					"method": "POST",
					"headers": {
						"Content-Type": "application/json"
					},
					"body": {
						"activity": "SkyFiiVisitPrecincts",
						"message": "@{activity('SkyFiiVisitPrecincts').error.message}",
						"dataFactoryName": "@{pipeline().DataFactory}",
						"pipelineName": "@{pipeline().Pipeline}",
						"FailureNotificationRecipient": "@pipeline().parameters.FailureNotificationRecipient"
					}
				}
			},
			{
				"name": "SkyFiiVisitSpacesFailure",
				"type": "WebActivity",
				"dependsOn": [
					{
						"activity": "SkyFiiVisitSpaces",
						"dependencyConditions": [
							"Failed"
						]
					}
				],
				"policy": {
					"timeout": "7.00:00:00",
					"retry": 0,
					"retryIntervalInSeconds": 30,
					"secureOutput": false,
					"secureInput": false
				},
				"userProperties": [],
				"typeProperties": {
					"url": "https://prod-17.northeurope.logic.azure.com:443/workflows/b5b00e5596e94affb317290e4964e4a4/triggers/manual/paths/invoke?api-version=2016-10-01&sp=%2Ftriggers%2Fmanual%2Frun&sv=1.0&sig=55j9tHX1WsutSx6HqYyFcX80ICAhwCoE06KuGGetqb8",
					"method": "POST",
					"headers": {
						"Content-Type": "application/json"
					},
					"body": {
						"activity": "SkyFiiVisitSpaces",
						"message": "@{activity('SkyFiiVisitSpaces').error.message}",
						"dataFactoryName": "@{pipeline().DataFactory}",
						"pipelineName": "@{pipeline().Pipeline}",
						"FailureNotificationRecipient": "@pipeline().parameters.FailureNotificationRecipient"
					}
				}
			},
			{
				"name": "sp_insert_wifi_skyfii_venue_visitFailure",
				"type": "WebActivity",
				"dependsOn": [
					{
						"activity": "sp_insert_wifi_skyfii_venue_visit",
						"dependencyConditions": [
							"Failed"
						]
					}
				],
				"policy": {
					"timeout": "7.00:00:00",
					"retry": 0,
					"retryIntervalInSeconds": 30,
					"secureOutput": false,
					"secureInput": false
				},
				"userProperties": [],
				"typeProperties": {
					"url": "https://prod-17.northeurope.logic.azure.com:443/workflows/b5b00e5596e94affb317290e4964e4a4/triggers/manual/paths/invoke?api-version=2016-10-01&sp=%2Ftriggers%2Fmanual%2Frun&sv=1.0&sig=55j9tHX1WsutSx6HqYyFcX80ICAhwCoE06KuGGetqb8",
					"method": "POST",
					"headers": {
						"Content-Type": "application/json"
					},
					"body": {
						"activity": "sp_insert_wifi_skyfii_venue_visit",
						"message": "@{activity('sp_insert_wifi_skyfii_venue_visit').error.message}",
						"dataFactoryName": "@{pipeline().DataFactory}",
						"pipelineName": "@{pipeline().Pipeline}",
						"FailureNotificationRecipient": "@pipeline().parameters.FailureNotificationRecipient"
					}
				}
			},
			{
				"name": "sp_insert_wifi_skyfii_venueFailure",
				"type": "WebActivity",
				"dependsOn": [
					{
						"activity": "sp_insert_wifi_skyfii_venue",
						"dependencyConditions": [
							"Failed"
						]
					}
				],
				"policy": {
					"timeout": "7.00:00:00",
					"retry": 0,
					"retryIntervalInSeconds": 30,
					"secureOutput": false,
					"secureInput": false
				},
				"userProperties": [],
				"typeProperties": {
					"url": "https://prod-17.northeurope.logic.azure.com:443/workflows/b5b00e5596e94affb317290e4964e4a4/triggers/manual/paths/invoke?api-version=2016-10-01&sp=%2Ftriggers%2Fmanual%2Frun&sv=1.0&sig=55j9tHX1WsutSx6HqYyFcX80ICAhwCoE06KuGGetqb8",
					"method": "POST",
					"headers": {
						"Content-Type": "application/json"
					},
					"body": {
						"activity": "sp_insert_wifi_skyfii_venue",
						"message": "@{activity('sp_insert_wifi_skyfii_venue').error.message}",
						"dataFactoryName": "@{pipeline().DataFactory}",
						"pipelineName": "@{pipeline().Pipeline}",
						"FailureNotificationRecipient": "@pipeline().parameters.FailureNotificationRecipient"
					}
				}
			},
			{
				"name": "sp_insert_wifi_skyfii_precinct_visitFailure",
				"type": "WebActivity",
				"dependsOn": [
					{
						"activity": "sp_insert_wifi_skyfii_precinct_visit",
						"dependencyConditions": [
							"Failed"
						]
					}
				],
				"policy": {
					"timeout": "7.00:00:00",
					"retry": 0,
					"retryIntervalInSeconds": 30,
					"secureOutput": false,
					"secureInput": false
				},
				"userProperties": [],
				"typeProperties": {
					"url": "https://prod-17.northeurope.logic.azure.com:443/workflows/b5b00e5596e94affb317290e4964e4a4/triggers/manual/paths/invoke?api-version=2016-10-01&sp=%2Ftriggers%2Fmanual%2Frun&sv=1.0&sig=55j9tHX1WsutSx6HqYyFcX80ICAhwCoE06KuGGetqb8",
					"method": "POST",
					"headers": {
						"Content-Type": "application/json"
					},
					"body": {
						"activity": "sp_insert_wifi_skyfii_precinct_visit",
						"message": "@{activity('sp_insert_wifi_skyfii_precinct_visit').error.message}",
						"dataFactoryName": "@{pipeline().DataFactory}",
						"pipelineName": "@{pipeline().Pipeline}",
						"FailureNotificationRecipient": "@pipeline().parameters.FailureNotificationRecipient"
					}
				}
			},
			{
				"name": "sp_insert_wifi_skyfii_precinctFailure",
				"type": "WebActivity",
				"dependsOn": [
					{
						"activity": "sp_insert_wifi_skyfii_precinct",
						"dependencyConditions": [
							"Failed"
						]
					}
				],
				"policy": {
					"timeout": "7.00:00:00",
					"retry": 0,
					"retryIntervalInSeconds": 30,
					"secureOutput": false,
					"secureInput": false
				},
				"userProperties": [],
				"typeProperties": {
					"url": "https://prod-17.northeurope.logic.azure.com:443/workflows/b5b00e5596e94affb317290e4964e4a4/triggers/manual/paths/invoke?api-version=2016-10-01&sp=%2Ftriggers%2Fmanual%2Frun&sv=1.0&sig=55j9tHX1WsutSx6HqYyFcX80ICAhwCoE06KuGGetqb8",
					"method": "POST",
					"headers": {
						"Content-Type": "application/json"
					},
					"body": {
						"activity": "sp_insert_wifi_skyfii_precinct",
						"message": "@{activity('sp_insert_wifi_skyfii_precinct').error.message}",
						"dataFactoryName": "@{pipeline().DataFactory}",
						"pipelineName": "@{pipeline().Pipeline}",
						"FailureNotificationRecipient": "@pipeline().parameters.FailureNotificationRecipient"
					}
				}
			},
			{
				"name": "sp_insert_wifi_skyfii_space_visitFailure",
				"type": "WebActivity",
				"dependsOn": [
					{
						"activity": "sp_insert_wifi_skyfii_space_visit",
						"dependencyConditions": [
							"Failed"
						]
					}
				],
				"policy": {
					"timeout": "7.00:00:00",
					"retry": 0,
					"retryIntervalInSeconds": 30,
					"secureOutput": false,
					"secureInput": false
				},
				"userProperties": [],
				"typeProperties": {
					"url": "https://prod-17.northeurope.logic.azure.com:443/workflows/b5b00e5596e94affb317290e4964e4a4/triggers/manual/paths/invoke?api-version=2016-10-01&sp=%2Ftriggers%2Fmanual%2Frun&sv=1.0&sig=55j9tHX1WsutSx6HqYyFcX80ICAhwCoE06KuGGetqb8",
					"method": "POST",
					"headers": {
						"Content-Type": "application/json"
					},
					"body": {
						"activity": "sp_insert_wifi_skyfii_space_visit",
						"message": "@{activity('sp_insert_wifi_skyfii_space_visit').error.message}",
						"dataFactoryName": "@{pipeline().DataFactory}",
						"pipelineName": "@{pipeline().Pipeline}",
						"FailureNotificationRecipient": "@pipeline().parameters.FailureNotificationRecipient"
					}
				}
			},
			{
				"name": "sp_insert_wifi_skyfii_spaceFailure",
				"type": "WebActivity",
				"dependsOn": [
					{
						"activity": "sp_insert_wifi_skyfii_space",
						"dependencyConditions": [
							"Failed"
						]
					}
				],
				"policy": {
					"timeout": "7.00:00:00",
					"retry": 0,
					"retryIntervalInSeconds": 30,
					"secureOutput": false,
					"secureInput": false
				},
				"userProperties": [],
				"typeProperties": {
					"url": "https://prod-17.northeurope.logic.azure.com:443/workflows/b5b00e5596e94affb317290e4964e4a4/triggers/manual/paths/invoke?api-version=2016-10-01&sp=%2Ftriggers%2Fmanual%2Frun&sv=1.0&sig=55j9tHX1WsutSx6HqYyFcX80ICAhwCoE06KuGGetqb8",
					"method": "POST",
					"headers": {
						"Content-Type": "application/json"
					},
					"body": {
						"activity": "sp_insert_wifi_skyfii_space",
						"message": "@{activity('sp_insert_wifi_skyfii_space').error.message}",
						"dataFactoryName": "@{pipeline().DataFactory}",
						"pipelineName": "@{pipeline().Pipeline}",
						"FailureNotificationRecipient": "@pipeline().parameters.FailureNotificationRecipient"
					}
				}
			},
			{
				"name": "SkyFiiVisitZonesFailure",
				"type": "WebActivity",
				"dependsOn": [
					{
						"activity": "SkyFiiVisitZones",
						"dependencyConditions": [
							"Failed"
						]
					}
				],
				"policy": {
					"timeout": "7.00:00:00",
					"retry": 0,
					"retryIntervalInSeconds": 30,
					"secureOutput": false,
					"secureInput": false
				},
				"userProperties": [],
				"typeProperties": {
					"url": "https://prod-17.northeurope.logic.azure.com:443/workflows/b5b00e5596e94affb317290e4964e4a4/triggers/manual/paths/invoke?api-version=2016-10-01&sp=%2Ftriggers%2Fmanual%2Frun&sv=1.0&sig=55j9tHX1WsutSx6HqYyFcX80ICAhwCoE06KuGGetqb8",
					"method": "POST",
					"headers": {
						"Content-Type": "application/json"
					},
					"body": {
						"activity": "SkyFiiVisitZones",
						"message": "@{activity('SkyFiiVisitZones').error.message}",
						"dataFactoryName": "@{pipeline().DataFactory}",
						"pipelineName": "@{pipeline().Pipeline}",
						"FailureNotificationRecipient": "@pipeline().parameters.FailureNotificationRecipient"
					}
				}
			},
			{
				"name": "sp_insert_wifi_skyfii_zone_visitFailure",
				"type": "WebActivity",
				"dependsOn": [
					{
						"activity": "sp_insert_wifi_skyfii_zone_visit",
						"dependencyConditions": [
							"Failed"
						]
					}
				],
				"policy": {
					"timeout": "7.00:00:00",
					"retry": 0,
					"retryIntervalInSeconds": 30,
					"secureOutput": false,
					"secureInput": false
				},
				"userProperties": [],
				"typeProperties": {
					"url": "https://prod-17.northeurope.logic.azure.com:443/workflows/b5b00e5596e94affb317290e4964e4a4/triggers/manual/paths/invoke?api-version=2016-10-01&sp=%2Ftriggers%2Fmanual%2Frun&sv=1.0&sig=55j9tHX1WsutSx6HqYyFcX80ICAhwCoE06KuGGetqb8",
					"method": "POST",
					"headers": {
						"Content-Type": "application/json"
					},
					"body": {
						"activity": "sp_insert_wifi_skyfii_zone_visit",
						"message": "@{activity('sp_insert_wifi_skyfii_zone_visit').error.message}",
						"dataFactoryName": "@{pipeline().DataFactory}",
						"pipelineName": "@{pipeline().Pipeline}",
						"FailureNotificationRecipient": "@pipeline().parameters.FailureNotificationRecipient"
					}
				}
			},
			{
				"name": "sp_insert_wifi_skyfii_zoneFailure",
				"type": "WebActivity",
				"dependsOn": [
					{
						"activity": "sp_insert_wifi_skyfii_zone",
						"dependencyConditions": [
							"Failed"
						]
					}
				],
				"policy": {
					"timeout": "7.00:00:00",
					"retry": 0,
					"retryIntervalInSeconds": 30,
					"secureOutput": false,
					"secureInput": false
				},
				"userProperties": [],
				"typeProperties": {
					"url": "https://prod-17.northeurope.logic.azure.com:443/workflows/b5b00e5596e94affb317290e4964e4a4/triggers/manual/paths/invoke?api-version=2016-10-01&sp=%2Ftriggers%2Fmanual%2Frun&sv=1.0&sig=55j9tHX1WsutSx6HqYyFcX80ICAhwCoE06KuGGetqb8",
					"method": "POST",
					"headers": {
						"Content-Type": "application/json"
					},
					"body": {
						"activity": "sp_insert_wifi_skyfii_zone",
						"message": "@{activity('sp_insert_wifi_skyfii_zone').error.message}",
						"dataFactoryName": "@{pipeline().DataFactory}",
						"pipelineName": "@{pipeline().Pipeline}",
						"FailureNotificationRecipient": "@pipeline().parameters.FailureNotificationRecipient"
					}
				}
			}
		],
		"parameters": {
			"FailureNotificationRecipient": {
				"type": "String",
				"defaultValue": "data.platform@mcarthurglen.com"
			},
			"ProcessLastNDays": {
				"type": "Int",
				"defaultValue": -4
			}
		},
		"folder": {
			"name": "SkyFii"
		},
		"annotations": []
	},
	"type": "Microsoft.DataFactory/factories/pipelines"
}