{
	"name": "SkyFiiProfiles v1",
	"properties": {
		"activities": [
			{
				"name": "GetSkyFiiProfileIDs",
				"type": "Lookup",
				"dependsOn": [],
				"policy": {
					"timeout": "7.00:00:00",
					"retry": 0,
					"retryIntervalInSeconds": 30,
					"secureOutput": false,
					"secureInput": false
				},
				"userProperties": [],
				"typeProperties": {
					"source": {
						"type": "SqlDWSource",
						"sqlReaderQuery": "SELECT DISTINCT svv.skyfii_user_id AS skyfii_id\nFROM wifi.skyfii_venue_visit svv\nLEFT JOIN wifi.skyfii_profile sp ON svv.skyfii_user_id = sp.skyfii_id\nLEFT JOIN mcdb.SkyFii_UserDetail mcdb ON svv.skyfii_user_id = mcdb.skyfiiId\nWHERE svv.skyfii_user_id IS NOT NULL\nAND sp.skyfii_id IS NULL\nAND mcdb.skyfiiId IS NULL\nAND CAST(svv.timestamp AS DATE) < '2019-01-05';"
					},
					"dataset": {
						"referenceName": "SQLDataWarehouse",
						"type": "DatasetReference"
					},
					"firstRowOnly": false
				}
			},
			{
				"name": "ForEachSkyFiiProfileID",
				"type": "ForEach",
				"dependsOn": [
					{
						"activity": "GetSkyFiiProfileIDs",
						"dependencyConditions": [
							"Succeeded"
						]
					}
				],
				"userProperties": [],
				"typeProperties": {
					"items": {
						"value": "@activity('GetSkyFiiProfileIDs').output.value",
						"type": "Expression"
					},
					"isSequential": true,
					"activities": [
						{
							"name": "SkyFiiProfileAPIGetRequest",
							"type": "Copy",
							"dependsOn": [],
							"policy": {
								"timeout": "7.00:00:00",
								"retry": 0,
								"retryIntervalInSeconds": 30,
								"secureOutput": false,
								"secureInput": false
							},
							"userProperties": [],
							"typeProperties": {
								"source": {
									"type": "RestSource",
									"httpRequestTimeout": "00:01:40",
									"requestInterval": "00.00:00:00.010"
								},
								"sink": {
									"type": "BlobSink"
								},
								"enableStaging": false,
								"dataIntegrationUnits": 0
							},
							"inputs": [
								{
									"referenceName": "SkyFiiProfileAPIGetRequest",
									"type": "DatasetReference",
									"parameters": {
										"skyfii_id": {
											"value": "@{item().skyfii_id} ",
											"type": "Expression"
										}
									}
								}
							],
							"outputs": [
								{
									"referenceName": "BlobStorageSkyFiiProfileOutput",
									"type": "DatasetReference",
									"parameters": {
										"skyfii_id": {
											"value": "@{item().skyfii_id}",
											"type": "Expression"
										}
									}
								}
							]
						}
					]
				}
			},
			{
				"name": "GetSkyFiiProfileIDsFailure",
				"type": "WebActivity",
				"dependsOn": [
					{
						"activity": "GetSkyFiiProfileIDs",
						"dependencyConditions": [
							"Failed"
						]
					}
				],
				"policy": {
					"timeout": "7.00:00:00",
					"retry": 0,
					"retryIntervalInSeconds": 30,
					"secureOutput": false,
					"secureInput": false
				},
				"userProperties": [],
				"typeProperties": {
					"url": "https://prod-17.northeurope.logic.azure.com:443/workflows/b5b00e5596e94affb317290e4964e4a4/triggers/manual/paths/invoke?api-version=2016-10-01&sp=%2Ftriggers%2Fmanual%2Frun&sv=1.0&sig=55j9tHX1WsutSx6HqYyFcX80ICAhwCoE06KuGGetqb8",
					"method": "POST",
					"headers": {
						"Content-Type": "application/json"
					},
					"body": {
						"activity": "GetSkyFiiProfileIDs",
						"message": "@{activity('GetSkyFiiProfileIDs').error.message}",
						"dataFactoryName": "@{pipeline().DataFactory}",
						"pipelineName": "@{pipeline().Pipeline}",
						"FailureNotificationRecipient": "@pipeline().parameters.FailureNotificationRecipient"
					}
				}
			},
			{
				"name": "CopySkyFiiProfiles",
				"type": "Copy",
				"dependsOn": [
					{
						"activity": "ForEachSkyFiiProfileID",
						"dependencyConditions": [
							"Succeeded"
						]
					}
				],
				"policy": {
					"timeout": "7.00:00:00",
					"retry": 0,
					"retryIntervalInSeconds": 30,
					"secureOutput": false,
					"secureInput": false
				},
				"userProperties": [],
				"typeProperties": {
					"source": {
						"type": "BlobSource",
						"recursive": true
					},
					"sink": {
						"type": "SqlDWSink",
						"allowPolyBase": true,
						"writeBatchSize": 10000,
						"preCopyScript": "TRUNCATE TABLE staging.skyfii_profile;",
						"polyBaseSettings": {
							"rejectValue": 0,
							"rejectType": "value",
							"useTypeDefault": true
						}
					},
					"enableStaging": true,
					"stagingSettings": {
						"linkedServiceName": {
							"referenceName": "dataplatformstoragearea",
							"type": "LinkedServiceReference"
						},
						"enableCompression": true
					},
					"dataIntegrationUnits": 0,
					"translator": {
						"type": "TabularTranslator",
						"columnMappings": {
							"address": "address",
							"country": "country",
							"created": "created",
							"creationApMac": "creation_ap_mac",
							"creationApName": "creation_ap_name",
							"district": "district",
							"dobMax": "dob_max",
							"dobMin": "dob_min",
							"email": "email",
							"facebookId": "facebook_id",
							"firstName": "first_name",
							"gender": "gender",
							"googleId": "google_id",
							"lastName": "last_name",
							"linkedinId": "linkedin_id",
							"marketingOptIn": "marketing_opt_in",
							"modified": "modified",
							"name": "name",
							"nationalId": "national_id",
							"networkId": "network_id",
							"phone": "phone",
							"postcode": "postcode",
							"qqId": "qq_id",
							"registrationStatus": "registration_status",
							"relationship": "relationship",
							"skyfiiId": "skyfii_id",
							"state": "state",
							"suburb": "suburb",
							"termsAcceptanceDate": "terms_acceptance_date",
							"termsAcceptanceVersion": "terms_acceptance_version",
							"twitterId": "twitter_id",
							"venueId": "venue_id",
							"weiboId": "weibo_id"
						}
					}
				},
				"inputs": [
					{
						"referenceName": "BlobStorageSkyfiiProfiles",
						"type": "DatasetReference"
					}
				],
				"outputs": [
					{
						"referenceName": "SQLDataWarehouse_staging_skyfii_profile",
						"type": "DatasetReference"
					}
				]
			},
			{
				"name": "ForEachSkyFiiProfileIDFailure",
				"type": "WebActivity",
				"dependsOn": [
					{
						"activity": "ForEachSkyFiiProfileID",
						"dependencyConditions": [
							"Failed"
						]
					}
				],
				"policy": {
					"timeout": "7.00:00:00",
					"retry": 0,
					"retryIntervalInSeconds": 30,
					"secureOutput": false,
					"secureInput": false
				},
				"userProperties": [],
				"typeProperties": {
					"url": "https://prod-17.northeurope.logic.azure.com:443/workflows/b5b00e5596e94affb317290e4964e4a4/triggers/manual/paths/invoke?api-version=2016-10-01&sp=%2Ftriggers%2Fmanual%2Frun&sv=1.0&sig=55j9tHX1WsutSx6HqYyFcX80ICAhwCoE06KuGGetqb8",
					"method": "POST",
					"headers": {
						"Content-Type": "application/json"
					},
					"body": {
						"activity": "ForEachSkyFiiProfileID",
						"message": "@{activity('ForEachSkyFiiProfileID').error.message}",
						"dataFactoryName": "@{pipeline().DataFactory}",
						"pipelineName": "@{pipeline().Pipeline}",
						"FailureNotificationRecipient": "@pipeline().parameters.FailureNotificationRecipient"
					}
				}
			},
			{
				"name": "sp_insert_wifi_skyfii_profile",
				"type": "SqlServerStoredProcedure",
				"dependsOn": [
					{
						"activity": "CopySkyFiiProfiles",
						"dependencyConditions": [
							"Succeeded"
						]
					}
				],
				"policy": {
					"timeout": "7.00:00:00",
					"retry": 0,
					"retryIntervalInSeconds": 30,
					"secureOutput": false,
					"secureInput": false
				},
				"userProperties": [],
				"typeProperties": {
					"storedProcedureName": "[dbo].[sp_insert_wifi_skyfii_profile]"
				},
				"linkedServiceName": {
					"referenceName": "SQLDataWarehouse",
					"type": "LinkedServiceReference"
				}
			},
			{
				"name": "CopySkyFiiProfilesFailure",
				"type": "WebActivity",
				"dependsOn": [
					{
						"activity": "CopySkyFiiProfiles",
						"dependencyConditions": [
							"Failed"
						]
					}
				],
				"policy": {
					"timeout": "7.00:00:00",
					"retry": 0,
					"retryIntervalInSeconds": 30,
					"secureOutput": false,
					"secureInput": false
				},
				"userProperties": [],
				"typeProperties": {
					"url": "https://prod-17.northeurope.logic.azure.com:443/workflows/b5b00e5596e94affb317290e4964e4a4/triggers/manual/paths/invoke?api-version=2016-10-01&sp=%2Ftriggers%2Fmanual%2Frun&sv=1.0&sig=55j9tHX1WsutSx6HqYyFcX80ICAhwCoE06KuGGetqb8",
					"method": "POST",
					"headers": {
						"Content-Type": "application/json"
					},
					"body": {
						"activity": "CopySkyFiiProfiles",
						"message": "@{activity('CopySkyFiiProfiles').error.message}",
						"dataFactoryName": "@{pipeline().DataFactory}",
						"pipelineName": "@{pipeline().Pipeline}",
						"FailureNotificationRecipient": "@pipeline().parameters.FailureNotificationRecipient"
					}
				}
			},
			{
				"name": "CopySkyFiiProfilesCustomAttributes",
				"type": "Copy",
				"dependsOn": [
					{
						"activity": "CopySkyFiiProfiles",
						"dependencyConditions": [
							"Succeeded"
						]
					}
				],
				"policy": {
					"timeout": "7.00:00:00",
					"retry": 0,
					"retryIntervalInSeconds": 30,
					"secureOutput": false,
					"secureInput": false
				},
				"userProperties": [],
				"typeProperties": {
					"source": {
						"type": "BlobSource",
						"recursive": true
					},
					"sink": {
						"type": "SqlDWSink",
						"allowPolyBase": true,
						"writeBatchSize": 10000,
						"preCopyScript": "TRUNCATE TABLE staging.skyfii_profile_custom_attribute;",
						"polyBaseSettings": {
							"rejectValue": 0,
							"rejectType": "value",
							"useTypeDefault": true
						}
					},
					"enableStaging": true,
					"stagingSettings": {
						"linkedServiceName": {
							"referenceName": "dataplatformstoragearea",
							"type": "LinkedServiceReference"
						},
						"enableCompression": true
					},
					"dataIntegrationUnits": 0,
					"translator": {
						"type": "TabularTranslator",
						"columnMappings": {
							"skyfiiId": "skyfii_id",
							"attribute_name": "attribute_name",
							"attribute_value": "attribute_value",
							"modified": "last_modified"
						}
					}
				},
				"inputs": [
					{
						"referenceName": "BlobStorageSkyfiiProfilesCustomAttributes",
						"type": "DatasetReference"
					}
				],
				"outputs": [
					{
						"referenceName": "SQLDataWarehouse_staging_skyfii_profile_custom_attribute",
						"type": "DatasetReference"
					}
				]
			},
			{
				"name": "sp_insert_wifi_skyfii_profileFailure",
				"type": "WebActivity",
				"dependsOn": [
					{
						"activity": "sp_insert_wifi_skyfii_profile",
						"dependencyConditions": [
							"Failed"
						]
					}
				],
				"policy": {
					"timeout": "7.00:00:00",
					"retry": 0,
					"retryIntervalInSeconds": 30,
					"secureOutput": false,
					"secureInput": false
				},
				"userProperties": [],
				"typeProperties": {
					"url": "https://prod-17.northeurope.logic.azure.com:443/workflows/b5b00e5596e94affb317290e4964e4a4/triggers/manual/paths/invoke?api-version=2016-10-01&sp=%2Ftriggers%2Fmanual%2Frun&sv=1.0&sig=55j9tHX1WsutSx6HqYyFcX80ICAhwCoE06KuGGetqb8",
					"method": "POST",
					"headers": {
						"Content-Type": "application/json"
					},
					"body": {
						"activity": "sp_insert_wifi_skyfii_profile",
						"message": "@{activity('sp_insert_wifi_skyfii_profile').error.message}",
						"dataFactoryName": "@{pipeline().DataFactory}",
						"pipelineName": "@{pipeline().Pipeline}",
						"FailureNotificationRecipient": "@pipeline().parameters.FailureNotificationRecipient"
					}
				}
			},
			{
				"name": "sp_update_wifi_skyfii_profile",
				"type": "SqlServerStoredProcedure",
				"dependsOn": [
					{
						"activity": "sp_insert_wifi_skyfii_profile",
						"dependencyConditions": [
							"Succeeded"
						]
					}
				],
				"policy": {
					"timeout": "7.00:00:00",
					"retry": 0,
					"retryIntervalInSeconds": 30,
					"secureOutput": false,
					"secureInput": false
				},
				"userProperties": [],
				"typeProperties": {
					"storedProcedureName": "[dbo].[sp_update_wifi_skyfii_profile]"
				},
				"linkedServiceName": {
					"referenceName": "SQLDataWarehouse",
					"type": "LinkedServiceReference"
				}
			},
			{
				"name": "sp_update_wifi_skyfii_profileFailure",
				"type": "WebActivity",
				"dependsOn": [
					{
						"activity": "sp_update_wifi_skyfii_profile",
						"dependencyConditions": [
							"Failed"
						]
					}
				],
				"policy": {
					"timeout": "7.00:00:00",
					"retry": 0,
					"retryIntervalInSeconds": 30,
					"secureOutput": false,
					"secureInput": false
				},
				"userProperties": [],
				"typeProperties": {
					"url": "https://prod-17.northeurope.logic.azure.com:443/workflows/b5b00e5596e94affb317290e4964e4a4/triggers/manual/paths/invoke?api-version=2016-10-01&sp=%2Ftriggers%2Fmanual%2Frun&sv=1.0&sig=55j9tHX1WsutSx6HqYyFcX80ICAhwCoE06KuGGetqb8",
					"method": "POST",
					"headers": {
						"Content-Type": "application/json"
					},
					"body": {
						"activity": "sp_update_wifi_skyfii_profile",
						"message": "@{activity('sp_update_wifi_skyfii_profile').error.message}",
						"dataFactoryName": "@{pipeline().DataFactory}",
						"pipelineName": "@{pipeline().Pipeline}",
						"FailureNotificationRecipient": "@pipeline().parameters.FailureNotificationRecipient"
					}
				}
			},
			{
				"name": "CopySkyFiiProfilesMarketingLists",
				"type": "Copy",
				"dependsOn": [
					{
						"activity": "CopySkyFiiProfilesCustomAttributes",
						"dependencyConditions": [
							"Succeeded"
						]
					}
				],
				"policy": {
					"timeout": "7.00:00:00",
					"retry": 0,
					"retryIntervalInSeconds": 30,
					"secureOutput": false,
					"secureInput": false
				},
				"userProperties": [],
				"typeProperties": {
					"source": {
						"type": "BlobSource",
						"recursive": true
					},
					"sink": {
						"type": "SqlDWSink",
						"allowPolyBase": true,
						"writeBatchSize": 10000,
						"preCopyScript": "TRUNCATE TABLE staging.skyfii_profile_marketing_list;",
						"polyBaseSettings": {
							"rejectValue": 0,
							"rejectType": "value",
							"useTypeDefault": true
						}
					},
					"enableStaging": true,
					"stagingSettings": {
						"linkedServiceName": {
							"referenceName": "dataplatformstoragearea",
							"type": "LinkedServiceReference"
						},
						"enableCompression": true
					},
					"dataIntegrationUnits": 0,
					"translator": {
						"type": "TabularTranslator",
						"columnMappings": {
							"skyfiiId": "skyfii_id",
							"id": "id",
							"status": "status",
							"modified": "last_modified"
						}
					}
				},
				"inputs": [
					{
						"referenceName": "BlobStorageSkyfiiProfilesMarketingLists",
						"type": "DatasetReference"
					}
				],
				"outputs": [
					{
						"referenceName": "SQLDataWarehouse_staging_skyfii_profile_marketing_list",
						"type": "DatasetReference"
					}
				]
			},
			{
				"name": "sp_insert_wifi_skyfii_profile_custom_attribute",
				"type": "SqlServerStoredProcedure",
				"dependsOn": [
					{
						"activity": "CopySkyFiiProfilesCustomAttributes",
						"dependencyConditions": [
							"Succeeded"
						]
					}
				],
				"policy": {
					"timeout": "7.00:00:00",
					"retry": 0,
					"retryIntervalInSeconds": 30,
					"secureOutput": false,
					"secureInput": false
				},
				"userProperties": [],
				"typeProperties": {
					"storedProcedureName": "[dbo].[sp_insert_wifi_skyfii_profile_custom_attribute]"
				},
				"linkedServiceName": {
					"referenceName": "SQLDataWarehouse",
					"type": "LinkedServiceReference"
				}
			},
			{
				"name": "CopySkyFiiProfilesCustomAttributesFailure",
				"type": "WebActivity",
				"dependsOn": [
					{
						"activity": "CopySkyFiiProfilesCustomAttributes",
						"dependencyConditions": [
							"Failed"
						]
					}
				],
				"policy": {
					"timeout": "7.00:00:00",
					"retry": 0,
					"retryIntervalInSeconds": 30,
					"secureOutput": false,
					"secureInput": false
				},
				"userProperties": [],
				"typeProperties": {
					"url": "https://prod-17.northeurope.logic.azure.com:443/workflows/b5b00e5596e94affb317290e4964e4a4/triggers/manual/paths/invoke?api-version=2016-10-01&sp=%2Ftriggers%2Fmanual%2Frun&sv=1.0&sig=55j9tHX1WsutSx6HqYyFcX80ICAhwCoE06KuGGetqb8",
					"method": "POST",
					"headers": {
						"Content-Type": "application/json"
					},
					"body": {
						"activity": "CopySkyFiiProfilesCustomAttributes",
						"message": "@{activity('CopySkyFiiProfilesCustomAttributes').error.message}",
						"dataFactoryName": "@{pipeline().DataFactory}",
						"pipelineName": "@{pipeline().Pipeline}",
						"FailureNotificationRecipient": "@pipeline().parameters.FailureNotificationRecipient"
					}
				}
			},
			{
				"name": "sp_update_wifi_skyfii_profile_custom_attribute",
				"type": "SqlServerStoredProcedure",
				"dependsOn": [
					{
						"activity": "sp_insert_wifi_skyfii_profile_custom_attribute",
						"dependencyConditions": [
							"Succeeded"
						]
					}
				],
				"policy": {
					"timeout": "7.00:00:00",
					"retry": 0,
					"retryIntervalInSeconds": 30,
					"secureOutput": false,
					"secureInput": false
				},
				"userProperties": [],
				"typeProperties": {
					"storedProcedureName": "[dbo].[sp_update_wifi_skyfii_profile_custom_attribute]"
				},
				"linkedServiceName": {
					"referenceName": "SQLDataWarehouse",
					"type": "LinkedServiceReference"
				}
			},
			{
				"name": "sp_insert_wifi_skyfii_profile_custom_attributeFailure",
				"type": "WebActivity",
				"dependsOn": [
					{
						"activity": "sp_insert_wifi_skyfii_profile_custom_attribute",
						"dependencyConditions": [
							"Failed"
						]
					}
				],
				"policy": {
					"timeout": "7.00:00:00",
					"retry": 0,
					"retryIntervalInSeconds": 30,
					"secureOutput": false,
					"secureInput": false
				},
				"userProperties": [],
				"typeProperties": {
					"url": "https://prod-17.northeurope.logic.azure.com:443/workflows/b5b00e5596e94affb317290e4964e4a4/triggers/manual/paths/invoke?api-version=2016-10-01&sp=%2Ftriggers%2Fmanual%2Frun&sv=1.0&sig=55j9tHX1WsutSx6HqYyFcX80ICAhwCoE06KuGGetqb8",
					"method": "POST",
					"headers": {
						"Content-Type": "application/json"
					},
					"body": {
						"activity": "sp_insert_wifi_skyfii_profile_custom_attribute",
						"message": "@{activity('sp_insert_wifi_skyfii_profile_custom_attribute').error.message}",
						"dataFactoryName": "@{pipeline().DataFactory}",
						"pipelineName": "@{pipeline().Pipeline}",
						"FailureNotificationRecipient": "@pipeline().parameters.FailureNotificationRecipient"
					}
				}
			},
			{
				"name": "sp_update_wifi_skyfii_profile_custom_attributeFailure",
				"type": "WebActivity",
				"dependsOn": [
					{
						"activity": "sp_update_wifi_skyfii_profile_custom_attribute",
						"dependencyConditions": [
							"Failed"
						]
					}
				],
				"policy": {
					"timeout": "7.00:00:00",
					"retry": 0,
					"retryIntervalInSeconds": 30,
					"secureOutput": false,
					"secureInput": false
				},
				"userProperties": [],
				"typeProperties": {
					"url": "https://prod-17.northeurope.logic.azure.com:443/workflows/b5b00e5596e94affb317290e4964e4a4/triggers/manual/paths/invoke?api-version=2016-10-01&sp=%2Ftriggers%2Fmanual%2Frun&sv=1.0&sig=55j9tHX1WsutSx6HqYyFcX80ICAhwCoE06KuGGetqb8",
					"method": "POST",
					"headers": {
						"Content-Type": "application/json"
					},
					"body": {
						"activity": "sp_update_wifi_skyfii_profile_custom_attribute",
						"message": "@{activity('sp_update_wifi_skyfii_profile_custom_attribute').error.message}",
						"dataFactoryName": "@{pipeline().DataFactory}",
						"pipelineName": "@{pipeline().Pipeline}",
						"FailureNotificationRecipient": "@pipeline().parameters.FailureNotificationRecipient"
					}
				}
			},
			{
				"name": "sp_insert_wifi_skyfii_profile_marketing_list",
				"type": "SqlServerStoredProcedure",
				"dependsOn": [
					{
						"activity": "CopySkyFiiProfilesMarketingLists",
						"dependencyConditions": [
							"Succeeded"
						]
					}
				],
				"policy": {
					"timeout": "7.00:00:00",
					"retry": 0,
					"retryIntervalInSeconds": 30,
					"secureOutput": false,
					"secureInput": false
				},
				"userProperties": [],
				"typeProperties": {
					"storedProcedureName": "[dbo].[sp_insert_wifi_skyfii_profile_marketing_list]"
				},
				"linkedServiceName": {
					"referenceName": "SQLDataWarehouse",
					"type": "LinkedServiceReference"
				}
			},
			{
				"name": "CopySkyFiiProfilesMarketingListsFailure",
				"type": "WebActivity",
				"dependsOn": [
					{
						"activity": "CopySkyFiiProfilesMarketingLists",
						"dependencyConditions": [
							"Failed"
						]
					}
				],
				"policy": {
					"timeout": "7.00:00:00",
					"retry": 0,
					"retryIntervalInSeconds": 30,
					"secureOutput": false,
					"secureInput": false
				},
				"userProperties": [],
				"typeProperties": {
					"url": "https://prod-17.northeurope.logic.azure.com:443/workflows/b5b00e5596e94affb317290e4964e4a4/triggers/manual/paths/invoke?api-version=2016-10-01&sp=%2Ftriggers%2Fmanual%2Frun&sv=1.0&sig=55j9tHX1WsutSx6HqYyFcX80ICAhwCoE06KuGGetqb8",
					"method": "POST",
					"headers": {
						"Content-Type": "application/json"
					},
					"body": {
						"activity": "CopySkyFiiProfilesMarketingLists",
						"message": "@{activity('CopySkyFiiProfilesMarketingLists').error.message}",
						"dataFactoryName": "@{pipeline().DataFactory}",
						"pipelineName": "@{pipeline().Pipeline}",
						"FailureNotificationRecipient": "@pipeline().parameters.FailureNotificationRecipient"
					}
				}
			},
			{
				"name": "sp_update_wifi_skyfii_profile_marketing_list",
				"type": "SqlServerStoredProcedure",
				"dependsOn": [
					{
						"activity": "sp_insert_wifi_skyfii_profile_marketing_list",
						"dependencyConditions": [
							"Succeeded"
						]
					}
				],
				"policy": {
					"timeout": "7.00:00:00",
					"retry": 0,
					"retryIntervalInSeconds": 30,
					"secureOutput": false,
					"secureInput": false
				},
				"userProperties": [],
				"typeProperties": {
					"storedProcedureName": "[dbo].[sp_update_wifi_skyfii_profile_marketing_list]"
				},
				"linkedServiceName": {
					"referenceName": "SQLDataWarehouse",
					"type": "LinkedServiceReference"
				}
			},
			{
				"name": "sp_insert_wifi_skyfii_profile_marketing_listFailure",
				"type": "WebActivity",
				"dependsOn": [
					{
						"activity": "sp_insert_wifi_skyfii_profile_marketing_list",
						"dependencyConditions": [
							"Failed"
						]
					}
				],
				"policy": {
					"timeout": "7.00:00:00",
					"retry": 0,
					"retryIntervalInSeconds": 30,
					"secureOutput": false,
					"secureInput": false
				},
				"userProperties": [],
				"typeProperties": {
					"url": "https://prod-17.northeurope.logic.azure.com:443/workflows/b5b00e5596e94affb317290e4964e4a4/triggers/manual/paths/invoke?api-version=2016-10-01&sp=%2Ftriggers%2Fmanual%2Frun&sv=1.0&sig=55j9tHX1WsutSx6HqYyFcX80ICAhwCoE06KuGGetqb8",
					"method": "POST",
					"headers": {
						"Content-Type": "application/json"
					},
					"body": {
						"activity": "sp_insert_wifi_skyfii_profile_marketing_list",
						"message": "@{activity('sp_insert_wifi_skyfii_profile_marketing_list').error.message}",
						"dataFactoryName": "@{pipeline().DataFactory}",
						"pipelineName": "@{pipeline().Pipeline}",
						"FailureNotificationRecipient": "@pipeline().parameters.FailureNotificationRecipient"
					}
				}
			},
			{
				"name": "sp_update_wifi_skyfii_profile_marketing_listFailure",
				"type": "WebActivity",
				"dependsOn": [
					{
						"activity": "sp_update_wifi_skyfii_profile_marketing_list",
						"dependencyConditions": [
							"Failed"
						]
					}
				],
				"policy": {
					"timeout": "7.00:00:00",
					"retry": 0,
					"retryIntervalInSeconds": 30,
					"secureOutput": false,
					"secureInput": false
				},
				"userProperties": [],
				"typeProperties": {
					"url": "https://prod-17.northeurope.logic.azure.com:443/workflows/b5b00e5596e94affb317290e4964e4a4/triggers/manual/paths/invoke?api-version=2016-10-01&sp=%2Ftriggers%2Fmanual%2Frun&sv=1.0&sig=55j9tHX1WsutSx6HqYyFcX80ICAhwCoE06KuGGetqb8",
					"method": "POST",
					"headers": {
						"Content-Type": "application/json"
					},
					"body": {
						"activity": "sp_update_wifi_skyfii_profile_marketing_list",
						"message": "@{activity('sp_update_wifi_skyfii_profile_marketing_list').error.message}",
						"dataFactoryName": "@{pipeline().DataFactory}",
						"pipelineName": "@{pipeline().Pipeline}",
						"FailureNotificationRecipient": "@pipeline().parameters.FailureNotificationRecipient"
					}
				}
			}
		],
		"parameters": {
			"FailureNotificationRecipient": {
				"type": "String",
				"defaultValue": "data.platform@mcarthurglen.com"
			}
		},
		"folder": {
			"name": "SkyFii"
		},
		"annotations": []
	},
	"type": "Microsoft.DataFactory/factories/pipelines"
}