{
	"name": "SkyFiiSpaceUnit",
	"properties": {
		"activities": [
			{
				"name": "CopySkyFiiSpaceUnit",
				"type": "Copy",
				"dependsOn": [],
				"policy": {
					"timeout": "7.00:00:00",
					"retry": 0,
					"retryIntervalInSeconds": 30,
					"secureOutput": false,
					"secureInput": false
				},
				"userProperties": [],
				"typeProperties": {
					"source": {
						"type": "BlobSource",
						"recursive": true
					},
					"sink": {
						"type": "SqlDWSink",
						"allowPolyBase": true,
						"preCopyScript": "TRUNCATE TABLE wifi.skyfii_space_unit;",
						"polyBaseSettings": {
							"rejectValue": 0,
							"rejectType": "value",
							"useTypeDefault": true
						},
						"disableMetricsCollection": false
					},
					"enableStaging": true,
					"stagingSettings": {
						"linkedServiceName": {
							"referenceName": "dataplatformstoragearea",
							"type": "LinkedServiceReference"
						},
						"enableCompression": true
					},
					"translator": {
						"type": "TabularTranslator",
						"columnMappings": {
							"skyfii_space_id": "space_id",
							"magnet_unit_id": "magnet_unit_id"
						}
					}
				},
				"inputs": [
					{
						"referenceName": "BlobStorageSkyFiiSpaceUnit",
						"type": "DatasetReference"
					}
				],
				"outputs": [
					{
						"referenceName": "SQLDataWarehouse_wifi_skyfii_space_unit",
						"type": "DatasetReference"
					}
				]
			}
		],
		"folder": {
			"name": "SkyFii"
		},
		"annotations": []
	},
	"type": "Microsoft.DataFactory/factories/pipelines"
}