{
	"name": "SkyFiiProfilesHistoryUpload",
	"properties": {
		"activities": [
			{
				"name": "CopySkyFiiProfilesHistory",
				"type": "Copy",
				"dependsOn": [],
				"policy": {
					"timeout": "7.00:00:00",
					"retry": 0,
					"retryIntervalInSeconds": 30,
					"secureOutput": false,
					"secureInput": false
				},
				"userProperties": [],
				"typeProperties": {
					"source": {
						"type": "BlobSource",
						"recursive": true
					},
					"sink": {
						"type": "SqlDWSink",
						"allowPolyBase": true,
						"writeBatchSize": 10000,
						"preCopyScript": "TRUNCATE TABLE staging.skyfii_profile_history;",
						"polyBaseSettings": {
							"rejectValue": 0,
							"rejectType": "value",
							"useTypeDefault": true
						}
					},
					"enableStaging": true,
					"stagingSettings": {
						"linkedServiceName": {
							"referenceName": "dataplatformstoragearea",
							"type": "LinkedServiceReference"
						},
						"enableCompression": true
					},
					"dataIntegrationUnits": 0,
					"translator": {
						"type": "TabularTranslator",
						"columnMappings": {
							"networkId": "networkId",
							"termsAcceptanceDate": "termsAcceptanceDate",
							"email": "email",
							"skyfiiId": "skyfiiId",
							"locale": "locale",
							"modified": "modified",
							"lastName": "lastName",
							"firstName": "firstName",
							"operation": "operation",
							"venueId": "venueId",
							"termsAcceptanceVersion": "termsAcceptanceVersion",
							"status": "status",
							"venueName": "venueName",
							"marketingOptIn": "marketingOptIn",
							"model": "model",
							"os": "os",
							"userAgent": "userAgent",
							"brand": "brand",
							"type": "type",
							"deviceId": "deviceId",
							"clientMacAddress": "clientMacAddress",
							"created": "created",
							"gender": "gender",
							"MAG_Acquisition": "MAG_Acquisition",
							"MAG_City": "MAG_City",
							"MAG_Country": "MAG_Country",
							"MAG_Lagnuage": "MAG_Language",
							"MAG_LatestCustomSource": "MAG_LatestCustomSource",
							"MAG_Source": "MAG_Source",
							"Jitterbit": "Jitterbit",
							"LoadResult": "LoadResult"
						}
					}
				},
				"inputs": [
					{
						"referenceName": "BlobStorageSkyfiiProfilesHistory",
						"type": "DatasetReference"
					}
				],
				"outputs": [
					{
						"referenceName": "SQLDataWarehouse_staging_skyfii_profile_history",
						"type": "DatasetReference"
					}
				]
			},
			{
				"name": "CopySkyFiiProfilesHistoryFailure",
				"type": "WebActivity",
				"dependsOn": [
					{
						"activity": "CopySkyFiiProfilesHistory",
						"dependencyConditions": [
							"Failed"
						]
					}
				],
				"policy": {
					"timeout": "7.00:00:00",
					"retry": 0,
					"retryIntervalInSeconds": 30,
					"secureOutput": false,
					"secureInput": false
				},
				"userProperties": [],
				"typeProperties": {
					"url": "https://prod-17.northeurope.logic.azure.com:443/workflows/b5b00e5596e94affb317290e4964e4a4/triggers/manual/paths/invoke?api-version=2016-10-01&sp=%2Ftriggers%2Fmanual%2Frun&sv=1.0&sig=55j9tHX1WsutSx6HqYyFcX80ICAhwCoE06KuGGetqb8",
					"method": "POST",
					"headers": {
						"Content-Type": "application/json"
					},
					"body": {
						"activity": "CopySkyFiiProfilesHistory",
						"message": "@{activity('CopySkyFiiProfilesHistory').error.message}",
						"dataFactoryName": "@{pipeline().DataFactory}",
						"pipelineName": "@{pipeline().Pipeline}",
						"FailureNotificationRecipient": "@pipeline().parameters.FailureNotificationRecipient"
					}
				}
			}
		],
		"parameters": {
			"FailureNotificationRecipient": {
				"type": "String",
				"defaultValue": "data.platform@mcarthurglen.com"
			}
		},
		"folder": {
			"name": "SkyFii"
		},
		"annotations": []
	},
	"type": "Microsoft.DataFactory/factories/pipelines"
}