{
	"name": "SkyFiiVisitZip",
	"properties": {
		"activities": [
			{
				"name": "SkyFiiVisitZipBlobs",
				"type": "Copy",
				"dependsOn": [],
				"policy": {
					"timeout": "7.00:00:00",
					"retry": 0,
					"retryIntervalInSeconds": 30,
					"secureOutput": false,
					"secureInput": false
				},
				"userProperties": [],
				"typeProperties": {
					"source": {
						"type": "BlobSource",
						"recursive": true
					},
					"sink": {
						"type": "BlobSink"
					},
					"enableStaging": false
				},
				"inputs": [
					{
						"referenceName": "BlobStorageSkyFiiVisitUnzipped",
						"type": "DatasetReference"
					}
				],
				"outputs": [
					{
						"referenceName": "BlobStorageSkyFiiVisitZipped",
						"type": "DatasetReference"
					}
				]
			},
			{
				"name": "DeleteZippedSkyFiiVisits",
				"type": "Custom",
				"dependsOn": [
					{
						"activity": "SkyFiiVisitZipBlobs",
						"dependencyConditions": [
							"Succeeded"
						]
					}
				],
				"policy": {
					"timeout": "7.00:00:00",
					"retry": 0,
					"retryIntervalInSeconds": 30,
					"secureOutput": false,
					"secureInput": false
				},
				"userProperties": [],
				"typeProperties": {
					"command": "python delete_zipped_skyfii_visits.py",
					"resourceLinkedService": {
						"referenceName": "dataplatformstoragearea",
						"type": "LinkedServiceReference"
					},
					"folderPath": "scripts",
					"referenceObjects": {
						"linkedServices": [],
						"datasets": []
					}
				},
				"linkedServiceName": {
					"referenceName": "dataplatformbatch",
					"type": "LinkedServiceReference"
				}
			},
			{
				"name": "SkyFiiVisitZipBlobsFailure",
				"type": "WebActivity",
				"dependsOn": [
					{
						"activity": "SkyFiiVisitZipBlobs",
						"dependencyConditions": [
							"Failed"
						]
					}
				],
				"policy": {
					"timeout": "7.00:00:00",
					"retry": 0,
					"retryIntervalInSeconds": 30,
					"secureOutput": false,
					"secureInput": false
				},
				"userProperties": [],
				"typeProperties": {
					"url": "https://prod-17.northeurope.logic.azure.com:443/workflows/b5b00e5596e94affb317290e4964e4a4/triggers/manual/paths/invoke?api-version=2016-10-01&sp=%2Ftriggers%2Fmanual%2Frun&sv=1.0&sig=55j9tHX1WsutSx6HqYyFcX80ICAhwCoE06KuGGetqb8",
					"method": "POST",
					"headers": {
						"Content-Type": "application/json"
					},
					"body": {
						"activity": "SkyFiiVisitZipBlobs",
						"message": "@{activity('SkyFiiVisitZipBlobs').error.message}",
						"dataFactoryName": "@{pipeline().DataFactory}",
						"pipelineName": "@{pipeline().Pipeline}",
						"FailureNotificationRecipient": "@pipeline().parameters.FailureNotificationRecipient"
					}
				}
			},
			{
				"name": "DeleteZippedSkyFiiVisitsFailure",
				"type": "WebActivity",
				"dependsOn": [
					{
						"activity": "DeleteZippedSkyFiiVisits",
						"dependencyConditions": [
							"Failed"
						]
					}
				],
				"policy": {
					"timeout": "7.00:00:00",
					"retry": 0,
					"retryIntervalInSeconds": 30,
					"secureOutput": false,
					"secureInput": false
				},
				"userProperties": [],
				"typeProperties": {
					"url": "https://prod-17.northeurope.logic.azure.com:443/workflows/b5b00e5596e94affb317290e4964e4a4/triggers/manual/paths/invoke?api-version=2016-10-01&sp=%2Ftriggers%2Fmanual%2Frun&sv=1.0&sig=55j9tHX1WsutSx6HqYyFcX80ICAhwCoE06KuGGetqb8",
					"method": "POST",
					"headers": {
						"Content-Type": "application/json"
					},
					"body": {
						"activity": "DeleteZippedSkyFiiVisits",
						"message": "@{activity('DeleteZippedSkyFiiVisits').error.message}",
						"dataFactoryName": "@{pipeline().DataFactory}",
						"pipelineName": "@{pipeline().Pipeline}",
						"FailureNotificationRecipient": "@pipeline().parameters.FailureNotificationRecipient"
					}
				}
			}
		],
		"parameters": {
			"FailureNotificationRecipient": {
				"type": "String",
				"defaultValue": "data.platform@mcarthurglen.com"
			}
		},
		"folder": {
			"name": "SkyFii"
		},
		"annotations": []
	},
	"type": "Microsoft.DataFactory/factories/pipelines"
}