{
	"name": "SkyFiiVenueSpaceUnit",
	"properties": {
		"activities": [
			{
				"name": "SkyFiiVenueSpaceUnit",
				"type": "Copy",
				"dependsOn": [],
				"policy": {
					"timeout": "7.00:00:00",
					"retry": 0,
					"retryIntervalInSeconds": 30,
					"secureOutput": false,
					"secureInput": false
				},
				"userProperties": [],
				"typeProperties": {
					"source": {
						"type": "BlobSource",
						"recursive": true
					},
					"sink": {
						"type": "SqlDWSink",
						"allowPolyBase": true,
						"writeBatchSize": 10000,
						"preCopyScript": "TRUNCATE TABLE staging.skyfii_venue_space_unit",
						"polyBaseSettings": {
							"rejectValue": 0,
							"rejectType": "value",
							"useTypeDefault": true
						}
					},
					"enableStaging": true,
					"stagingSettings": {
						"linkedServiceName": {
							"referenceName": "dataplatformstoragearea",
							"type": "LinkedServiceReference"
						},
						"enableCompression": true
					},
					"translator": {
						"type": "TabularTranslator",
						"columnMappings": {
							"venue_id": "venue_id",
							"space_id": "space_id",
							"property_id": "property_id",
							"unit_name": "unit_name"
						}
					}
				},
				"inputs": [
					{
						"referenceName": "BlobStorageSkyFiiVenueSpaceUnit",
						"type": "DatasetReference"
					}
				],
				"outputs": [
					{
						"referenceName": "SQLDataWarehouse_staging_skyfii_venue_space_unit",
						"type": "DatasetReference"
					}
				]
			}
		],
		"folder": {
			"name": "Other"
		},
		"annotations": []
	},
	"type": "Microsoft.DataFactory/factories/pipelines"
}