{
	"name": "spreadsheet_import",
	"properties": {
		"activities": [
			{
				"name": "spreadsheet_import",
				"type": "Custom",
				"dependsOn": [],
				"policy": {
					"timeout": "7.00:00:00",
					"retry": 0,
					"retryIntervalInSeconds": 30,
					"secureOutput": false,
					"secureInput": false
				},
				"userProperties": [],
				"typeProperties": {
					"command": {
						"value": "python spreadsheet_import.py",
						"type": "Expression"
					},
					"resourceLinkedService": {
						"referenceName": "dataplatformstoragearea",
						"type": "LinkedServiceReference"
					},
					"folderPath": "scripts",
					"referenceObjects": {
						"linkedServices": [],
						"datasets": []
					}
				},
				"linkedServiceName": {
					"referenceName": "dataplatformbatch",
					"type": "LinkedServiceReference"
				}
			},
			{
				"name": "spreadsheet_importFailure",
				"type": "WebActivity",
				"dependsOn": [
					{
						"activity": "spreadsheet_import",
						"dependencyConditions": [
							"Failed"
						]
					}
				],
				"policy": {
					"timeout": "7.00:00:00",
					"retry": 0,
					"retryIntervalInSeconds": 30,
					"secureOutput": false,
					"secureInput": false
				},
				"userProperties": [],
				"typeProperties": {
					"url": "https://prod-17.northeurope.logic.azure.com:443/workflows/b5b00e5596e94affb317290e4964e4a4/triggers/manual/paths/invoke?api-version=2016-10-01&sp=%2Ftriggers%2Fmanual%2Frun&sv=1.0&sig=55j9tHX1WsutSx6HqYyFcX80ICAhwCoE06KuGGetqb8",
					"method": "POST",
					"headers": {
						"Content-Type": "application/json"
					},
					"body": {
						"activity": "spreadsheet_import",
						"message": "@{activity('spreadsheet_import').error.message}",
						"dataFactoryName": "@{pipeline().DataFactory}",
						"pipelineName": "@{pipeline().Pipeline}",
						"FailureNotificationRecipient": "@pipeline().parameters.FailureNotificationRecipient"
					}
				}
			}
		],
		"parameters": {
			"FailureNotificationRecipient": {
				"type": "string",
				"defaultValue": "data.platform@mcarthurglen.com"
			}
		},
		"folder": {
			"name": "Uploads"
		},
		"annotations": []
	},
	"type": "Microsoft.DataFactory/factories/pipelines"
}