{
	"name": "SQLLON04CompassStaging",
	"properties": {
		"activities": [
			{
				"name": "CopyCompassStagingDailySales",
				"type": "Copy",
				"dependsOn": [
					{
						"activity": "CopyCompassStagingCentreClosedDays",
						"dependencyConditions": [
							"Succeeded"
						]
					}
				],
				"policy": {
					"timeout": "7.00:00:00",
					"retry": 0,
					"retryIntervalInSeconds": 30,
					"secureOutput": false,
					"secureInput": false
				},
				"userProperties": [],
				"typeProperties": {
					"source": {
						"type": "SqlSource"
					},
					"sink": {
						"type": "SqlDWSink",
						"allowPolyBase": true,
						"writeBatchSize": 10000,
						"preCopyScript": "TRUNCATE TABLE [SQL-LON-04].DailySales;",
						"polyBaseSettings": {
							"rejectValue": 0,
							"rejectType": "value",
							"useTypeDefault": false
						}
					},
					"enableStaging": true,
					"stagingSettings": {
						"linkedServiceName": {
							"referenceName": "dataplatformstoragearea",
							"type": "LinkedServiceReference"
						},
						"enableCompression": true
					},
					"translator": {
						"type": "TabularTranslator",
						"columnMappings": {
							"DailySales_ID": "DailySales_ID",
							"TheDate": "TheDate",
							"Lease_ID": "Lease_ID",
							"Sales_Net": "Sales_Net",
							"Transactions": "Transactions",
							"Items": "Items",
							"Sales_Gross": "Sales_Gross",
							"Manual_Footfall": "Manual_Footfall",
							"Comments": "Comments",
							"Created_Datetime": "Created_Datetime",
							"Updated_Datetime": "Updated_Datetime",
							"magNET_L4L": "magNET_L4L"
						}
					}
				},
				"inputs": [
					{
						"referenceName": "SQLLON04CompassStagingDailySales",
						"type": "DatasetReference"
					}
				],
				"outputs": [
					{
						"referenceName": "SQLDataWarehouse_sqllon04_dailysales",
						"type": "DatasetReference"
					}
				]
			},
			{
				"name": "CopyCompassStagingBrand",
				"type": "Copy",
				"dependsOn": [],
				"policy": {
					"timeout": "7.00:00:00",
					"retry": 0,
					"retryIntervalInSeconds": 30,
					"secureOutput": false,
					"secureInput": false
				},
				"userProperties": [],
				"typeProperties": {
					"source": {
						"type": "SqlSource"
					},
					"sink": {
						"type": "SqlDWSink",
						"allowPolyBase": true,
						"writeBatchSize": 10000,
						"preCopyScript": "TRUNCATE TABLE [SQL-LON-04].Brand;",
						"polyBaseSettings": {
							"rejectValue": 0,
							"rejectType": "value",
							"useTypeDefault": false
						}
					},
					"enableStaging": true,
					"stagingSettings": {
						"linkedServiceName": {
							"referenceName": "dataplatformstoragearea",
							"type": "LinkedServiceReference"
						},
						"enableCompression": true
					},
					"translator": {
						"type": "TabularTranslator",
						"columnMappings": {
							"Brand_ID": "Brand_ID",
							"Brand_Name": "Brand_Name",
							"magNET_Tenant_ID": "magNET_Tenant_ID",
							"magNET_Tenant_Name": "magNET_Tenant_Name",
							"Brand_Priority": "Brand_Priority",
							"BrandGrouping_ID": "BrandGrouping_ID",
							"SalesCategory_ID": "SalesCategory_ID",
							"Created_Datetime": "Created_Datetime",
							"Updated_Datetime": "Updated_Datetime"
						}
					}
				},
				"inputs": [
					{
						"referenceName": "SQLLON04CompassStagingBrand",
						"type": "DatasetReference"
					}
				],
				"outputs": [
					{
						"referenceName": "SQLDataWarehouse_sqllon04_brand",
						"type": "DatasetReference"
					}
				]
			},
			{
				"name": "CopyCompassStagingLease",
				"type": "Copy",
				"dependsOn": [
					{
						"activity": "CopyCompassStagingDailySales",
						"dependencyConditions": [
							"Succeeded"
						]
					}
				],
				"policy": {
					"timeout": "7.00:00:00",
					"retry": 0,
					"retryIntervalInSeconds": 30,
					"secureOutput": false,
					"secureInput": false
				},
				"userProperties": [],
				"typeProperties": {
					"source": {
						"type": "SqlSource"
					},
					"sink": {
						"type": "SqlDWSink",
						"allowPolyBase": true,
						"writeBatchSize": 10000,
						"preCopyScript": "TRUNCATE TABLE [SQL-LON-04].Lease;",
						"polyBaseSettings": {
							"rejectValue": 0,
							"rejectType": "value",
							"useTypeDefault": false
						}
					},
					"enableStaging": true,
					"stagingSettings": {
						"linkedServiceName": {
							"referenceName": "dataplatformstoragearea",
							"type": "LinkedServiceReference"
						},
						"enableCompression": true
					},
					"translator": {
						"type": "TabularTranslator",
						"columnMappings": {
							"Lease_ID": "Lease_ID",
							"Lease_Start": "Lease_Start",
							"Lease_End": "Lease_End",
							"MRI_LeaseID": "MRI_LeaseID",
							"magNET_LeaseID": "magNET_LeaseID",
							"Rent_Start": "Rent_Start",
							"Vacate_Date": "Vacate_Date",
							"Unit_ID": "Unit_ID",
							"Brand_ID": "Brand_ID",
							"Occupancy_Name": "Occupancy_Name",
							"Legal_Name": "Legal_Name",
							"Sales_Start": "Sales_Start",
							"Sales_End": "Sales_End",
							"Created_Datetime": "Created_Datetime",
							"Updated_Datetime": "Updated_Datetime"
						}
					}
				},
				"inputs": [
					{
						"referenceName": "SQLLON04CompassStagingLease",
						"type": "DatasetReference"
					}
				],
				"outputs": [
					{
						"referenceName": "SQLDataWarehouse_sqllon04_lease",
						"type": "DatasetReference"
					}
				]
			},
			{
				"name": "CopyCompassStagingBuilding",
				"type": "Copy",
				"dependsOn": [
					{
						"activity": "CopyCompassStagingBrandGrouping",
						"dependencyConditions": [
							"Succeeded"
						]
					}
				],
				"policy": {
					"timeout": "7.00:00:00",
					"retry": 0,
					"retryIntervalInSeconds": 30,
					"secureOutput": false,
					"secureInput": false
				},
				"userProperties": [],
				"typeProperties": {
					"source": {
						"type": "SqlSource"
					},
					"sink": {
						"type": "SqlDWSink",
						"allowPolyBase": true,
						"writeBatchSize": 10000,
						"preCopyScript": "TRUNCATE TABLE [SQL-LON-04].Building;",
						"polyBaseSettings": {
							"rejectValue": 0,
							"rejectType": "value",
							"useTypeDefault": false
						}
					},
					"enableStaging": true,
					"stagingSettings": {
						"linkedServiceName": {
							"referenceName": "dataplatformstoragearea",
							"type": "LinkedServiceReference"
						},
						"enableCompression": true
					},
					"translator": {
						"type": "TabularTranslator",
						"columnMappings": {
							"Building_ID": "Building_ID",
							"Building_Name": "Building_Name",
							"MRI_Building_ID": "MRI_Building_ID",
							"magNET_Phase_Group": "magNET_Phase_Group",
							"Centre_ID": "Centre_ID",
							"Created_Datetime": "Created_Datetime",
							"Updated_Datetime": "Updated_Datetime",
							"MRI_Entity_ID": "MRI_Entity_ID"
						}
					}
				},
				"inputs": [
					{
						"referenceName": "SQLLON04CompassStagingBuilding",
						"type": "DatasetReference"
					}
				],
				"outputs": [
					{
						"referenceName": "SQLDataWarehouse_sqllon04_building",
						"type": "DatasetReference"
					}
				]
			},
			{
				"name": "CopyCompassStagingCentre",
				"type": "Copy",
				"dependsOn": [
					{
						"activity": "CopyCompassStagingBuilding",
						"dependencyConditions": [
							"Succeeded"
						]
					}
				],
				"policy": {
					"timeout": "7.00:00:00",
					"retry": 0,
					"retryIntervalInSeconds": 30,
					"secureOutput": false,
					"secureInput": false
				},
				"userProperties": [],
				"typeProperties": {
					"source": {
						"type": "SqlSource"
					},
					"sink": {
						"type": "SqlDWSink",
						"allowPolyBase": true,
						"writeBatchSize": 10000,
						"preCopyScript": "TRUNCATE TABLE [SQL-LON-04].Centre;",
						"polyBaseSettings": {
							"rejectValue": 0,
							"rejectType": "value",
							"useTypeDefault": false
						}
					},
					"enableStaging": true,
					"stagingSettings": {
						"linkedServiceName": {
							"referenceName": "dataplatformstoragearea",
							"type": "LinkedServiceReference"
						},
						"enableCompression": true
					},
					"translator": {
						"type": "TabularTranslator",
						"columnMappings": {
							"Centre_ID": "Centre_ID",
							"Centre_Name": "Centre_Name",
							"DefaultCurrencyCode": "DefaultCurrencyCode",
							"Country_ID": "Country_ID",
							"AreaUnits": "AreaUnits",
							"Created_Datetime": "Created_Datetime",
							"Updated_Datetime": "Updated_Datetime",
							"Board_ID": "Board_ID"
						}
					}
				},
				"inputs": [
					{
						"referenceName": "SQLLON04CompassStagingCentre",
						"type": "DatasetReference"
					}
				],
				"outputs": [
					{
						"referenceName": "SQLDataWarehouse_sqllon04_centre",
						"type": "DatasetReference"
					}
				]
			},
			{
				"name": "CopyCompassStagingPhase",
				"type": "Copy",
				"dependsOn": [
					{
						"activity": "CopyCompassStagingMagNET_Unit_History",
						"dependencyConditions": [
							"Succeeded"
						]
					}
				],
				"policy": {
					"timeout": "7.00:00:00",
					"retry": 0,
					"retryIntervalInSeconds": 30,
					"secureOutput": false,
					"secureInput": false
				},
				"userProperties": [],
				"typeProperties": {
					"source": {
						"type": "SqlSource"
					},
					"sink": {
						"type": "SqlDWSink",
						"allowPolyBase": true,
						"writeBatchSize": 10000,
						"preCopyScript": "TRUNCATE TABLE [SQL-LON-04].Phase;",
						"polyBaseSettings": {
							"rejectValue": 0,
							"rejectType": "value",
							"useTypeDefault": false
						}
					},
					"enableStaging": true,
					"stagingSettings": {
						"linkedServiceName": {
							"referenceName": "dataplatformstoragearea",
							"type": "LinkedServiceReference"
						},
						"enableCompression": true
					},
					"translator": {
						"type": "TabularTranslator",
						"columnMappings": {
							"Phase_ID": "Phase_ID",
							"Phase_Name": "Phase_Name",
							"magNET_Phase_Name": "magNET_Phase_Name",
							"Building_ID": "Building_ID",
							"Created_Datetime": "Created_Datetime",
							"Updated_Datetime": "Updated_Datetime"
						}
					}
				},
				"inputs": [
					{
						"referenceName": "SQLLON04CompassStagingPhase",
						"type": "DatasetReference"
					}
				],
				"outputs": [
					{
						"referenceName": "SQLDataWarehouse_sqllon04_phase",
						"type": "DatasetReference"
					}
				]
			},
			{
				"name": "CopyCompassStagingCentreClosedDays",
				"type": "Copy",
				"dependsOn": [
					{
						"activity": "CopyCompassStagingCentre",
						"dependencyConditions": [
							"Succeeded"
						]
					}
				],
				"policy": {
					"timeout": "7.00:00:00",
					"retry": 0,
					"retryIntervalInSeconds": 30,
					"secureOutput": false,
					"secureInput": false
				},
				"userProperties": [],
				"typeProperties": {
					"source": {
						"type": "SqlSource"
					},
					"sink": {
						"type": "SqlDWSink",
						"allowPolyBase": true,
						"writeBatchSize": 10000,
						"preCopyScript": "TRUNCATE TABLE [SQL-LON-04].CentreDaysClosed;",
						"polyBaseSettings": {
							"rejectValue": 0,
							"rejectType": "value",
							"useTypeDefault": false
						}
					},
					"enableStaging": true,
					"stagingSettings": {
						"linkedServiceName": {
							"referenceName": "dataplatformstoragearea",
							"type": "LinkedServiceReference"
						},
						"enableCompression": true
					},
					"translator": {
						"type": "TabularTranslator",
						"columnMappings": {
							"CentreClosed_ID": "CentreClosed_ID",
							"TheDate": "TheDate",
							"Centre_ID": "Centre_ID",
							"Created_Datetime": "Created_Datetime",
							"Updated_Datetime": "Updated_Datetime"
						}
					}
				},
				"inputs": [
					{
						"referenceName": "SQLLON04CompassStagingCentreDaysClosed",
						"type": "DatasetReference"
					}
				],
				"outputs": [
					{
						"referenceName": "SQLDataWarehouse_sqllon04_centredaysclosed",
						"type": "DatasetReference"
					}
				]
			},
			{
				"name": "CopyCompassStagingUnit",
				"type": "Copy",
				"dependsOn": [
					{
						"activity": "CopyCompassStagingPhase",
						"dependencyConditions": [
							"Succeeded"
						]
					}
				],
				"policy": {
					"timeout": "7.00:00:00",
					"retry": 0,
					"retryIntervalInSeconds": 30,
					"secureOutput": false,
					"secureInput": false
				},
				"userProperties": [],
				"typeProperties": {
					"source": {
						"type": "SqlSource"
					},
					"sink": {
						"type": "SqlDWSink",
						"allowPolyBase": true,
						"writeBatchSize": 10000,
						"preCopyScript": "TRUNCATE TABLE [SQL-LON-04].Unit;",
						"polyBaseSettings": {
							"rejectValue": 0,
							"rejectType": "value",
							"useTypeDefault": false
						}
					},
					"enableStaging": true,
					"stagingSettings": {
						"linkedServiceName": {
							"referenceName": "dataplatformstoragearea",
							"type": "LinkedServiceReference"
						},
						"enableCompression": true
					},
					"translator": {
						"type": "TabularTranslator",
						"columnMappings": {
							"Unit_ID": "Unit_ID",
							"Unit_Name": "Unit_Name",
							"Unit_Ref": "Unit_Ref",
							"Phase_ID": "Phase_ID",
							"Source": "Source",
							"Created_Datetime": "Created_Datetime",
							"Updated_Datetime": "Updated_Datetime",
							"magNET_Unit_ID": "magNET_Unit_ID",
							"magNET_LEASE_ID": "magNET_LEASE_ID"
						}
					}
				},
				"inputs": [
					{
						"referenceName": "SQLLON04CompassStagingUnit",
						"type": "DatasetReference"
					}
				],
				"outputs": [
					{
						"referenceName": "SQLDataWarehouse_sqllon04_unit",
						"type": "DatasetReference"
					}
				]
			},
			{
				"name": "CopyCompassStagingUnitAreaHistrory",
				"type": "Copy",
				"dependsOn": [
					{
						"activity": "CopyCompassStagingUnit",
						"dependencyConditions": [
							"Succeeded"
						]
					}
				],
				"policy": {
					"timeout": "7.00:00:00",
					"retry": 0,
					"retryIntervalInSeconds": 30,
					"secureOutput": false,
					"secureInput": false
				},
				"userProperties": [],
				"typeProperties": {
					"source": {
						"type": "SqlSource"
					},
					"sink": {
						"type": "SqlDWSink",
						"allowPolyBase": true,
						"writeBatchSize": 10000,
						"preCopyScript": "TRUNCATE TABLE [SQL-LON-04].UnitAreaHistory;",
						"polyBaseSettings": {
							"rejectValue": 0,
							"rejectType": "value",
							"useTypeDefault": false
						}
					},
					"enableStaging": true,
					"stagingSettings": {
						"linkedServiceName": {
							"referenceName": "dataplatformstoragearea",
							"type": "LinkedServiceReference"
						},
						"enableCompression": true
					},
					"translator": {
						"type": "TabularTranslator",
						"columnMappings": {
							"Unit_Area_History_ID": "Unit_Area_History_ID",
							"AreaFT": "AreaFT",
							"AreaM": "AreaM",
							"Effective_From": "Effective_From",
							"AreaFT_Leased": "AreaFT_Leased",
							"AreaM_Leased": "AreaM_Leased",
							"Unit_ID": "Unit_ID",
							"Created_Datetime": "Created_Datetime",
							"Updated_Datetime": "Updated_Datetime"
						}
					}
				},
				"inputs": [
					{
						"referenceName": "SQLLON04CompassStagingUnitAreaHistory",
						"type": "DatasetReference"
					}
				],
				"outputs": [
					{
						"referenceName": "SQLDataWarehouse_sqllon04_unitareahistory",
						"type": "DatasetReference"
					}
				]
			},
			{
				"name": "CopyCompassStagingUnitAreaTracker",
				"type": "Copy",
				"dependsOn": [
					{
						"activity": "CopyCompassStagingUnitAreaHistrory",
						"dependencyConditions": [
							"Succeeded"
						]
					}
				],
				"policy": {
					"timeout": "7.00:00:00",
					"retry": 0,
					"retryIntervalInSeconds": 30,
					"secureOutput": false,
					"secureInput": false
				},
				"userProperties": [],
				"typeProperties": {
					"source": {
						"type": "SqlSource"
					},
					"sink": {
						"type": "SqlDWSink",
						"allowPolyBase": true,
						"writeBatchSize": 10000,
						"preCopyScript": "TRUNCATE TABLE [SQL-LON-04].UnitAreaTracker;",
						"polyBaseSettings": {
							"rejectValue": 0,
							"rejectType": "value",
							"useTypeDefault": false
						}
					},
					"enableStaging": true,
					"stagingSettings": {
						"linkedServiceName": {
							"referenceName": "dataplatformstoragearea",
							"type": "LinkedServiceReference"
						},
						"enableCompression": true
					},
					"translator": {
						"type": "TabularTranslator",
						"columnMappings": {
							"UnitAreaTracker_ID": "UnitAreaTracker_ID",
							"TheDate": "TheDate",
							"Unit_ID": "Unit_ID",
							"AreaFT": "AreaFT",
							"AreaM": "AreaM"
						}
					}
				},
				"inputs": [
					{
						"referenceName": "SQLLON04CompassStagingUnitAreaTracker",
						"type": "DatasetReference"
					}
				],
				"outputs": [
					{
						"referenceName": "SQLDataWarehouse_sqllon04_unitareatracker",
						"type": "DatasetReference"
					}
				]
			},
			{
				"name": "CopyCompassStagingBrandGrouping",
				"type": "Copy",
				"dependsOn": [
					{
						"activity": "CopyCompassStagingBrand",
						"dependencyConditions": [
							"Succeeded"
						]
					}
				],
				"policy": {
					"timeout": "7.00:00:00",
					"retry": 0,
					"retryIntervalInSeconds": 30,
					"secureOutput": false,
					"secureInput": false
				},
				"userProperties": [],
				"typeProperties": {
					"source": {
						"type": "SqlSource"
					},
					"sink": {
						"type": "SqlDWSink",
						"allowPolyBase": true,
						"writeBatchSize": 10000,
						"preCopyScript": "TRUNCATE TABLE [SQL-LON-04].BrandGrouping;",
						"polyBaseSettings": {
							"rejectValue": 0,
							"rejectType": "value",
							"useTypeDefault": false
						}
					},
					"enableStaging": true,
					"stagingSettings": {
						"linkedServiceName": {
							"referenceName": "dataplatformstoragearea",
							"type": "LinkedServiceReference"
						},
						"enableCompression": true
					},
					"translator": {
						"type": "TabularTranslator",
						"columnMappings": {
							"BrandGrouping_ID": "BrandGrouping_ID",
							"Grouping_Name": "Grouping_Name",
							"magNET_Grouping_ID": "magNET_Grouping_ID",
							"Created_Datetime": "Created_Datetime",
							"Updated_Datetime": "Updated_Datetime"
						}
					}
				},
				"inputs": [
					{
						"referenceName": "SQLLON04CompassStagingBrandGrouping",
						"type": "DatasetReference"
					}
				],
				"outputs": [
					{
						"referenceName": "SQLDataWarehouse_sqllon04_brandgrouping",
						"type": "DatasetReference"
					}
				]
			},
			{
				"name": "CopyCompassStagingMagNET_Unit_History",
				"type": "Copy",
				"dependsOn": [
					{
						"activity": "CopyCompassStagingLease",
						"dependencyConditions": [
							"Succeeded"
						]
					}
				],
				"policy": {
					"timeout": "7.00:00:00",
					"retry": 0,
					"retryIntervalInSeconds": 30,
					"secureOutput": false,
					"secureInput": false
				},
				"userProperties": [],
				"typeProperties": {
					"source": {
						"type": "SqlSource"
					},
					"sink": {
						"type": "SqlDWSink",
						"allowPolyBase": true,
						"writeBatchSize": 10000,
						"preCopyScript": "TRUNCATE TABLE [SQL-LON-04].magNET_Unit_History;",
						"polyBaseSettings": {
							"rejectValue": 0,
							"rejectType": "value",
							"useTypeDefault": false
						}
					},
					"enableStaging": true,
					"stagingSettings": {
						"linkedServiceName": {
							"referenceName": "dataplatformstoragearea",
							"type": "LinkedServiceReference"
						},
						"enableCompression": true
					},
					"translator": {
						"type": "TabularTranslator",
						"columnMappings": {
							"magNET_Unit_History_ID": "magNET_Unit_History_ID",
							"UnitID": "UnitID",
							"UnitRef": "UnitRef",
							"UnitName": "UnitName",
							"AreaFT": "AreaFT",
							"AreaM": "AreaM",
							"Effective_From": "Effective_From",
							"Phase_ID": "Phase_ID",
							"Processed_Unit": "Processed_Unit",
							"Processed_Area": "Processed_Area",
							"Created_Datetime": "Created_Datetime",
							"Updated_Datetime": "Updated_Datetime",
							"magNET_Lease_ID": "magNET_Lease_ID"
						}
					}
				},
				"inputs": [
					{
						"referenceName": "SQLLON04CompassStagingMagNET_Unit_History",
						"type": "DatasetReference"
					}
				],
				"outputs": [
					{
						"referenceName": "SQLDataWarehouse_sqllon04_magnet_unit_history",
						"type": "DatasetReference"
					}
				]
			},
			{
				"name": "CopyCompassStagingSalesCategory",
				"type": "Copy",
				"dependsOn": [
					{
						"activity": "CopyCompassStagingUnitAreaTracker",
						"dependencyConditions": [
							"Succeeded"
						]
					}
				],
				"policy": {
					"timeout": "7.00:00:00",
					"retry": 0,
					"retryIntervalInSeconds": 30,
					"secureOutput": false,
					"secureInput": false
				},
				"userProperties": [],
				"typeProperties": {
					"source": {
						"type": "SqlServerSource"
					},
					"sink": {
						"type": "SqlDWSink",
						"allowPolyBase": true,
						"writeBatchSize": 10000,
						"preCopyScript": "TRUNCATE TABLE [SQL-LON-04].SalesCategory;",
						"polyBaseSettings": {
							"rejectValue": 0,
							"rejectType": "value",
							"useTypeDefault": false
						}
					},
					"enableStaging": true,
					"stagingSettings": {
						"linkedServiceName": {
							"referenceName": "dataplatformstoragearea",
							"type": "LinkedServiceReference"
						},
						"enableCompression": true
					},
					"translator": {
						"type": "TabularTranslator",
						"columnMappings": {
							"SalesCategory_ID": "SalesCategory_ID",
							"SalesCategory_Name": "SalesCategory_Name",
							"Created_Datetime": "Created_Datetime",
							"Updated_Datetime": "Updated_Datetime"
						}
					}
				},
				"inputs": [
					{
						"referenceName": "SQLLON04CompassStagingSalesCategory",
						"type": "DatasetReference"
					}
				],
				"outputs": [
					{
						"referenceName": "SQLDataWarehouse_sqllon04_salescategory",
						"type": "DatasetReference"
					}
				]
			},
			{
				"name": "CopyCompassStagingCPC_CounterType",
				"type": "Copy",
				"dependsOn": [
					{
						"activity": "CopyCompassStagingSalesCategory",
						"dependencyConditions": [
							"Succeeded"
						]
					}
				],
				"policy": {
					"timeout": "7.00:00:00",
					"retry": 0,
					"retryIntervalInSeconds": 30,
					"secureOutput": false,
					"secureInput": false
				},
				"userProperties": [],
				"typeProperties": {
					"source": {
						"type": "SqlServerSource"
					},
					"sink": {
						"type": "SqlDWSink",
						"allowPolyBase": true,
						"writeBatchSize": 10000,
						"preCopyScript": "TRUNCATE TABLE [SQL-LON-04].CPC_CounterType;",
						"polyBaseSettings": {
							"rejectValue": 0,
							"rejectType": "value",
							"useTypeDefault": false
						}
					},
					"enableStaging": true,
					"stagingSettings": {
						"linkedServiceName": {
							"referenceName": "dataplatformstoragearea",
							"type": "LinkedServiceReference"
						},
						"enableCompression": true
					},
					"translator": {
						"type": "TabularTranslator",
						"columnMappings": {
							"CPC_CounterType_ID": "CPC_CounterType_ID",
							"Counter_ID": "Counter_ID",
							"Counter_Type": "Counter_Type",
							"Counter_Group": "Counter_Group",
							"Counter_Description": "Counter_Description",
							"FilExt": "FilExt",
							"DataCol": "DataCol",
							"Centre_ID": "Centre_ID",
							"Created_Datetime": "Created_Datetime",
							"Updated_Datetime": "Updated_Datetime"
						}
					}
				},
				"inputs": [
					{
						"referenceName": "SQLLON04CompassStagingCPC_CounterType",
						"type": "DatasetReference"
					}
				],
				"outputs": [
					{
						"referenceName": "SQLDataWarehouse_sqllon04_cpc_countertype",
						"type": "DatasetReference"
					}
				]
			},
			{
				"name": "CopyCompassStagingUnitPeopleCount",
				"type": "Copy",
				"dependsOn": [
					{
						"activity": "CopyCompassStagingCPC_CounterType",
						"dependencyConditions": [
							"Succeeded"
						]
					}
				],
				"policy": {
					"timeout": "7.00:00:00",
					"retry": 0,
					"retryIntervalInSeconds": 30,
					"secureOutput": false,
					"secureInput": false
				},
				"userProperties": [],
				"typeProperties": {
					"source": {
						"type": "SqlServerSource"
					},
					"sink": {
						"type": "SqlDWSink",
						"allowPolyBase": true,
						"writeBatchSize": 10000,
						"preCopyScript": "TRUNCATE TABLE [SQL-LON-04].UnitPeopleCount;",
						"polyBaseSettings": {
							"rejectValue": 0,
							"rejectType": "value",
							"useTypeDefault": false
						}
					},
					"enableStaging": true,
					"stagingSettings": {
						"linkedServiceName": {
							"referenceName": "dataplatformstoragearea",
							"type": "LinkedServiceReference"
						},
						"enableCompression": true
					},
					"translator": {
						"type": "TabularTranslator",
						"columnMappings": {
							"UnitPeopleCount_ID": "UnitPeopleCount_ID",
							"TheDate": "TheDate",
							"TheDateTime": "TheDateTime",
							"InCount": "InCount",
							"OutCount": "OutCount",
							"Unit_ID": "Unit_ID",
							"Created_Datetime": "Created_Datetime",
							"Updated_Datetime": "Updated_Datetime"
						}
					}
				},
				"inputs": [
					{
						"referenceName": "SQLLON04CompassStagingUnitPeopleCount",
						"type": "DatasetReference"
					}
				],
				"outputs": [
					{
						"referenceName": "SQLDataWarehouse_sqllon04_unitpeoplecount",
						"type": "DatasetReference"
					}
				]
			},
			{
				"name": "CopyCompassStagingCentrePeopleCount",
				"type": "Copy",
				"dependsOn": [
					{
						"activity": "CopyCompassStagingUnitPeopleCount",
						"dependencyConditions": [
							"Succeeded"
						]
					}
				],
				"policy": {
					"timeout": "7.00:00:00",
					"retry": 0,
					"retryIntervalInSeconds": 30,
					"secureOutput": false,
					"secureInput": false
				},
				"userProperties": [],
				"typeProperties": {
					"source": {
						"type": "SqlServerSource"
					},
					"sink": {
						"type": "SqlDWSink",
						"allowPolyBase": true,
						"writeBatchSize": 10000,
						"preCopyScript": "TRUNCATE TABLE [SQL-LON-04].CentrePeopleCount;",
						"polyBaseSettings": {
							"rejectValue": 0,
							"rejectType": "value",
							"useTypeDefault": false
						}
					},
					"enableStaging": true,
					"stagingSettings": {
						"linkedServiceName": {
							"referenceName": "dataplatformstoragearea",
							"type": "LinkedServiceReference"
						},
						"enableCompression": true
					},
					"translator": {
						"type": "TabularTranslator",
						"columnMappings": {
							"CentrePeopleCount_ID": "CentrePeopleCount_ID",
							"TheDate": "TheDate",
							"TheDateTime": "TheDateTime",
							"Centre_ID": "Centre_ID",
							"Description": "Description",
							"InCount": "InCount",
							"OutCount": "OutCount",
							"CentrePeopleCountType_ID": "CentrePeopleCountType_ID",
							"Created_Datetime": "Created_Datetime",
							"Updated_Datetime": "Updated_Datetime",
							"CPC_CounterType_ID": "CPC_CounterType_ID"
						}
					}
				},
				"inputs": [
					{
						"referenceName": "SQLLON04CompassStagingCentrePeopleCount",
						"type": "DatasetReference"
					}
				],
				"outputs": [
					{
						"referenceName": "SQLDataWarehouse_sqllon04_centrepeoplecount",
						"type": "DatasetReference"
					}
				]
			},
			{
				"name": "CopyCompassStagingDailySales_ExtendedHours",
				"type": "Copy",
				"dependsOn": [
					{
						"activity": "CopyCompassStagingCentrePeopleCount",
						"dependencyConditions": [
							"Succeeded"
						]
					}
				],
				"policy": {
					"timeout": "7.00:00:00",
					"retry": 0,
					"retryIntervalInSeconds": 30,
					"secureOutput": false,
					"secureInput": false
				},
				"userProperties": [],
				"typeProperties": {
					"source": {
						"type": "SqlServerSource"
					},
					"sink": {
						"type": "SqlDWSink",
						"allowPolyBase": true,
						"writeBatchSize": 10000,
						"preCopyScript": "TRUNCATE TABLE [SQL-LON-04].DailySales_ExtendedHours;",
						"polyBaseSettings": {
							"rejectValue": 0,
							"rejectType": "value",
							"useTypeDefault": false
						}
					},
					"enableStaging": true,
					"stagingSettings": {
						"linkedServiceName": {
							"referenceName": "dataplatformstoragearea",
							"type": "LinkedServiceReference"
						},
						"enableCompression": true
					},
					"translator": {
						"type": "TabularTranslator",
						"columnMappings": {
							"SalesExtendedHours_ID": "SalesExtendedHours_ID",
							"TheDate": "TheDate",
							"Lease_ID": "Lease_ID",
							"TimeKey": "TimeKey",
							"StartTime": "StartTime",
							"EndTime": "EndTime",
							"Sales_Net": "Sales_Net",
							"Created_Datetime": "Created_Datetime",
							"Updated_Datetime": "Updated_Datetime"
						}
					}
				},
				"inputs": [
					{
						"referenceName": "SQLLON04CompassStagingDailySales_ExtendedHours",
						"type": "DatasetReference"
					}
				],
				"outputs": [
					{
						"referenceName": "SQLDataWarehouse_sqllon04_dailysales_extendedhours",
						"type": "DatasetReference"
					}
				]
			},
			{
				"name": "CopyCompassStagingCentreFootfallTotal",
				"type": "Copy",
				"dependsOn": [
					{
						"activity": "CopyCompassStagingDailySales_ExtendedHours",
						"dependencyConditions": [
							"Succeeded"
						]
					}
				],
				"policy": {
					"timeout": "7.00:00:00",
					"retry": 0,
					"retryIntervalInSeconds": 30,
					"secureOutput": false,
					"secureInput": false
				},
				"userProperties": [],
				"typeProperties": {
					"source": {
						"type": "SqlServerSource"
					},
					"sink": {
						"type": "SqlDWSink",
						"allowPolyBase": true,
						"writeBatchSize": 10000,
						"preCopyScript": "TRUNCATE TABLE [SQL-LON-04].CentreFootfallTotal;",
						"polyBaseSettings": {
							"rejectValue": 0,
							"rejectType": "value",
							"useTypeDefault": false
						}
					},
					"enableStaging": true,
					"stagingSettings": {
						"linkedServiceName": {
							"referenceName": "dataplatformstoragearea",
							"type": "LinkedServiceReference"
						},
						"enableCompression": true
					},
					"translator": {
						"type": "TabularTranslator",
						"columnMappings": {
							"CentreFootfallTotal_ID": "CentreFootfallTotal_ID",
							"Centre_ID": "Centre_ID",
							"TheDate": "TheDate",
							"Footfall": "Footfall",
							"FootfallBudget": "FootfallBudget",
							"Created_Datetime": "Created_Datetime",
							"Updated_Datetime": "Updated_Datetime"
						}
					}
				},
				"inputs": [
					{
						"referenceName": "SQLLON04CompassStagingCentreFootfallTotal",
						"type": "DatasetReference"
					}
				],
				"outputs": [
					{
						"referenceName": "SQLDataWarehouse_sqllon04_centrefootfalltotal",
						"type": "DatasetReference"
					}
				]
			},
			{
				"name": "CopyCompassStagingNationality",
				"type": "Copy",
				"dependsOn": [
					{
						"activity": "CopyCompassStagingCentreFootfallTotal",
						"dependencyConditions": [
							"Succeeded"
						]
					}
				],
				"policy": {
					"timeout": "7.00:00:00",
					"retry": 0,
					"retryIntervalInSeconds": 30,
					"secureOutput": false,
					"secureInput": false
				},
				"userProperties": [],
				"typeProperties": {
					"source": {
						"type": "SqlServerSource"
					},
					"sink": {
						"type": "SqlDWSink",
						"allowPolyBase": true,
						"writeBatchSize": 10000,
						"preCopyScript": "TRUNCATE TABLE [SQL-LON-04].Nationality;",
						"polyBaseSettings": {
							"rejectValue": 0,
							"rejectType": "value",
							"useTypeDefault": false
						}
					},
					"enableStaging": true,
					"stagingSettings": {
						"linkedServiceName": {
							"referenceName": "dataplatformstoragearea",
							"type": "LinkedServiceReference"
						},
						"enableCompression": true
					},
					"translator": {
						"type": "TabularTranslator",
						"columnMappings": {
							"Nationality_ID": "Nationality_ID",
							"Nationality_Name": "Nationality_Name",
							"NationalityGroup_ID": "NationalityGroup_ID",
							"magNET_ID": "magNET_ID",
							"Created_Datetime": "Created_Datetime",
							"Updated_Datetime": "Updated_Datetime"
						}
					}
				},
				"inputs": [
					{
						"referenceName": "SQLLON04CompassStagingNationality",
						"type": "DatasetReference"
					}
				],
				"outputs": [
					{
						"referenceName": "SQLDataWarehouse_sqllon04_nationality",
						"type": "DatasetReference"
					}
				]
			},
			{
				"name": "CopyCompassStagingNationalityGroup",
				"type": "Copy",
				"dependsOn": [
					{
						"activity": "CopyCompassStagingNationality",
						"dependencyConditions": [
							"Succeeded"
						]
					}
				],
				"policy": {
					"timeout": "7.00:00:00",
					"retry": 0,
					"retryIntervalInSeconds": 30,
					"secureOutput": false,
					"secureInput": false
				},
				"userProperties": [],
				"typeProperties": {
					"source": {
						"type": "SqlServerSource"
					},
					"sink": {
						"type": "SqlDWSink",
						"allowPolyBase": true,
						"writeBatchSize": 10000,
						"preCopyScript": "TRUNCATE TABLE [SQL-LON-04].NationalityGroup;",
						"polyBaseSettings": {
							"rejectValue": 0,
							"rejectType": "value",
							"useTypeDefault": false
						}
					},
					"enableStaging": true,
					"stagingSettings": {
						"linkedServiceName": {
							"referenceName": "dataplatformstoragearea",
							"type": "LinkedServiceReference"
						},
						"enableCompression": true
					},
					"translator": {
						"type": "TabularTranslator",
						"columnMappings": {
							"NationalityGroup_ID": "NationalityGroup_ID",
							"NationalityGroup_Name": "NationalityGroup_Name"
						}
					}
				},
				"inputs": [
					{
						"referenceName": "SQLLON04CompassStagingNationalityGroup",
						"type": "DatasetReference"
					}
				],
				"outputs": [
					{
						"referenceName": "SQLDataWarehouse_sqllon04_nationalitygroup",
						"type": "DatasetReference"
					}
				]
			},
			{
				"name": "CopyCompassStagingTaxFreeProvider",
				"type": "Copy",
				"dependsOn": [
					{
						"activity": "CopyCompassStagingNationalityGroup",
						"dependencyConditions": [
							"Succeeded"
						]
					}
				],
				"policy": {
					"timeout": "7.00:00:00",
					"retry": 0,
					"retryIntervalInSeconds": 30,
					"secureOutput": false,
					"secureInput": false
				},
				"userProperties": [],
				"typeProperties": {
					"source": {
						"type": "SqlServerSource"
					},
					"sink": {
						"type": "SqlDWSink",
						"allowPolyBase": true,
						"writeBatchSize": 10000,
						"preCopyScript": "TRUNCATE TABLE [SQL-LON-04].TaxFreeProvider;",
						"polyBaseSettings": {
							"rejectValue": 0,
							"rejectType": "value",
							"useTypeDefault": false
						}
					},
					"enableStaging": true,
					"stagingSettings": {
						"linkedServiceName": {
							"referenceName": "dataplatformstoragearea",
							"type": "LinkedServiceReference"
						},
						"enableCompression": true
					},
					"translator": {
						"type": "TabularTranslator",
						"columnMappings": {
							"TaxFreeProvider_ID": "TaxFreeProvider_ID",
							"TaxFreeProvider_Name": "TaxFreeProvider_Name"
						}
					}
				},
				"inputs": [
					{
						"referenceName": "SQLLON04CompassStagingTaxFreeProvider",
						"type": "DatasetReference"
					}
				],
				"outputs": [
					{
						"referenceName": "SQLDataWarehouse_sqllon04_taxfreeprovider",
						"type": "DatasetReference"
					}
				]
			},
			{
				"name": "CopyCompassStagingTaxFreeSales",
				"type": "Copy",
				"dependsOn": [
					{
						"activity": "CopyCompassStagingTaxFreeProvider",
						"dependencyConditions": [
							"Succeeded"
						]
					}
				],
				"policy": {
					"timeout": "7.00:00:00",
					"retry": 0,
					"retryIntervalInSeconds": 30,
					"secureOutput": false,
					"secureInput": false
				},
				"userProperties": [],
				"typeProperties": {
					"source": {
						"type": "SqlServerSource"
					},
					"sink": {
						"type": "SqlDWSink",
						"allowPolyBase": true,
						"writeBatchSize": 10000,
						"preCopyScript": "TRUNCATE TABLE [SQL-LON-04].TaxFreeSales;",
						"polyBaseSettings": {
							"rejectValue": 0,
							"rejectType": "value",
							"useTypeDefault": false
						}
					},
					"enableStaging": true,
					"stagingSettings": {
						"linkedServiceName": {
							"referenceName": "dataplatformstoragearea",
							"type": "LinkedServiceReference"
						},
						"enableCompression": true
					},
					"translator": {
						"type": "TabularTranslator",
						"columnMappings": {
							"TaxFreeSales_ID": "TaxFreeSales_ID",
							"TheDate": "TheDate",
							"Period": "Period",
							"Centre_ID": "Centre_ID",
							"Nationality_ID": "Nationality_ID",
							"TaxFreeProvider_ID": "TaxFreeProvider_ID",
							"Sales": "Sales",
							"Transactions": "Transactions",
							"Created_Datetime": "Created_Datetime",
							"Updated_Datetime": "Updated_Datetime"
						}
					}
				},
				"inputs": [
					{
						"referenceName": "SQLLON04CompassStagingTaxFreeSales",
						"type": "DatasetReference"
					}
				],
				"outputs": [
					{
						"referenceName": "SQLDataWarehouse_sqllon04_taxfreesales",
						"type": "DatasetReference"
					}
				]
			},
			{
				"name": "CopyCompassStagingDailyPlanner",
				"type": "Copy",
				"dependsOn": [
					{
						"activity": "CopyCompassStagingTaxFreeSales",
						"dependencyConditions": [
							"Succeeded"
						]
					}
				],
				"policy": {
					"timeout": "7.00:00:00",
					"retry": 0,
					"retryIntervalInSeconds": 30,
					"secureOutput": false,
					"secureInput": false
				},
				"userProperties": [],
				"typeProperties": {
					"source": {
						"type": "SqlServerSource"
					},
					"sink": {
						"type": "SqlDWSink",
						"allowPolyBase": true,
						"writeBatchSize": 10000,
						"preCopyScript": "TRUNCATE TABLE [SQL-LON-04].DailyPlanner;",
						"polyBaseSettings": {
							"rejectValue": 0,
							"rejectType": "value",
							"useTypeDefault": false
						}
					},
					"enableStaging": true,
					"stagingSettings": {
						"linkedServiceName": {
							"referenceName": "dataplatformstoragearea",
							"type": "LinkedServiceReference"
						},
						"enableCompression": true
					},
					"translator": {
						"type": "TabularTranslator",
						"columnMappings": {
							"DailyPlanner_ID": "DailyPlanner_ID",
							"Centre_ID": "Centre_ID",
							"TheDate": "TheDate",
							"percentage": "percentage",
							"Created_Datetime": "Created_Datetime",
							"Updated_Datetime": "Updated_Datetime"
						}
					}
				},
				"inputs": [
					{
						"referenceName": "SQLLON04CompassStagingDailyPlanner",
						"type": "DatasetReference"
					}
				],
				"outputs": [
					{
						"referenceName": "SQLDataWarehouse_sqllon04_dailyplanner",
						"type": "DatasetReference"
					}
				]
			},
			{
				"name": "CopyCompassStagingDailySalesBudget",
				"type": "Copy",
				"dependsOn": [
					{
						"activity": "CopyCompassStagingDailyPlanner",
						"dependencyConditions": [
							"Succeeded"
						]
					}
				],
				"policy": {
					"timeout": "7.00:00:00",
					"retry": 0,
					"retryIntervalInSeconds": 30,
					"secureOutput": false,
					"secureInput": false
				},
				"userProperties": [],
				"typeProperties": {
					"source": {
						"type": "SqlServerSource"
					},
					"sink": {
						"type": "SqlDWSink",
						"allowPolyBase": true,
						"writeBatchSize": 10000,
						"preCopyScript": "TRUNCATE TABLE [SQL-LON-04].DailySalesBudget;",
						"polyBaseSettings": {
							"rejectValue": 0,
							"rejectType": "value",
							"useTypeDefault": false
						}
					},
					"enableStaging": true,
					"stagingSettings": {
						"linkedServiceName": {
							"referenceName": "dataplatformstoragearea",
							"type": "LinkedServiceReference"
						},
						"enableCompression": true
					},
					"translator": {
						"type": "TabularTranslator",
						"columnMappings": {
							"DailySalesBudget_ID": "DailySalesBudget_ID",
							"Centre_ID": "Centre_ID",
							"Unit_ID": "Unit_ID",
							"Brand_ID": "Brand_ID",
							"TheDate": "TheDate",
							"Budget": "Budget",
							"Year": "Year",
							"Created_Datetime": "Created_Datetime",
							"Updated_Datetime": "Updated_Datetime"
						}
					}
				},
				"inputs": [
					{
						"referenceName": "SQLLON04CompassStagingDailySalesBudget",
						"type": "DatasetReference"
					}
				],
				"outputs": [
					{
						"referenceName": "SQLDataWarehouse_sqllon04_dailysalesbudget",
						"type": "DatasetReference"
					}
				]
			},
			{
				"name": "CopyCompassStagingWeeklySalesBudget",
				"type": "Copy",
				"dependsOn": [
					{
						"activity": "CopyCompassStagingDailySalesBudget",
						"dependencyConditions": [
							"Succeeded"
						]
					}
				],
				"policy": {
					"timeout": "7.00:00:00",
					"retry": 0,
					"retryIntervalInSeconds": 30,
					"secureOutput": false,
					"secureInput": false
				},
				"userProperties": [],
				"typeProperties": {
					"source": {
						"type": "SqlServerSource"
					},
					"sink": {
						"type": "SqlDWSink",
						"allowPolyBase": true,
						"writeBatchSize": 10000,
						"preCopyScript": "TRUNCATE TABLE [SQL-LON-04].WeeklySalesBudget;",
						"polyBaseSettings": {
							"rejectValue": 0,
							"rejectType": "value",
							"useTypeDefault": false
						}
					},
					"enableStaging": true,
					"stagingSettings": {
						"linkedServiceName": {
							"referenceName": "dataplatformstoragearea",
							"type": "LinkedServiceReference"
						},
						"enableCompression": true
					},
					"translator": {
						"type": "TabularTranslator",
						"columnMappings": {
							"WeeklySalesBudget_ID": "WeeklySalesBudget_ID",
							"Centre_ID": "Centre_ID",
							"Unit_ID": "Unit_ID",
							"Brand_ID": "Brand_ID",
							"TheDate": "TheDate",
							"Budget": "Budget",
							"Year": "Year",
							"Created_Datetime": "Created_Datetime",
							"Updated_Datetime": "Updated_Datetime"
						}
					}
				},
				"inputs": [
					{
						"referenceName": "SQLLON04CompassStagingWeeklySalesBudget",
						"type": "DatasetReference"
					}
				],
				"outputs": [
					{
						"referenceName": "SQLDataWarehouse_sqllon04_weeklysalesbudget",
						"type": "DatasetReference"
					}
				]
			}
		],
		"folder": {
			"name": "SQL-LON-04"
		},
		"annotations": []
	},
	"type": "Microsoft.DataFactory/factories/pipelines"
}