{
	"name": "SQLLON04",
	"properties": {
		"activities": [
			{
				"name": "Start",
				"type": "Wait",
				"dependsOn": [],
				"userProperties": [],
				"typeProperties": {
					"waitTimeInSeconds": 1
				}
			},
			{
				"name": "SQLLON04Salesforce_for_Reporting",
				"type": "ExecutePipeline",
				"dependsOn": [
					{
						"activity": "SQLLON04CompassStaging",
						"dependencyConditions": [
							"Succeeded"
						]
					}
				],
				"userProperties": [],
				"typeProperties": {
					"pipeline": {
						"referenceName": "SQLLON04Salesforce_for_Reporting",
						"type": "PipelineReference"
					},
					"waitOnCompletion": true
				}
			},
			{
				"name": "SQLLON04CompassStaging",
				"type": "ExecutePipeline",
				"dependsOn": [
					{
						"activity": "sp_insert_sqllon04_backup",
						"dependencyConditions": [
							"Succeeded"
						]
					}
				],
				"userProperties": [],
				"typeProperties": {
					"pipeline": {
						"referenceName": "SQLLON04CompassStaging",
						"type": "PipelineReference"
					},
					"waitOnCompletion": true
				}
			},
			{
				"name": "sp_insert_sqllon04_backup",
				"type": "SqlServerStoredProcedure",
				"dependsOn": [
					{
						"activity": "Start",
						"dependencyConditions": [
							"Succeeded"
						]
					}
				],
				"policy": {
					"timeout": "7.00:00:00",
					"retry": 0,
					"retryIntervalInSeconds": 30,
					"secureOutput": false,
					"secureInput": false
				},
				"userProperties": [],
				"typeProperties": {
					"storedProcedureName": "[dbo].[sp_insert_sqllon04_backup]"
				},
				"linkedServiceName": {
					"referenceName": "SQLDataWarehouse",
					"type": "LinkedServiceReference"
				}
			}
		],
		"folder": {
			"name": "SQL-LON-04"
		},
		"annotations": []
	},
	"type": "Microsoft.DataFactory/factories/pipelines"
}