{
	"name": "SQLLON04CompassStagingAdHoc",
	"properties": {
		"activities": [
			{
				"name": "CopyCompassStagingReportSubscriptionStatusByMonthCorrec",
				"type": "Copy",
				"dependsOn": [],
				"policy": {
					"timeout": "7.00:00:00",
					"retry": 0,
					"retryIntervalInSeconds": 30,
					"secureOutput": false,
					"secureInput": false
				},
				"userProperties": [],
				"typeProperties": {
					"source": {
						"type": "SqlServerSource"
					},
					"sink": {
						"type": "SqlDWSink",
						"allowPolyBase": true,
						"writeBatchSize": 10000,
						"preCopyScript": "TRUNCATE TABLE [SQL-LON-04].Report_SubscriptionStatus_ByMonth_Correction;",
						"polyBaseSettings": {
							"rejectValue": 0,
							"rejectType": "value",
							"useTypeDefault": false
						}
					},
					"enableStaging": true,
					"stagingSettings": {
						"linkedServiceName": {
							"referenceName": "dataplatformstoragearea",
							"type": "LinkedServiceReference"
						},
						"enableCompression": true
					},
					"translator": {
						"type": "TabularTranslator",
						"columnMappings": {
							"rep_period": "rep_period",
							"Contact_ID": "Contact_ID",
							"Subscription_ID": "Subscription_ID",
							"Sub_Status": "Sub_Status",
							"Created_DateTime": "Created_DateTime",
							"Verified_Request_Date": "Verified_Request_Date",
							"Verified_Date": "Verified_Date",
							"Last_Modified_Date_Time": "Last_Modified_Date_Time",
							"Sub_Centre": "Sub_Centre",
							"Acquisition_Channel": "Acquisition_Channel",
							"Latest_Source": "Latest_Source",
							"firststatus": "firststatus",
							"laststatus": "laststatus",
							"adjusted_firststatus": "adjusted_firststatus",
							"adjusted_laststatus": "adjusted_laststatus",
							"adjusted_acqchan": "adjusted_acqchan"
						}
					}
				},
				"inputs": [
					{
						"referenceName": "SQLLON04Salesforce_for_ReportingReport_SubscriptionStatus_ByMonth_Correction",
						"type": "DatasetReference"
					}
				],
				"outputs": [
					{
						"referenceName": "SQLDataWarehouse_sqllon04_report_subscriptionstatus_bymonth_correction",
						"type": "DatasetReference"
					}
				]
			}
		],
		"folder": {
			"name": "SQL-LON-04"
		},
		"annotations": []
	},
	"type": "Microsoft.DataFactory/factories/pipelines"
}