{
	"name": "TESTConiqCustomersByDateUpload",
	"properties": {
		"activities": [
			{
				"name": "CopyCustomersByDate",
				"type": "Copy",
				"dependsOn": [],
				"policy": {
					"timeout": "7.00:00:00",
					"retry": 0,
					"retryIntervalInSeconds": 30,
					"secureOutput": false,
					"secureInput": false
				},
				"userProperties": [],
				"typeProperties": {
					"source": {
						"type": "BlobSource",
						"recursive": true
					},
					"sink": {
						"type": "SqlDWSink",
						"allowPolyBase": true,
						"writeBatchSize": 10000,
						"preCopyScript": "TRUNCATE TABLE staging.coniq_customer;",
						"polyBaseSettings": {
							"rejectValue": 0,
							"rejectType": "value",
							"useTypeDefault": false
						}
					},
					"enableStaging": true,
					"stagingSettings": {
						"linkedServiceName": {
							"referenceName": "dataplatformstoragearea",
							"type": "LinkedServiceReference"
						},
						"enableCompression": true
					},
					"enableSkipIncompatibleRow": false,
					"dataIntegrationUnits": 0,
					"translator": {
						"type": "TabularTranslator",
						"columnMappings": {
							"id": "id",
							"title": "title",
							"first_name": "first_name",
							"last_name": "last_name",
							"email": "email",
							"phone_country_code": "phone_country_code",
							"phone_number": "phone_number",
							"address1": "address1",
							"address2": "address2",
							"city": "city",
							"county": "county",
							"postcode": "postcode",
							"company": "company",
							"country": "country",
							"date_of_birth": "date_of_birth",
							"gender": "gender",
							"external_id": "external_id",
							"allow_email": "allow_email",
							"allow_phone": "allow_phone",
							"allow_post": "allow_post",
							"created_datetime_utc": "created_datetime_utc",
							"modified_datetime_utc": "modified_datetime_utc",
							"preferred_language": "preferred_language"
						}
					}
				},
				"inputs": [
					{
						"referenceName": "BlobStorageConiqCustomersByDate",
						"type": "DatasetReference",
						"parameters": {
							"request_name": {
								"value": "@pipeline().parameters.request_name",
								"type": "Expression"
							}
						}
					}
				],
				"outputs": [
					{
						"referenceName": "SQLDataWarehouse_staging_coniq_customer",
						"type": "DatasetReference"
					}
				]
			},
			{
				"name": "CopyCustomersByDateFailure",
				"type": "WebActivity",
				"dependsOn": [
					{
						"activity": "CopyCustomersByDate",
						"dependencyConditions": [
							"Failed"
						]
					}
				],
				"policy": {
					"timeout": "7.00:00:00",
					"retry": 0,
					"retryIntervalInSeconds": 30,
					"secureOutput": false,
					"secureInput": false
				},
				"userProperties": [],
				"typeProperties": {
					"url": "https://prod-17.northeurope.logic.azure.com:443/workflows/b5b00e5596e94affb317290e4964e4a4/triggers/manual/paths/invoke?api-version=2016-10-01&sp=%2Ftriggers%2Fmanual%2Frun&sv=1.0&sig=55j9tHX1WsutSx6HqYyFcX80ICAhwCoE06KuGGetqb8",
					"method": "POST",
					"headers": {
						"Content-Type": "application/json"
					},
					"body": {
						"activity": "CopyCustomersByDate",
						"message": "@{activity('CopyCustomersByDate').error.message}",
						"dataFactoryName": "@{pipeline().DataFactory}",
						"pipelineName": "@{pipeline().Pipeline}",
						"FailureNotificationRecipient": "@pipeline().parameters.FailureNotificationRecipient"
					}
				}
			},
			{
				"name": "sp_insert_coniq_customer",
				"type": "SqlServerStoredProcedure",
				"dependsOn": [
					{
						"activity": "CopyCustomersByDate",
						"dependencyConditions": [
							"Succeeded"
						]
					}
				],
				"policy": {
					"timeout": "7.00:00:00",
					"retry": 0,
					"retryIntervalInSeconds": 30,
					"secureOutput": false,
					"secureInput": false
				},
				"userProperties": [],
				"typeProperties": {
					"storedProcedureName": "[dbo].[sp_insert_coniq_customer]"
				},
				"linkedServiceName": {
					"referenceName": "SQLDataWarehouse",
					"type": "LinkedServiceReference"
				}
			},
			{
				"name": "sp_insert_coniq_customerFailure",
				"type": "WebActivity",
				"dependsOn": [
					{
						"activity": "sp_insert_coniq_customer",
						"dependencyConditions": [
							"Failed"
						]
					}
				],
				"policy": {
					"timeout": "7.00:00:00",
					"retry": 0,
					"retryIntervalInSeconds": 30,
					"secureOutput": false,
					"secureInput": false
				},
				"userProperties": [],
				"typeProperties": {
					"url": "https://prod-17.northeurope.logic.azure.com:443/workflows/b5b00e5596e94affb317290e4964e4a4/triggers/manual/paths/invoke?api-version=2016-10-01&sp=%2Ftriggers%2Fmanual%2Frun&sv=1.0&sig=55j9tHX1WsutSx6HqYyFcX80ICAhwCoE06KuGGetqb8",
					"method": "POST",
					"headers": {
						"Content-Type": "application/json"
					},
					"body": {
						"activity": "sp_insert_coniq_customer",
						"message": "@{activity('sp_insert_coniq_customer').error.message}",
						"dataFactoryName": "@{pipeline().DataFactory}",
						"pipelineName": "@{pipeline().Pipeline}",
						"FailureNotificationRecipient": "@pipeline().parameters.FailureNotificationRecipient"
					}
				}
			},
			{
				"name": "sp_update_coniq_customer",
				"type": "SqlServerStoredProcedure",
				"dependsOn": [
					{
						"activity": "sp_insert_coniq_customer",
						"dependencyConditions": [
							"Succeeded"
						]
					}
				],
				"policy": {
					"timeout": "7.00:00:00",
					"retry": 0,
					"retryIntervalInSeconds": 30,
					"secureOutput": false,
					"secureInput": false
				},
				"userProperties": [],
				"typeProperties": {
					"storedProcedureName": "[dbo].[sp_update_coniq_customer]"
				},
				"linkedServiceName": {
					"referenceName": "SQLDataWarehouse",
					"type": "LinkedServiceReference"
				}
			},
			{
				"name": "sp_update_coniq_customerFailure",
				"type": "WebActivity",
				"dependsOn": [
					{
						"activity": "sp_update_coniq_customer",
						"dependencyConditions": [
							"Failed"
						]
					}
				],
				"policy": {
					"timeout": "7.00:00:00",
					"retry": 0,
					"retryIntervalInSeconds": 30,
					"secureOutput": false,
					"secureInput": false
				},
				"userProperties": [],
				"typeProperties": {
					"url": "https://prod-17.northeurope.logic.azure.com:443/workflows/b5b00e5596e94affb317290e4964e4a4/triggers/manual/paths/invoke?api-version=2016-10-01&sp=%2Ftriggers%2Fmanual%2Frun&sv=1.0&sig=55j9tHX1WsutSx6HqYyFcX80ICAhwCoE06KuGGetqb8",
					"method": "POST",
					"headers": {
						"Content-Type": "application/json"
					},
					"body": {
						"activity": "sp_update_coniq_customer",
						"message": "@{activity('sp_update_coniq_customer').error.message}",
						"dataFactoryName": "@{pipeline().DataFactory}",
						"pipelineName": "@{pipeline().Pipeline}",
						"FailureNotificationRecipient": "@pipeline().parameters.FailureNotificationRecipient"
					}
				}
			}
		],
		"parameters": {
			"FailureNotificationRecipient": {
				"type": "String",
				"defaultValue": "data.platform@mcarthurglen.com"
			},
			"coniq_api_key": {
				"type": "String",
				"defaultValue": "ApiKey key=\"3a3d6812c3564b3e6d29d2adaa0a1a00257f9a75\""
			},
			"request_name": {
				"type": "String",
				"defaultValue": "customers"
			}
		},
		"folder": {
			"name": "Coniq"
		},
		"annotations": []
	},
	"type": "Microsoft.DataFactory/factories/pipelines"
}