{
	"name": "Yext Centres",
	"properties": {
		"activities": [
			{
				"name": "Yext Centres",
				"type": "Copy",
				"dependsOn": [],
				"policy": {
					"timeout": "7.00:00:00",
					"retry": 0,
					"retryIntervalInSeconds": 30,
					"secureOutput": false,
					"secureInput": false
				},
				"userProperties": [],
				"typeProperties": {
					"source": {
						"type": "BlobSource",
						"recursive": true
					},
					"sink": {
						"type": "SqlDWSink",
						"allowPolyBase": true,
						"writeBatchSize": 10000,
						"preCopyScript": "TRUNCATE TABLE staging.centre;",
						"polyBaseSettings": {
							"rejectValue": 0,
							"rejectType": "value",
							"useTypeDefault": true
						}
					},
					"enableStaging": true,
					"stagingSettings": {
						"linkedServiceName": {
							"referenceName": "dataplatformstoragearea",
							"type": "LinkedServiceReference"
						},
						"path": "adfstaging",
						"enableCompression": true
					},
					"dataIntegrationUnits": 0,
					"translator": {
						"type": "TabularTranslator",
						"columnMappings": {
							"address_city": "address_city",
							"address_line_1": "address_line_1",
							"address_line_2": "address_line_2",
							"address_postal_code": "address_postal_code",
							"address_region": "address_region",
							"address_sublocality": "address_sublocality",
							"centre_name": "centre_name",
							"competitor_names": "competitor_names",
							"competitor_website_urls": "competitor_website_urls",
							"entity_id": "entity_id",
							"facebook_name": "facebook_name",
							"facebook_page_url": "facebook_page_url",
							"hours_monday": "hours_monday",
							"hours_tuesday": "hours_tuesday",
							"hours_wednesday": "hours_wednesday",
							"hours_thursday": "hours_thursday",
							"hours_friday": "hours_friday",
							"hours_saturday": "hours_saturday",
							"hours_sunday": "hours_sunday",
							"instagram_handle": "instagram_handle",
							"iso_country_code": "iso_country_code",
							"iso_region_code": "iso_region_code",
							"language_page_options": "language_page_options",
							"last_modified": "last_modified",
							"latitude": "latitude",
							"longitude": "longitude",
							"services_available": "services_available",
							"timezone": "timezone",
							"twitter_handle": "twitter_handle",
							"website_url": "website_url",
							"yext_folder": "yext_folder",
							"yext_id": "yext_id",
							"yext_labels": "yext_labels"
						}
					}
				},
				"inputs": [
					{
						"referenceName": "BlobStorageYextCentres",
						"type": "DatasetReference"
					}
				],
				"outputs": [
					{
						"referenceName": "SQLDataWarehouse_staging_centres",
						"type": "DatasetReference"
					}
				]
			}
		],
		"folder": {
			"name": "Yext"
		},
		"annotations": []
	},
	"type": "Microsoft.DataFactory/factories/pipelines"
}