{
	"name": "DatabaseSizeInGB",
	"properties": {
		"annotations": [],
		"runtimeState": "Stopped",
		"pipelines": [
			{
				"pipelineReference": {
					"referenceName": "DatabaseSize",
					"type": "PipelineReference"
				},
				"parameters": {
					"NotificationRecipient": "data.platform@mcarthurglen.com"
				}
			}
		],
		"type": "ScheduleTrigger",
		"typeProperties": {
			"recurrence": {
				"frequency": "Week",
				"interval": 1,
				"startTime": "2019-02-14T12:03:00Z",
				"timeZone": "UTC",
				"schedule": {
					"minutes": [
						0
					],
					"hours": [
						7
					],
					"weekDays": [
						"Friday"
					]
				}
			}
		}
	}
}