{
	"name": "iAuditor_headers_item",
	"properties": {
		"annotations": [],
		"runtimeState": "Stopped",
		"pipelines": [
			{
				"pipelineReference": {
					"referenceName": "headers_items",
					"type": "PipelineReference"
				},
				"parameters": {
					"FilePath": "@triggerBody().folderPath",
					"FileName": "@triggerBody().fileName",
					"FailureNotificationRecipient": "data.platform@mcarthurglen.com"
				}
			}
		],
		"type": "BlobEventsTrigger",
		"typeProperties": {
			"blobPathBeginsWith": "/iauditor/blobs/",
			"blobPathEndsWith": ".json",
			"scope": "/subscriptions/1032c5d1-81f5-46a5-8859-9d71d07d984f/resourceGroups/data-platform/providers/Microsoft.Storage/storageAccounts/dataplatformstoragearea",
			"events": [
				"Microsoft.Storage.BlobCreated"
			]
		}
	}
}