{
	"name": "Investment Projects Key Indicators",
	"properties": {
		"annotations": [],
		"runtimeState": "Started",
		"pipelines": [
			{
				"pipelineReference": {
					"referenceName": "Investment Projects Key Indicators",
					"type": "PipelineReference"
				},
				"parameters": {
					"FilePath": "@triggerBody().folderPath",
					"FileName": "@triggerBody().fileName",
					"FailureNotificationRecipient": "data.platform@mcarthurglen.com\n"
				}
			}
		],
		"type": "BlobEventsTrigger",
		"typeProperties": {
			"blobPathBeginsWith": "/uploads/blobs/Investment Projects Key Indicators.csv",
			"scope": "/subscriptions/1032c5d1-81f5-46a5-8859-9d71d07d984f/resourceGroups/data-platform/providers/Microsoft.Storage/storageAccounts/dataplatformstoragearea",
			"events": [
				"Microsoft.Storage.BlobCreated"
			]
		}
	}
}