{
	"name": "SalesforceMarketingCloudCampaign",
	"properties": {
		"annotations": [],
		"runtimeState": "Stopped",
		"pipelines": [
			{
				"pipelineReference": {
					"referenceName": "SalesforceMarketingCloudCampaign",
					"type": "PipelineReference"
				}
			}
		],
		"type": "ScheduleTrigger",
		"typeProperties": {
			"recurrence": {
				"frequency": "Day",
				"interval": 1,
				"startTime": "2019-01-11T10:22:00Z",
				"timeZone": "UTC",
				"schedule": {
					"minutes": [
						5
					],
					"hours": [
						0
					]
				}
			}
		}
	}
}