{
	"name": "SalesforceMarketingCloudSFTPUpload",
	"properties": {
		"annotations": [],
		"runtimeState": "Started",
		"pipelines": [
			{
				"pipelineReference": {
					"referenceName": "SalesforceMarketingCloudLastOpenSFTPUpload",
					"type": "PipelineReference"
				},
				"parameters": {
					"FailureNotificationRecipient": "data.platform@mcarthurglen.com"
				}
			}
		],
		"type": "ScheduleTrigger",
		"typeProperties": {
			"recurrence": {
				"frequency": "Day",
				"interval": 1,
				"startTime": "2019-10-22T12:10:00Z",
				"timeZone": "UTC",
				"schedule": {
					"minutes": [
						0
					],
					"hours": [
						8
					]
				}
			}
		}
	}
}