{
	"name": "Uploads - mastercard_summ_out",
	"properties": {
		"annotations": [],
		"runtimeState": "Started",
		"pipelines": [
			{
				"pipelineReference": {
					"referenceName": "MastercarSummOut",
					"type": "PipelineReference"
				},
				"parameters": {
					"FailureNotificationRecipient": "data.platform@mcarthurglen.com"
				}
			}
		],
		"type": "BlobEventsTrigger",
		"typeProperties": {
			"blobPathBeginsWith": "/uploads/blobs/mastercard_summ_out.csv",
			"scope": "/subscriptions/1032c5d1-81f5-46a5-8859-9d71d07d984f/resourceGroups/data-platform/providers/Microsoft.Storage/storageAccounts/dataplatformstoragearea",
			"events": [
				"Microsoft.Storage.BlobCreated"
			]
		}
	}
}